encounter_id,patient_id,encounter_date,diagnosis_code,diagnosis_desc,medication,lab_name,lab_value
c8f13e65-5daa-4de3-bcb4-78ee0014f7ae,69b9b9e5-2fdd-4dd7-a283-ca9baeda9db7,2018-07-13,R51,Headache,sertraline,Cholesterol,105.84
7cf031d3-16af-4ea2-a8da-54fa356dfe99,69b9b9e5-2fdd-4dd7-a283-ca9baeda9db7,2018-10-29,I10,Essential (primary) hypertension,sertraline,Cholesterol,177.77
ae0f16cb-10fd-4eb6-afa1-22a326e83f0d,fc2f358a-4db2-4775-a22c-6cd82b0e26a0,2023-05-29,J45,Asthma,atorvastatin,HbA1c,9.98
d18a8985-a792-4c80-bc4a-27c192d6badf,fc2f358a-4db2-4775-a22c-6cd82b0e26a0,2016-09-30,M54,Back pain,lisinopril,Creatinine,0.92
6f28d2e6-9424-4930-a835-f846552d43d4,31411c26-399f-4077-93aa-90d29d365042,2024-06-08,J45,Asthma,atorvastatin,Cholesterol,205.54
7c52c17d-4f62-4436-b9cc-25ddaa533ef3,31411c26-399f-4077-93aa-90d29d365042,2018-07-19,J45,Asthma,ibuprofen,Cholesterol,222.26
abfa41b4-7bb1-4d81-aa9d-4785e7daebe1,31411c26-399f-4077-93aa-90d29d365042,2019-02-17,E11,Type 2 diabetes mellitus,albuterol,Creatinine,1.75
451017b6-357e-4031-91e4-2576088d8966,31411c26-399f-4077-93aa-90d29d365042,2018-10-16,I10,Essential (primary) hypertension,atorvastatin,Creatinine,1.87
38c9db69-d5df-423a-901b-2067be2c84fc,df3f1a11-46d4-4cbb-b4b3-a058d2ba560b,2024-10-05,R51,Headache,lisinopril,Creatinine,0.59
c808df00-2986-4d35-ac7f-d75dacc56fd7,df3f1a11-46d4-4cbb-b4b3-a058d2ba560b,2022-04-16,E11,Type 2 diabetes mellitus,lisinopril,Creatinine,1.51
e1f8e854-4472-464f-b282-d0d8800aa673,df3f1a11-46d4-4cbb-b4b3-a058d2ba560b,2019-12-26,F32,Major depressive disorder,sertraline,WBC,8.17
51bcc69c-74f5-4d8d-8286-833b36373cad,df3f1a11-46d4-4cbb-b4b3-a058d2ba560b,2020-12-20,I10,Essential (primary) hypertension,sertraline,WBC,7.99
e6499d83-8926-49d0-9962-7b1d951108d2,df3f1a11-46d4-4cbb-b4b3-a058d2ba560b,2020-03-22,J45,Asthma,lisinopril,WBC,5.83
cd83be0b-2a56-425f-85a3-145d19117abb,40c48458-9799-4e66-98f5-c3f72a0bb46f,2018-10-07,E11,Type 2 diabetes mellitus,albuterol,HbA1c,9.1
3cd1b5df-43b8-43f3-b384-b35be9a530ed,40c48458-9799-4e66-98f5-c3f72a0bb46f,2023-07-11,F32,Major depressive disorder,ibuprofen,Cholesterol,181.83
b220fdfc-9dc2-42f5-aa08-caac7cd85f40,40c48458-9799-4e66-98f5-c3f72a0bb46f,2020-03-13,F32,Major depressive disorder,atorvastatin,Cholesterol,197.74
8dcc4bf6-6673-4d03-a862-52fb52c74c54,40c48458-9799-4e66-98f5-c3f72a0bb46f,2024-10-14,M54,Back pain,metformin,WBC,5.63
2a5ad24d-0dbd-4deb-813f-790653db173a,e2120cc3-3e58-4fc8-80b4-9f390e28b087,2023-03-12,M54,Back pain,albuterol,WBC,10.03
ccddd463-90bd-42d2-99cf-4028254d7ea9,e2120cc3-3e58-4fc8-80b4-9f390e28b087,2019-05-16,R51,Headache,sertraline,HbA1c,9.94
132a6efc-1c9c-4dfe-ace3-705f1706898a,e2120cc3-3e58-4fc8-80b4-9f390e28b087,2022-09-16,M54,Back pain,albuterol,HbA1c,11.72
5ef81ebf-3495-43cd-950b-7cdfecde40ba,3d9cd297-dfcf-4c2a-a7e9-3cf090ca1863,2019-08-03,I10,Essential (primary) hypertension,sertraline,HbA1c,11.49
e7961d9b-e63f-4143-86ed-add824245c0d,3d9cd297-dfcf-4c2a-a7e9-3cf090ca1863,2018-05-20,I10,Essential (primary) hypertension,albuterol,HbA1c,8.77
2d7a17dd-b14b-4075-b106-1fdd56d32cb5,3d9cd297-dfcf-4c2a-a7e9-3cf090ca1863,2021-10-21,E11,Type 2 diabetes mellitus,sertraline,HbA1c,11.87
7b961905-4533-4423-acf7-116b6fc5973a,3d9cd297-dfcf-4c2a-a7e9-3cf090ca1863,2023-01-21,I10,Essential (primary) hypertension,atorvastatin,Creatinine,1.78
37be5f68-ffd7-49d2-948d-e6abffe7010f,1fbb53ed-b54f-4b88-85a4-41abda7a597f,2018-08-14,F32,Major depressive disorder,lisinopril,WBC,10.06
0273db46-d5af-4f71-ad2e-901f71e7798a,1fbb53ed-b54f-4b88-85a4-41abda7a597f,2016-08-03,I10,Essential (primary) hypertension,metformin,Creatinine,1.25
0d7bb218-b29a-43b0-bd7f-543743b5ca11,1fbb53ed-b54f-4b88-85a4-41abda7a597f,2019-01-08,M54,Back pain,lisinopril,Creatinine,1.97
553dd1b2-33ab-4aef-9874-2d4758492baa,1fbb53ed-b54f-4b88-85a4-41abda7a597f,2022-06-07,J45,Asthma,ibuprofen,Creatinine,1.92
229e876d-7496-4149-a3f3-af9dd2bcf5d6,1fbb53ed-b54f-4b88-85a4-41abda7a597f,2019-12-11,R51,Headache,metformin,WBC,11.66
775c8c18-d66e-4458-bdf3-2e33c790a7b8,540e0389-bb77-4903-958c-312bba2d9dfa,2025-01-18,J45,Asthma,atorvastatin,WBC,9.31
e86cb063-d6e7-4414-a98b-fcebf58c114b,540e0389-bb77-4903-958c-312bba2d9dfa,2024-03-23,I10,Essential (primary) hypertension,lisinopril,Creatinine,1.73
60287cc2-f95a-4814-93cc-e71e13799147,540e0389-bb77-4903-958c-312bba2d9dfa,2017-03-05,R51,Headache,sertraline,Cholesterol,128.43
6d1df739-e68c-4208-b6fb-32a305abc056,540e0389-bb77-4903-958c-312bba2d9dfa,2018-08-15,J45,Asthma,atorvastatin,Cholesterol,175.03
0bdc9240-7fd0-4a1a-bdde-c6771b54535b,045e88f1-e8ba-4ac4-ba9e-e67e77673571,2018-08-10,E11,Type 2 diabetes mellitus,sertraline,Creatinine,1.51
dedd90b5-36f3-41fe-bf58-2ced6280386c,2ec7cdeb-848a-4539-b57b-be339501f233,2020-08-12,F32,Major depressive disorder,albuterol,HbA1c,12.75
b156303f-f1c8-44b9-b719-5ed5954c9312,2ec7cdeb-848a-4539-b57b-be339501f233,2016-03-19,R51,Headache,metformin,Cholesterol,226.97
6497c522-c8a3-487a-a556-13c4f8395611,2ec7cdeb-848a-4539-b57b-be339501f233,2017-11-22,J45,Asthma,metformin,Cholesterol,143.57
d8527c2b-08fc-4466-94df-881d1f555242,1f846dff-50ea-45c0-9636-930b403d22eb,2016-06-18,I10,Essential (primary) hypertension,sertraline,Creatinine,0.92
becba975-bfed-4c61-9d3d-5fcd79a80bbe,1f846dff-50ea-45c0-9636-930b403d22eb,2022-07-14,J45,Asthma,ibuprofen,WBC,8.1
33e89a2e-e09f-4476-9758-edf9a7b14026,1f846dff-50ea-45c0-9636-930b403d22eb,2020-04-09,J45,Asthma,atorvastatin,HbA1c,4.94
1b0b5153-e193-436f-ba54-a2b522d7468e,1f846dff-50ea-45c0-9636-930b403d22eb,2018-09-10,F32,Major depressive disorder,metformin,HbA1c,13.33
2514a1c7-1206-4403-8d5f-b6c567ef76c8,fa391357-84f1-43db-a43d-94e70dc76eaa,2020-10-06,F32,Major depressive disorder,metformin,Cholesterol,140.46
ef88a4f9-e1cf-4dd2-8d09-8512432e08a5,fa391357-84f1-43db-a43d-94e70dc76eaa,2017-12-28,I10,Essential (primary) hypertension,atorvastatin,Creatinine,0.65
90c839fe-e8bd-4efe-ae96-282119300f6a,a2455806-ce69-43b3-8e57-4768b45dc81a,2024-08-31,R51,Headache,albuterol,Creatinine,0.53
7b8a4e18-3644-4a13-b0e6-3c82b0776a95,a2455806-ce69-43b3-8e57-4768b45dc81a,2018-04-06,R51,Headache,lisinopril,HbA1c,8.27
f56c01f0-00f1-442d-96eb-02dc52a2596d,a2455806-ce69-43b3-8e57-4768b45dc81a,2022-04-15,R51,Headache,atorvastatin,WBC,6.86
ece0c2ad-9c5e-46df-805b-2e929561b07f,25fefde2-fbf2-4827-b4d8-1deae26442dd,2017-10-27,E11,Type 2 diabetes mellitus,metformin,WBC,7.29
35f79fcd-464c-4c82-9b30-5833c9f4fb95,40e03248-2e36-40b4-8e51-2b878f95e825,2019-01-21,I10,Essential (primary) hypertension,ibuprofen,Cholesterol,101.86
1959c37b-d9df-4deb-bc46-65d3a7e449ca,40e03248-2e36-40b4-8e51-2b878f95e825,2017-11-29,J45,Asthma,metformin,Cholesterol,238.81
7abc1149-7029-46b3-b9fb-640e7a837795,5496e9cf-3d65-4ac4-9dfb-364708011bb6,2024-12-01,I10,Essential (primary) hypertension,sertraline,HbA1c,11.44
f53ee3b5-047f-43cc-a713-6eb7ebdc363b,5496e9cf-3d65-4ac4-9dfb-364708011bb6,2024-07-25,E11,Type 2 diabetes mellitus,albuterol,Creatinine,1.81
efc6d2a8-132d-43b4-be6b-d0d50ec0383e,5496e9cf-3d65-4ac4-9dfb-364708011bb6,2024-03-05,F32,Major depressive disorder,lisinopril,WBC,3.62
b604055d-5ff8-41d8-94b4-279c9a6dcd16,5496e9cf-3d65-4ac4-9dfb-364708011bb6,2019-05-25,E11,Type 2 diabetes mellitus,ibuprofen,WBC,6.96
fc55294a-201e-4f41-8749-ac871f00d74f,273bdb26-28de-461b-a56f-b5eef4865cb8,2018-09-02,R51,Headache,lisinopril,Cholesterol,223.22
0f601c52-57ec-4a20-8b16-bcca20b4a246,273bdb26-28de-461b-a56f-b5eef4865cb8,2020-10-01,I10,Essential (primary) hypertension,metformin,HbA1c,5.83
2d60bc14-1485-4ee3-9e19-4d64db5c3100,0540758c-f043-42ab-af2b-74b5a9d91d53,2019-02-07,R51,Headache,sertraline,Creatinine,1.94
a4d4b4b3-612b-4e52-830a-28377b735550,03196f86-c03d-44b4-94f2-1451c0838bac,2016-11-03,I10,Essential (primary) hypertension,lisinopril,Creatinine,1.43
8ca271db-de79-43b6-b47a-bf185738c0d1,03196f86-c03d-44b4-94f2-1451c0838bac,2022-12-06,M54,Back pain,ibuprofen,Creatinine,1.65
4760fc6f-29c4-404c-8957-47cc51ce843d,03196f86-c03d-44b4-94f2-1451c0838bac,2017-12-20,E11,Type 2 diabetes mellitus,atorvastatin,Creatinine,0.73
868fb22e-efa5-4f9b-b6df-8463428fed04,f0c26fc4-6149-40ff-b2b6-d3aedc76a614,2019-12-31,I10,Essential (primary) hypertension,atorvastatin,Cholesterol,159.11
2a7f15e0-e49c-4d82-84ae-88f0545c5b3c,f0c26fc4-6149-40ff-b2b6-d3aedc76a614,2025-02-06,I10,Essential (primary) hypertension,sertraline,Cholesterol,122.55
15dd5cd8-6188-4daa-a515-b19c17166b51,f0c26fc4-6149-40ff-b2b6-d3aedc76a614,2020-02-10,R51,Headache,ibuprofen,HbA1c,9.52
de57f202-74fe-499e-89d4-5ed475f0d6eb,f0c26fc4-6149-40ff-b2b6-d3aedc76a614,2025-07-30,J45,Asthma,albuterol,WBC,6.48
97da09e5-0f3e-495b-a242-b5aa138da102,f0c26fc4-6149-40ff-b2b6-d3aedc76a614,2016-04-21,M54,Back pain,sertraline,Creatinine,1.27
05635662-3be3-43b6-9341-46ac62f70363,146d7767-fdac-4993-a040-62ad5ec4db77,2017-02-27,F32,Major depressive disorder,metformin,HbA1c,10.08
096eaa0b-2619-4cc0-b561-e2cc1777febc,146d7767-fdac-4993-a040-62ad5ec4db77,2025-07-23,J45,Asthma,lisinopril,HbA1c,13.26
340d3597-6142-49f1-b362-aa82d7928d47,d04ef69f-56e7-406e-8634-44a43be67991,2020-01-12,J45,Asthma,atorvastatin,Cholesterol,184.72
afe2f27a-7516-4c64-a44f-a8164a743edc,d04ef69f-56e7-406e-8634-44a43be67991,2021-03-15,E11,Type 2 diabetes mellitus,atorvastatin,WBC,5.5
d8442ed3-77b4-455b-82c8-00706ca8d8f3,d04ef69f-56e7-406e-8634-44a43be67991,2022-03-28,E11,Type 2 diabetes mellitus,ibuprofen,WBC,11.77
5dfca843-247a-4430-869c-9cab80c77bba,d04ef69f-56e7-406e-8634-44a43be67991,2023-12-21,M54,Back pain,albuterol,Cholesterol,217.29
7779abe8-b62a-401d-94cf-50e569ee3001,428dd03c-c09b-4d0c-984a-5fa744b0feaa,2022-03-27,R51,Headache,sertraline,WBC,3.52
db2eb014-b4bb-4766-99bf-8eac87f0025c,50a71a24-bf3d-4138-9a3b-66cb5be67ac9,2020-11-03,E11,Type 2 diabetes mellitus,sertraline,HbA1c,7.44
f686af9d-d15f-4fa6-9764-1df63a1cd74e,603e0ae0-bc50-4c3e-a9b3-fca5e28b3068,2024-05-16,E11,Type 2 diabetes mellitus,atorvastatin,WBC,9.31
a7bcb172-f960-4307-87d0-62c397fa9f13,603e0ae0-bc50-4c3e-a9b3-fca5e28b3068,2023-11-16,F32,Major depressive disorder,albuterol,Creatinine,0.67
a2d212f4-410b-49a5-a419-e74805b7fd4f,58dc6a88-a0b6-4ce1-8450-2be7bdecd8cd,2017-04-21,J45,Asthma,atorvastatin,HbA1c,11.83
29428309-595d-4d6d-8022-dfc45b6d01ec,58dc6a88-a0b6-4ce1-8450-2be7bdecd8cd,2025-05-20,J45,Asthma,sertraline,Creatinine,1.24
33120482-24ab-4159-bfd0-b0efaf158bb5,7a2e0a10-d09e-4df7-9e5b-1153d3f04e98,2017-09-22,M54,Back pain,atorvastatin,HbA1c,9.21
372e1511-07c7-4b52-ba5c-0465e6aed0ab,7a2e0a10-d09e-4df7-9e5b-1153d3f04e98,2019-12-26,J45,Asthma,metformin,Cholesterol,271.87
ce6201bc-7b0b-4de2-ba7f-ce7294739629,7a2e0a10-d09e-4df7-9e5b-1153d3f04e98,2023-11-04,J45,Asthma,lisinopril,Creatinine,1.64
395605d2-da16-4aa4-a8ee-fd6bd99dbcb9,092e995d-dda8-40db-9206-484e81ef0239,2018-02-25,R51,Headache,metformin,WBC,9.67
68a952d8-e51d-4414-a48e-4c36967e87d3,092e995d-dda8-40db-9206-484e81ef0239,2025-09-07,E11,Type 2 diabetes mellitus,metformin,WBC,3.41
e0c93952-366e-42f9-b721-48de7b476a5d,092e995d-dda8-40db-9206-484e81ef0239,2021-08-19,F32,Major depressive disorder,lisinopril,WBC,11.38
7dbc4f16-0f36-47ff-82c9-4e6592280545,092e995d-dda8-40db-9206-484e81ef0239,2016-02-05,E11,Type 2 diabetes mellitus,ibuprofen,Cholesterol,144.9
c92d3bb0-737a-4e43-9bc5-310fb1c3aec5,092e995d-dda8-40db-9206-484e81ef0239,2022-12-06,F32,Major depressive disorder,atorvastatin,Creatinine,0.83
7a356d97-6fad-40ed-8e4c-6c1d667fb469,c09963b1-c0c6-46cf-a7b2-a60555f7f15a,2019-04-21,J45,Asthma,metformin,HbA1c,6.2
8d2d5ef2-b810-4136-a65e-915cce9f4f42,93efe8a5-6478-43dd-84e2-5d4919aac7c7,2025-03-13,F32,Major depressive disorder,metformin,Cholesterol,273.21
20142950-8c0c-485d-8f34-16badf7e3157,93efe8a5-6478-43dd-84e2-5d4919aac7c7,2017-01-14,J45,Asthma,albuterol,HbA1c,9.75
ba9d52a1-213d-435e-a248-58d0efbb8b9b,93efe8a5-6478-43dd-84e2-5d4919aac7c7,2025-08-16,J45,Asthma,lisinopril,Creatinine,1.3
5f9ea7c6-d29f-49b6-9a60-fb8bc7b8a5b2,93efe8a5-6478-43dd-84e2-5d4919aac7c7,2022-04-22,R51,Headache,ibuprofen,WBC,7.18
978011ef-2f76-4143-82c3-9c5c07df0d2a,93efe8a5-6478-43dd-84e2-5d4919aac7c7,2019-01-29,F32,Major depressive disorder,lisinopril,WBC,4.36
66beee0c-0115-4510-b7d5-ea3f8e524063,266cb0b5-f73b-49c7-aba7-6d62aab4b0df,2025-06-12,I10,Essential (primary) hypertension,ibuprofen,Creatinine,1.42
ffc5b340-2f33-462a-bc75-25de104ffeb6,266cb0b5-f73b-49c7-aba7-6d62aab4b0df,2017-12-08,E11,Type 2 diabetes mellitus,albuterol,HbA1c,11.71
f2121bf5-1b10-48ae-a9a6-9516e523a76f,266cb0b5-f73b-49c7-aba7-6d62aab4b0df,2021-06-29,R51,Headache,atorvastatin,Creatinine,0.57
f0500a29-8d60-46b3-bd5e-dc883b5d1b7f,266cb0b5-f73b-49c7-aba7-6d62aab4b0df,2019-10-09,I10,Essential (primary) hypertension,sertraline,Cholesterol,292.24
da0192e3-1ac0-4c3f-974a-1f90ed5d56c6,41237a00-e8b0-4ee3-8e9a-2a9041b8c417,2017-09-25,J45,Asthma,metformin,HbA1c,13.25
2d14f594-888c-43ea-bf53-dec4c66c594f,41237a00-e8b0-4ee3-8e9a-2a9041b8c417,2016-03-25,M54,Back pain,sertraline,Creatinine,1.13
a9f9bf37-373a-43df-86b0-a0ec77c1335d,280b92f6-e013-4032-ac4f-7704906df760,2019-03-15,E11,Type 2 diabetes mellitus,ibuprofen,WBC,8.73
988f7a52-a496-40ef-af87-f52a2c1764a0,f5e3a724-a120-4b5c-af5b-e269c4034b8e,2024-11-15,M54,Back pain,ibuprofen,HbA1c,8.63
af6b7187-4323-434d-aa92-ac8483921681,f5e3a724-a120-4b5c-af5b-e269c4034b8e,2024-03-31,I10,Essential (primary) hypertension,albuterol,Creatinine,1.76
bd13fb23-0e2e-497e-b5d5-2cb89f0f96de,f5e3a724-a120-4b5c-af5b-e269c4034b8e,2016-09-24,F32,Major depressive disorder,atorvastatin,Creatinine,0.91
c22b2e42-d930-4dec-834f-c4d143c086f7,f5e3a724-a120-4b5c-af5b-e269c4034b8e,2022-08-31,I10,Essential (primary) hypertension,metformin,WBC,4.23
e31b9a25-101c-4cca-bd5e-3b0a375a8040,87cb0757-9e97-4169-a7c5-29536f9a27f7,2024-06-28,I10,Essential (primary) hypertension,metformin,WBC,7.05
997f257b-df71-4d8d-aef5-590fd75edc1b,87cb0757-9e97-4169-a7c5-29536f9a27f7,2022-03-11,F32,Major depressive disorder,metformin,Creatinine,1.94
ebe3fee3-c287-4b00-a5e5-3c53e2bb1089,87cb0757-9e97-4169-a7c5-29536f9a27f7,2023-05-21,F32,Major depressive disorder,albuterol,Cholesterol,153.0
e932d31d-4fee-43e6-800e-b56adfec8e44,87cb0757-9e97-4169-a7c5-29536f9a27f7,2024-05-14,E11,Type 2 diabetes mellitus,lisinopril,Creatinine,1.72
ddf57fa6-2126-4350-be87-b0cca43f9e17,87cb0757-9e97-4169-a7c5-29536f9a27f7,2017-11-24,M54,Back pain,metformin,WBC,10.52
89fec98d-3385-4376-8817-b4fad153954f,cadbf10e-3358-452f-9ebe-d88d8a975331,2024-01-19,E11,Type 2 diabetes mellitus,atorvastatin,WBC,11.72
7d30af2e-193b-4a77-a7ae-ca66ec5817bd,cadbf10e-3358-452f-9ebe-d88d8a975331,2021-04-08,M54,Back pain,metformin,Creatinine,0.82
f700f3db-c64c-4521-bcf5-8f005c933e1d,cadbf10e-3358-452f-9ebe-d88d8a975331,2023-10-06,E11,Type 2 diabetes mellitus,sertraline,Cholesterol,211.19
df588ed5-3681-4887-b913-dc023ee0bcd9,b83e267a-0ee6-4152-ad64-2a7a71fa4fc4,2022-11-29,E11,Type 2 diabetes mellitus,sertraline,HbA1c,12.14
334215da-2f72-4af4-95cd-06f958bfaccf,b83e267a-0ee6-4152-ad64-2a7a71fa4fc4,2024-02-23,E11,Type 2 diabetes mellitus,metformin,HbA1c,12.39
8ac2d178-8c2f-493a-bd59-36d181d761aa,b83e267a-0ee6-4152-ad64-2a7a71fa4fc4,2023-03-22,I10,Essential (primary) hypertension,lisinopril,Cholesterol,174.45
0209c932-7d52-46b6-94d8-79fe93b7223a,b83e267a-0ee6-4152-ad64-2a7a71fa4fc4,2018-08-24,R51,Headache,metformin,Creatinine,1.87
04e59603-a760-4ff7-b9ec-f60901232a05,b83e267a-0ee6-4152-ad64-2a7a71fa4fc4,2024-11-14,E11,Type 2 diabetes mellitus,metformin,WBC,11.12
7fe77d8e-e47b-43cc-909b-1e3ff9c3c9ac,f47a83d8-56a1-42bd-a664-ca4dd123af4b,2016-08-21,I10,Essential (primary) hypertension,metformin,Creatinine,0.6
5bdd90b4-5373-45db-a2e2-86f338315ab8,f47a83d8-56a1-42bd-a664-ca4dd123af4b,2020-07-17,E11,Type 2 diabetes mellitus,lisinopril,Cholesterol,264.34
994d3e8c-1dbe-4047-ad21-fd698ed5fccc,f47a83d8-56a1-42bd-a664-ca4dd123af4b,2021-04-14,F32,Major depressive disorder,metformin,Cholesterol,236.64
669a7c15-da00-4900-9aea-35f4c6305f14,f47a83d8-56a1-42bd-a664-ca4dd123af4b,2023-10-11,J45,Asthma,lisinopril,WBC,5.47
2573c5a6-65e4-49d1-a4c8-96ce5079b111,a2f68fb5-3ade-46cd-b773-4ab58527829d,2015-10-22,I10,Essential (primary) hypertension,metformin,WBC,8.83
8900d2e8-94e8-46fe-89e7-5aac2c038d96,a2f68fb5-3ade-46cd-b773-4ab58527829d,2020-02-13,F32,Major depressive disorder,ibuprofen,Cholesterol,112.2
cede90b4-dcb0-49ed-a5e4-73c22ced776f,a2f68fb5-3ade-46cd-b773-4ab58527829d,2022-07-30,F32,Major depressive disorder,lisinopril,Cholesterol,139.89
c0182440-8382-4d64-a819-55237b54c970,a2f68fb5-3ade-46cd-b773-4ab58527829d,2015-10-17,M54,Back pain,lisinopril,HbA1c,13.9
fe5318d3-ddc1-4fce-bec0-46190b49268a,f08953a1-6411-4ad3-affa-6ed427018c52,2020-05-02,M54,Back pain,sertraline,Creatinine,1.86
4655ffc0-cf3e-4acc-8836-1ef4529987af,f08953a1-6411-4ad3-affa-6ed427018c52,2020-01-30,J45,Asthma,sertraline,Creatinine,0.69
a0e3488f-b13f-4e25-af91-7c6ee5ec191c,f08953a1-6411-4ad3-affa-6ed427018c52,2022-02-19,M54,Back pain,lisinopril,HbA1c,13.01
2caf0ea9-c257-4ff2-8100-34977eb27a43,5a25ffbd-1513-4a63-839b-b2f5572c20ad,2025-01-21,F32,Major depressive disorder,ibuprofen,Creatinine,1.63
1d50eee6-abb9-4acf-a8f9-f70d6aabec80,5a25ffbd-1513-4a63-839b-b2f5572c20ad,2023-02-07,I10,Essential (primary) hypertension,metformin,WBC,8.91
b01850f4-f119-47f2-99b7-562c713d4955,5a25ffbd-1513-4a63-839b-b2f5572c20ad,2022-09-22,M54,Back pain,atorvastatin,HbA1c,11.76
24eacb0f-320d-4bde-8214-c83f09015680,f6174d8d-3471-49ae-af56-3fc4a219257a,2019-04-04,F32,Major depressive disorder,albuterol,WBC,4.58
82c2bd43-f4be-4fe0-a18e-c57fce055c5b,f6174d8d-3471-49ae-af56-3fc4a219257a,2019-01-26,J45,Asthma,atorvastatin,Creatinine,1.86
b9b08ea9-289d-433c-b722-acf9ac766ef5,10d70e63-451b-4f26-8523-7d79079b7ba9,2017-10-28,R51,Headache,albuterol,WBC,8.07
666ca6b0-65f4-494f-939d-c97aa2298b39,e2091d30-ef65-4f24-8922-a313c9abd1ad,2016-04-30,F32,Major depressive disorder,ibuprofen,Creatinine,0.68
99166b52-7b25-4bad-bad6-e7170346e21b,e2091d30-ef65-4f24-8922-a313c9abd1ad,2025-04-15,E11,Type 2 diabetes mellitus,metformin,WBC,8.41
72df1451-2d28-4e86-8ee1-0f60fc5a8b53,e4b59fd1-6f4c-4314-9f2d-055942e522e4,2019-10-23,F32,Major depressive disorder,metformin,Creatinine,1.87
80db860a-b5f6-4cbd-8724-90d15b14fd8e,98b6c2d3-3b3e-4db9-9be4-0f61435b2d73,2016-09-01,I10,Essential (primary) hypertension,albuterol,WBC,11.27
8884446c-5d56-4346-8f6d-f9801c9ed48d,98b6c2d3-3b3e-4db9-9be4-0f61435b2d73,2016-03-30,J45,Asthma,metformin,HbA1c,5.9
8cd66a9d-92cc-47e7-a6cb-c903e16bd34a,a709a531-fc1b-4339-aad4-3c6e87d4d8ba,2017-01-11,E11,Type 2 diabetes mellitus,ibuprofen,Creatinine,1.94
1da4ac71-ce03-49d2-b85e-3a2a355dc21e,a709a531-fc1b-4339-aad4-3c6e87d4d8ba,2021-07-10,R51,Headache,atorvastatin,Cholesterol,217.2
67e89e19-0b5f-42ad-892e-6244c41e041c,5e1584c3-c9ea-41f7-8f80-1583f54e5116,2022-04-30,J45,Asthma,lisinopril,WBC,9.59
35cc4784-8219-4abc-bd25-fc7b45d6a982,5e1584c3-c9ea-41f7-8f80-1583f54e5116,2020-10-24,R51,Headache,sertraline,Creatinine,0.68
3fb3adc6-cae9-4ecb-9ab5-a48b8bbfbe27,5e1584c3-c9ea-41f7-8f80-1583f54e5116,2019-05-31,R51,Headache,ibuprofen,Creatinine,0.76
0fceb858-f0cf-4b72-b923-8e512db01077,9442d528-12c2-430e-ac8f-80679b7eccfe,2016-07-30,I10,Essential (primary) hypertension,sertraline,Creatinine,1.57
2bc9ac35-d0e7-45c2-8fce-ca61b028ff81,9442d528-12c2-430e-ac8f-80679b7eccfe,2022-05-30,I10,Essential (primary) hypertension,lisinopril,HbA1c,13.51
ba24d73c-806f-4f11-8b34-b97699e21e26,9442d528-12c2-430e-ac8f-80679b7eccfe,2019-04-16,F32,Major depressive disorder,ibuprofen,HbA1c,6.23
d2bc06c6-7a20-4919-b627-6a9f6cd6d719,9442d528-12c2-430e-ac8f-80679b7eccfe,2022-02-22,M54,Back pain,lisinopril,HbA1c,13.4
b33e252f-ef6e-493b-a192-c85e20a400d5,9442d528-12c2-430e-ac8f-80679b7eccfe,2024-02-19,J45,Asthma,atorvastatin,HbA1c,6.76
9b94eaf4-e0b6-4845-a307-04bede161d92,cd684547-6953-4d00-bfe1-131364aaf610,2023-10-31,R51,Headache,metformin,Creatinine,1.11
21a1e80f-1d70-4c3e-8b66-f0c55e2a726d,cd684547-6953-4d00-bfe1-131364aaf610,2022-09-27,I10,Essential (primary) hypertension,lisinopril,HbA1c,7.83
5ef901e8-f1c4-4b3e-95e7-14f76774d791,cd684547-6953-4d00-bfe1-131364aaf610,2016-11-20,E11,Type 2 diabetes mellitus,atorvastatin,HbA1c,4.96
1919dc5f-267b-4ac8-a3e2-6f8db7a0efe3,5d581eba-046c-4fbe-a484-929110ac2397,2017-07-01,F32,Major depressive disorder,lisinopril,Cholesterol,198.62
511b0a21-64ce-4cbe-a73a-284bd585fde9,5d581eba-046c-4fbe-a484-929110ac2397,2021-06-19,J45,Asthma,ibuprofen,Cholesterol,120.29
278ee6bd-f5a7-4023-8739-9419d12b4a49,5d581eba-046c-4fbe-a484-929110ac2397,2020-05-03,M54,Back pain,atorvastatin,WBC,4.46
9b2d97c3-cba1-4f0f-b10e-63816c01a9da,5d581eba-046c-4fbe-a484-929110ac2397,2024-11-20,E11,Type 2 diabetes mellitus,albuterol,HbA1c,7.53
461df074-6ece-4623-8b34-d5aa316987f8,29a1f61a-ef98-4a74-8043-a1d4e7a62def,2024-11-18,J45,Asthma,lisinopril,Cholesterol,132.18
03d3f05e-e091-4238-b8ef-ccaf54fd6398,345ada0b-51d1-4107-ac80-9bb6d4ef4c18,2019-07-31,E11,Type 2 diabetes mellitus,albuterol,Cholesterol,240.9
bca81721-af92-4fb2-8351-1e6adacb0b86,5d96d19b-bff2-4304-b03d-0320a4e4ec94,2018-05-20,I10,Essential (primary) hypertension,ibuprofen,Cholesterol,131.42
65d0e53f-bff8-43a4-a3e8-6df55caecd26,5d96d19b-bff2-4304-b03d-0320a4e4ec94,2024-07-30,J45,Asthma,lisinopril,WBC,6.68
224774e7-1f90-4bfd-8eac-6f9e62295d39,5d96d19b-bff2-4304-b03d-0320a4e4ec94,2019-07-02,R51,Headache,atorvastatin,Creatinine,1.46
e05a99e3-3165-4b0d-92da-3b76914c9b00,5d96d19b-bff2-4304-b03d-0320a4e4ec94,2022-05-18,I10,Essential (primary) hypertension,metformin,HbA1c,8.23
b70c18ed-2a73-4922-ba1d-9ce2c6cb1d13,7bb914e0-a09a-42ca-b73a-3b02ae0c06c0,2016-04-17,F32,Major depressive disorder,lisinopril,HbA1c,7.93
9b6b85eb-a764-4924-a7cb-b277b15cdb63,7bb914e0-a09a-42ca-b73a-3b02ae0c06c0,2020-12-01,E11,Type 2 diabetes mellitus,albuterol,Cholesterol,139.93
de7224d8-b007-43d7-8d9d-642455890b31,7bb914e0-a09a-42ca-b73a-3b02ae0c06c0,2025-06-04,I10,Essential (primary) hypertension,lisinopril,Creatinine,1.96
8bfc9b5e-a339-4ac0-aec1-2e3b55ad63c1,7bb914e0-a09a-42ca-b73a-3b02ae0c06c0,2020-05-27,E11,Type 2 diabetes mellitus,albuterol,Cholesterol,194.19
f68a661e-99f3-40e8-a07c-3037c7b54615,7bb914e0-a09a-42ca-b73a-3b02ae0c06c0,2018-04-20,J45,Asthma,metformin,Cholesterol,136.98
93d34c70-21ff-44c2-972c-4adb6875bb5d,d9e8a25a-3512-4913-a2b8-cce4be993c85,2021-07-27,I10,Essential (primary) hypertension,sertraline,HbA1c,7.0
89fa4c9d-9316-47b7-9dc3-4b2791a43209,d9e8a25a-3512-4913-a2b8-cce4be993c85,2020-07-01,J45,Asthma,lisinopril,Creatinine,1.3
fb513193-d44b-437c-a45a-75373af86abd,d9e8a25a-3512-4913-a2b8-cce4be993c85,2024-01-07,R51,Headache,atorvastatin,HbA1c,5.31
1538adfe-4b23-427a-8e4a-560c1bc523ef,d9e8a25a-3512-4913-a2b8-cce4be993c85,2021-11-09,M54,Back pain,sertraline,WBC,7.98
ba757053-f322-49b6-a8d8-e86044493863,3625f80a-9dd8-4fa4-8422-34b820c7dc25,2016-07-14,M54,Back pain,sertraline,Cholesterol,214.54
6b17e182-38c7-4003-b58e-9510ff0fec86,3625f80a-9dd8-4fa4-8422-34b820c7dc25,2023-01-26,F32,Major depressive disorder,albuterol,HbA1c,8.25
80e91360-f819-4bc4-bfc0-4dcb97135dcd,3625f80a-9dd8-4fa4-8422-34b820c7dc25,2016-02-20,R51,Headache,metformin,WBC,4.08
45bae19c-78c2-41bd-be40-065a772fd865,3625f80a-9dd8-4fa4-8422-34b820c7dc25,2017-03-22,F32,Major depressive disorder,lisinopril,WBC,11.75
c07762b1-354f-4dc5-916e-e58bd4094a19,68aa5210-48c6-4423-a3b3-8da7abb8b1eb,2024-04-19,E11,Type 2 diabetes mellitus,sertraline,HbA1c,13.89
07eecba5-0096-439c-82f3-127f993eea04,68aa5210-48c6-4423-a3b3-8da7abb8b1eb,2020-10-30,I10,Essential (primary) hypertension,atorvastatin,WBC,10.51
5a6a7a0f-36fe-4760-bcb4-65913deba858,408153ac-7325-4f80-bf77-50b94b7a1ac8,2022-02-16,R51,Headache,metformin,HbA1c,8.19
45005c34-4ff1-4c14-bd10-ca736f0bfc11,408153ac-7325-4f80-bf77-50b94b7a1ac8,2021-04-04,M54,Back pain,albuterol,Creatinine,1.23
7f49f79b-56dc-4af9-a0d1-9163f4c9f84a,408153ac-7325-4f80-bf77-50b94b7a1ac8,2015-12-02,E11,Type 2 diabetes mellitus,atorvastatin,Cholesterol,122.5
f4080bf5-9cee-443a-b0a8-29f057955751,4fada244-f52b-4a9b-8575-9b8b957ef531,2024-01-19,M54,Back pain,ibuprofen,HbA1c,13.29
58dd9022-333c-4952-8398-cc60a11b29f0,4fada244-f52b-4a9b-8575-9b8b957ef531,2019-05-28,E11,Type 2 diabetes mellitus,albuterol,Creatinine,1.8
555d7579-acc0-4a23-983f-2c6a9aaa7719,1796055f-57c9-48e2-88ae-402cfc601486,2021-06-02,R51,Headache,sertraline,Cholesterol,107.49
ed28a917-cadf-4825-84a0-24f96d39fc95,1796055f-57c9-48e2-88ae-402cfc601486,2022-08-16,F32,Major depressive disorder,lisinopril,Cholesterol,107.76
c545483d-5c4e-4686-b2e6-5f487fac8f82,1796055f-57c9-48e2-88ae-402cfc601486,2015-09-27,J45,Asthma,atorvastatin,WBC,3.44
f4c677c6-bfe3-4063-8799-f7db29dd0917,983adf55-7fc8-47d6-9207-2686a5edb7f3,2022-09-13,J45,Asthma,metformin,Creatinine,1.71
17dfc870-6f8d-4578-b5fc-c8ffeee442a0,983adf55-7fc8-47d6-9207-2686a5edb7f3,2022-04-25,J45,Asthma,albuterol,Cholesterol,271.65
cc60eb95-8043-4ef4-b91d-a66f24714d51,983adf55-7fc8-47d6-9207-2686a5edb7f3,2018-01-12,E11,Type 2 diabetes mellitus,lisinopril,WBC,5.7
8abeafb2-e9ea-44c8-8c6c-3d669fcdb029,983adf55-7fc8-47d6-9207-2686a5edb7f3,2017-05-16,F32,Major depressive disorder,albuterol,Creatinine,1.57
fc7079bd-b698-4526-a882-56f58e91b8bf,83092d25-5cd7-4c19-8ba5-fab480693c49,2018-06-22,E11,Type 2 diabetes mellitus,lisinopril,Cholesterol,142.28
ec05ed2e-7275-410e-aa45-b6cefaa5386d,83092d25-5cd7-4c19-8ba5-fab480693c49,2016-06-22,F32,Major depressive disorder,atorvastatin,Cholesterol,251.9
608dadce-d328-4f45-95da-0e313368e178,83092d25-5cd7-4c19-8ba5-fab480693c49,2015-12-27,J45,Asthma,metformin,WBC,3.59
a82028f7-0c0d-4a1c-8452-2abb58f03c94,83092d25-5cd7-4c19-8ba5-fab480693c49,2017-10-03,M54,Back pain,sertraline,WBC,10.02
005fde3e-b698-4ac2-a35a-a2bc63c878b1,83092d25-5cd7-4c19-8ba5-fab480693c49,2019-11-01,M54,Back pain,metformin,WBC,4.73
49d15fb1-caba-4f96-bfd6-b60d35d306e6,a5eff875-645b-4ca4-b145-2b2d47ae840f,2016-04-29,E11,Type 2 diabetes mellitus,lisinopril,HbA1c,8.84
5ae7be7c-33f5-4c47-861c-9784ec81f55d,a5eff875-645b-4ca4-b145-2b2d47ae840f,2021-09-02,R51,Headache,lisinopril,Creatinine,0.99
89e6afe4-b242-46a5-b3b2-3f769cbc2d9e,219097e6-2ec1-4a3d-bc36-bc96ad5affc7,2020-01-19,F32,Major depressive disorder,atorvastatin,HbA1c,10.97
b3e11117-50ad-46cc-bda4-ebc3567d806a,219097e6-2ec1-4a3d-bc36-bc96ad5affc7,2023-01-01,J45,Asthma,sertraline,Cholesterol,135.52
e5c8b69b-3e06-4e11-86d8-c2823a74c1ea,219097e6-2ec1-4a3d-bc36-bc96ad5affc7,2015-12-14,F32,Major depressive disorder,ibuprofen,Creatinine,0.95
fd29c2fe-c3a8-41df-b67a-30c5486bbf5f,219097e6-2ec1-4a3d-bc36-bc96ad5affc7,2016-04-26,J45,Asthma,atorvastatin,HbA1c,7.21
269f2df2-19d9-48dc-a537-3ce1e63877c5,ff6631fa-6cf4-428a-bb79-14ceca702c5f,2025-02-26,I10,Essential (primary) hypertension,ibuprofen,WBC,10.71
e6d8f5c1-a27a-4841-b534-a3045e94a231,ff6631fa-6cf4-428a-bb79-14ceca702c5f,2018-06-15,I10,Essential (primary) hypertension,atorvastatin,WBC,5.42
c597eb7d-c515-4590-95bd-e81b65818bd4,ff6631fa-6cf4-428a-bb79-14ceca702c5f,2021-02-13,M54,Back pain,metformin,HbA1c,9.0
0643bf1d-d60f-4a48-8aea-f87b6c4d2a37,ff6631fa-6cf4-428a-bb79-14ceca702c5f,2024-03-25,R51,Headache,lisinopril,HbA1c,6.63
f5acdd24-928e-4d52-8f0c-98c9d30d8d95,c2a4a449-bfb3-4b4d-8c68-59aec9b311b9,2016-09-07,J45,Asthma,atorvastatin,Creatinine,1.08
35175f51-7f5a-4213-9873-6b4b10ac8a09,c2a4a449-bfb3-4b4d-8c68-59aec9b311b9,2021-06-28,J45,Asthma,sertraline,Creatinine,0.75
249553e9-d379-4f09-9221-8e42e5dc6d0f,c2a4a449-bfb3-4b4d-8c68-59aec9b311b9,2022-04-29,R51,Headache,ibuprofen,Cholesterol,216.9
bc5f17f2-5e13-4b1e-bd73-b6c1f313c707,c2a4a449-bfb3-4b4d-8c68-59aec9b311b9,2025-08-18,M54,Back pain,atorvastatin,Creatinine,1.3
b9545337-d0d6-4e11-a365-309453afd0c7,c2a4a449-bfb3-4b4d-8c68-59aec9b311b9,2019-01-20,M54,Back pain,albuterol,Creatinine,1.5
c6f9e2d3-87da-4241-a18f-259fa6c8f036,486f7b7d-5ff8-4097-a5c1-6a20b70f2b66,2024-12-30,J45,Asthma,albuterol,Creatinine,1.78
489ea25c-baba-4f21-80ce-d1dbecbf179a,486f7b7d-5ff8-4097-a5c1-6a20b70f2b66,2022-10-14,R51,Headache,atorvastatin,Creatinine,0.7
42abed5c-f843-46fe-b729-bc956545fcbd,486f7b7d-5ff8-4097-a5c1-6a20b70f2b66,2019-11-30,I10,Essential (primary) hypertension,metformin,Cholesterol,232.11
9e583fe4-282c-4e6a-96b4-7fd5d97f9bf2,486f7b7d-5ff8-4097-a5c1-6a20b70f2b66,2018-01-29,I10,Essential (primary) hypertension,atorvastatin,HbA1c,10.73
c1e4db33-9e4f-43ab-b985-a38c8fccdf38,e0c6359d-f792-4c9a-a591-929db80cf216,2022-10-21,F32,Major depressive disorder,sertraline,Cholesterol,247.35
9133280a-1ef1-4f1d-b7ef-de46180dc123,e0c6359d-f792-4c9a-a591-929db80cf216,2019-03-05,R51,Headache,ibuprofen,WBC,6.09
61093fb6-90f4-4987-8c3d-e7661894d885,e0c6359d-f792-4c9a-a591-929db80cf216,2017-09-18,I10,Essential (primary) hypertension,atorvastatin,Cholesterol,281.31
951d62af-5c4d-4645-9659-9bfb0d61bb61,b8715a22-432c-4c8b-87d6-da687a3278f4,2020-01-10,J45,Asthma,lisinopril,WBC,5.64
49cc90fe-9278-447d-9d45-a590b3ec4921,b8715a22-432c-4c8b-87d6-da687a3278f4,2020-06-07,I10,Essential (primary) hypertension,atorvastatin,Creatinine,1.56
a31d4a7d-e285-45d3-8a47-a58ca3e68279,b8715a22-432c-4c8b-87d6-da687a3278f4,2019-06-12,I10,Essential (primary) hypertension,atorvastatin,Creatinine,1.45
0a079cac-ed62-4a3e-9245-572814d9f553,d79cb158-95bc-4bdf-a3f1-db50f93c084e,2021-09-23,I10,Essential (primary) hypertension,atorvastatin,Creatinine,1.07
20d706c1-f9f3-46ca-89ed-0d20f3cd52b7,d79cb158-95bc-4bdf-a3f1-db50f93c084e,2015-10-08,J45,Asthma,albuterol,Creatinine,1.34
7cbf5b37-98a3-4a19-8307-4d6f262cf7b6,3d80d1fb-f20d-4f53-a67f-32462fd3df3e,2016-03-02,E11,Type 2 diabetes mellitus,sertraline,HbA1c,12.73
10094fa5-8b65-408a-b215-83d12a87e0a0,3d80d1fb-f20d-4f53-a67f-32462fd3df3e,2019-03-03,M54,Back pain,ibuprofen,HbA1c,8.99
89f92442-34bb-4448-9d4b-31fa14edea7b,3d80d1fb-f20d-4f53-a67f-32462fd3df3e,2023-07-14,M54,Back pain,metformin,Cholesterol,205.97
a95d9564-6068-4406-b964-8c04fe76c07e,3d80d1fb-f20d-4f53-a67f-32462fd3df3e,2021-01-29,E11,Type 2 diabetes mellitus,lisinopril,WBC,11.93
3e09c5b1-b431-4c2b-a31b-1dbbbdd74488,42963ece-05cc-4a9f-b54e-082be03fffa1,2021-02-14,M54,Back pain,sertraline,WBC,5.85
7ea519e7-d560-4771-9cca-10704e890e02,42963ece-05cc-4a9f-b54e-082be03fffa1,2017-09-08,I10,Essential (primary) hypertension,metformin,Cholesterol,166.53
bb31016a-4195-4ede-8a67-c326e72ba2d6,42963ece-05cc-4a9f-b54e-082be03fffa1,2023-09-24,J45,Asthma,atorvastatin,HbA1c,4.54
e401dbf4-6c84-421b-98c6-40ba8fecca9f,e5e21298-ac62-4bb7-8c9b-6a6ffd891f8b,2023-05-14,I10,Essential (primary) hypertension,ibuprofen,WBC,7.41
65e993ab-d40c-414c-986a-74e38a061dac,e5e21298-ac62-4bb7-8c9b-6a6ffd891f8b,2017-02-24,E11,Type 2 diabetes mellitus,lisinopril,Cholesterol,226.7
632c997c-018e-4905-b553-142d6ee5a1ed,e5e21298-ac62-4bb7-8c9b-6a6ffd891f8b,2021-03-10,F32,Major depressive disorder,sertraline,Cholesterol,100.93
f8464b04-4799-4e9a-aa64-c2ac22e029ce,9f9585c4-902f-40f4-83e1-10658f5c43cb,2023-06-24,R51,Headache,albuterol,HbA1c,12.97
b59e4623-036f-4ad6-81fc-51e28ce74bec,9f9585c4-902f-40f4-83e1-10658f5c43cb,2017-03-23,M54,Back pain,lisinopril,HbA1c,10.93
d4f253f2-b6ca-4dc5-8517-c1380d175777,9f9585c4-902f-40f4-83e1-10658f5c43cb,2018-09-08,R51,Headache,lisinopril,WBC,9.24
3139a22e-ae83-437f-a0a1-4a1f60fd4536,9f9585c4-902f-40f4-83e1-10658f5c43cb,2021-11-07,J45,Asthma,lisinopril,HbA1c,8.14
dd8422a4-7bbd-4eb3-9fb6-343d9966de3e,9f9585c4-902f-40f4-83e1-10658f5c43cb,2019-02-10,J45,Asthma,lisinopril,HbA1c,12.33
b98dfff4-98a4-4310-8ce3-ef6d4643e3c8,9895cb36-d17b-46db-aaae-bbadb807c75f,2022-06-14,F32,Major depressive disorder,atorvastatin,Creatinine,1.09
e12196d4-d52d-46da-9a3f-4afc14ff9989,9895cb36-d17b-46db-aaae-bbadb807c75f,2018-01-04,I10,Essential (primary) hypertension,albuterol,Cholesterol,171.85
98c62634-42f2-4193-ad10-01fc2d1c3059,9895cb36-d17b-46db-aaae-bbadb807c75f,2023-08-08,I10,Essential (primary) hypertension,sertraline,HbA1c,6.67
5fb34e38-50d9-4edf-b692-6e2395275a4e,723756b6-586d-4d8b-af1e-14522f0ae34f,2023-05-06,R51,Headache,metformin,WBC,4.11
f0c4d8b3-043e-44d6-b51b-8f38bca608fe,723756b6-586d-4d8b-af1e-14522f0ae34f,2017-09-27,R51,Headache,metformin,Cholesterol,275.31
aa53a898-b081-4be6-8607-7b281fab59bd,66b1f73e-485c-474b-ad95-94591e957aba,2017-01-23,M54,Back pain,ibuprofen,HbA1c,10.14
2adcba85-d125-49ba-9f6f-8372d895a7f5,66b1f73e-485c-474b-ad95-94591e957aba,2025-03-05,R51,Headache,metformin,HbA1c,4.96
118442ef-3f23-40fd-a049-d27c0af6dcb4,66b1f73e-485c-474b-ad95-94591e957aba,2024-05-31,F32,Major depressive disorder,sertraline,Cholesterol,124.72
214837ea-e9fc-44dc-9ee6-1064ddbf1309,2dfacf7b-bbc5-4843-894c-0d2d540a5bf9,2020-05-23,R51,Headache,lisinopril,WBC,9.26
6feae6f2-d410-4537-9f0f-4cab74e2f58e,2dfacf7b-bbc5-4843-894c-0d2d540a5bf9,2018-08-24,E11,Type 2 diabetes mellitus,albuterol,Cholesterol,232.33
25888635-8e21-46a4-8545-dcaf70cda6f9,2dfacf7b-bbc5-4843-894c-0d2d540a5bf9,2018-04-14,M54,Back pain,albuterol,WBC,6.77
2be6fda7-a2e0-4c8f-b966-75531021bb59,2ab54b40-eed6-4238-949c-363c3a89a0e9,2019-12-23,R51,Headache,ibuprofen,HbA1c,7.19
8e3de259-ccaf-41af-817f-b5b73c7a7fdf,74fa633b-27ff-4afd-bdb2-71c20aa8f561,2020-02-18,I10,Essential (primary) hypertension,ibuprofen,WBC,10.0
8b795a9d-dada-425f-a2a5-f0aad6d87590,77f1385e-6cb8-4031-9b1c-2016325c3914,2023-06-14,J45,Asthma,atorvastatin,Cholesterol,159.07
4bc567d1-1e8b-49b0-9503-2d9bb250d525,77f1385e-6cb8-4031-9b1c-2016325c3914,2025-04-09,M54,Back pain,sertraline,WBC,9.19
14decd11-885c-41d5-ade1-cb72c76796d4,77f1385e-6cb8-4031-9b1c-2016325c3914,2020-04-28,J45,Asthma,lisinopril,HbA1c,4.62
027891f2-4b20-433a-b345-57939afe9927,77f1385e-6cb8-4031-9b1c-2016325c3914,2024-09-18,E11,Type 2 diabetes mellitus,ibuprofen,Cholesterol,129.83
44c80b7b-3eae-41dd-946c-fa3871e6834c,77f1385e-6cb8-4031-9b1c-2016325c3914,2024-09-14,M54,Back pain,metformin,HbA1c,13.1
f5aecbfc-fe5d-4f86-bb0e-71cf54b18ac0,b8f47e36-672a-4c0e-87ac-47e86a451a11,2020-08-04,J45,Asthma,albuterol,Cholesterol,110.02
911834a3-fdd8-466c-9ef4-e1d7205937dc,b8f47e36-672a-4c0e-87ac-47e86a451a11,2016-08-05,I10,Essential (primary) hypertension,metformin,Creatinine,0.98
7f47859d-3a02-435a-a336-9b5ea9b7f708,5c851fc4-aaa4-452a-a965-b9e13892fbc0,2020-12-08,R51,Headache,metformin,HbA1c,12.59
fb9a856e-d1c1-4442-b945-cd82280396dc,5c851fc4-aaa4-452a-a965-b9e13892fbc0,2015-09-24,E11,Type 2 diabetes mellitus,metformin,WBC,8.97
bef2c4c8-0d84-4c44-a85c-47d5eca70dd5,5c851fc4-aaa4-452a-a965-b9e13892fbc0,2023-10-20,J45,Asthma,albuterol,Cholesterol,291.02
de77e1fd-efb7-44ad-9986-abd6175461b8,4d68c4e3-f953-44ec-b1a0-b7b901c1487f,2015-11-11,R51,Headache,metformin,Creatinine,1.7
7efbba14-81db-441f-b7e3-0a6b5ca292c7,4d68c4e3-f953-44ec-b1a0-b7b901c1487f,2023-08-30,E11,Type 2 diabetes mellitus,sertraline,Cholesterol,292.46
3a5088a4-bb0f-40a1-bb5d-8c40c1e832a1,4d68c4e3-f953-44ec-b1a0-b7b901c1487f,2022-08-31,F32,Major depressive disorder,atorvastatin,Cholesterol,259.98
4d64d88b-ec23-4575-950d-1da250039819,d829d4be-e16f-4c43-aaf7-f7900a322db7,2024-06-11,I10,Essential (primary) hypertension,atorvastatin,HbA1c,13.82
c645ab54-3414-4e4b-8baa-fed36c130528,d829d4be-e16f-4c43-aaf7-f7900a322db7,2016-03-30,I10,Essential (primary) hypertension,metformin,Cholesterol,282.25
d5dabddf-c5df-4788-a385-3790ab2414f1,38a7af28-2540-4043-80b6-c013757ca88c,2016-09-18,M54,Back pain,atorvastatin,Cholesterol,136.25
b4f4dbc4-b15f-441f-82ef-52fa7b022606,38a7af28-2540-4043-80b6-c013757ca88c,2021-06-15,J45,Asthma,ibuprofen,HbA1c,12.69
273b2853-d82f-4813-b981-4373fbd758ee,38a7af28-2540-4043-80b6-c013757ca88c,2015-11-05,R51,Headache,lisinopril,Cholesterol,284.08
5501ebba-5f19-4a3e-acba-704ec3fa3c1c,38a7af28-2540-4043-80b6-c013757ca88c,2024-06-12,F32,Major depressive disorder,sertraline,HbA1c,5.1
cf93ffca-9b9b-4f87-b25f-29b2edae2a10,5e1186fc-518e-4e94-be3e-eb69f105eb1e,2025-07-29,R51,Headache,atorvastatin,WBC,11.8
c2718273-0504-4a8f-9142-bda39fc9f6ae,5e1186fc-518e-4e94-be3e-eb69f105eb1e,2018-03-15,J45,Asthma,ibuprofen,HbA1c,8.61
c730907c-1c28-4d3f-917b-2c458d975146,5e1186fc-518e-4e94-be3e-eb69f105eb1e,2017-07-25,I10,Essential (primary) hypertension,sertraline,Creatinine,1.46
ede78e43-6de0-4a34-b02a-f677022f2aea,8c83f6d3-4f4c-4195-8156-1350d2963adb,2024-01-18,M54,Back pain,ibuprofen,HbA1c,4.61
369c0ed3-6fc1-4959-a4ca-516778c538f1,8c83f6d3-4f4c-4195-8156-1350d2963adb,2023-12-15,M54,Back pain,sertraline,Cholesterol,273.88
16d7048e-f766-491d-bce3-c516a4257aba,8c83f6d3-4f4c-4195-8156-1350d2963adb,2024-11-15,F32,Major depressive disorder,albuterol,WBC,5.98
d8202002-2cc3-4f78-a96a-347c3ffacd33,8c83f6d3-4f4c-4195-8156-1350d2963adb,2022-08-05,E11,Type 2 diabetes mellitus,ibuprofen,WBC,7.95
eb48a9cd-51f2-4e16-b3cb-1936dc2891c0,083dc6eb-9655-4887-b5ee-30790562e4dc,2021-03-11,I10,Essential (primary) hypertension,metformin,Cholesterol,188.84
09f43062-5b6f-4272-9258-c8b0c09f5ce8,083dc6eb-9655-4887-b5ee-30790562e4dc,2019-04-15,F32,Major depressive disorder,metformin,Cholesterol,189.41
f085c47f-2ce4-4416-9ea2-a14592ae7efb,083dc6eb-9655-4887-b5ee-30790562e4dc,2024-05-19,F32,Major depressive disorder,atorvastatin,HbA1c,5.48
dcdf5eef-6f7c-4dfb-8788-365f0ef5390e,083dc6eb-9655-4887-b5ee-30790562e4dc,2021-02-02,E11,Type 2 diabetes mellitus,ibuprofen,HbA1c,12.35
2c90435a-6ca2-49d6-b059-5f41cb188794,abcf4031-9b67-4bd5-8823-01a14cb7c169,2018-10-09,R51,Headache,albuterol,WBC,8.89
43588626-aea0-4854-bf8f-7d2a676f9689,abcf4031-9b67-4bd5-8823-01a14cb7c169,2020-08-06,J45,Asthma,albuterol,HbA1c,12.26
42908a36-f4ea-4aee-8c17-ed78cf832fba,abcf4031-9b67-4bd5-8823-01a14cb7c169,2016-03-30,F32,Major depressive disorder,albuterol,Cholesterol,243.33
65111b84-7126-411f-b4ee-fa379c488203,abcf4031-9b67-4bd5-8823-01a14cb7c169,2021-08-21,R51,Headache,sertraline,HbA1c,5.43
2f223dd0-4fdf-4da6-8e03-dcb5c6f71865,abcf4031-9b67-4bd5-8823-01a14cb7c169,2018-04-29,I10,Essential (primary) hypertension,metformin,Creatinine,0.97
305e8983-fb1c-4425-9e79-c1f4d54d4824,8ad6115a-85fc-4617-afce-aa7f69112567,2019-07-28,M54,Back pain,albuterol,HbA1c,4.93
b23fad09-b767-43f4-b920-27e198d7b0f6,8ad6115a-85fc-4617-afce-aa7f69112567,2023-11-15,F32,Major depressive disorder,lisinopril,Cholesterol,121.39
dbfa32a7-0561-46fa-bc24-34c1d22ec875,8ad6115a-85fc-4617-afce-aa7f69112567,2018-11-11,I10,Essential (primary) hypertension,lisinopril,HbA1c,13.34
bcef4b09-0357-4201-973e-f0ebfa32af68,a0458322-47d1-4150-90a9-c69945bf86dd,2023-04-18,F32,Major depressive disorder,lisinopril,Creatinine,0.57
21c2606a-313f-48e0-995f-18730c995cd6,a0458322-47d1-4150-90a9-c69945bf86dd,2021-01-24,E11,Type 2 diabetes mellitus,atorvastatin,HbA1c,11.84
06f1caa8-4cba-452f-b9d3-87400e1b5ca0,a0458322-47d1-4150-90a9-c69945bf86dd,2020-08-29,F32,Major depressive disorder,atorvastatin,WBC,11.67
3a47a127-a317-44ed-8074-d1c16a3df5c1,a0458322-47d1-4150-90a9-c69945bf86dd,2025-08-31,M54,Back pain,atorvastatin,HbA1c,9.76
6feb4a3a-8e00-4e88-a9a1-8cd9b3b0eb2b,f136f403-4f5c-4ffd-9af5-ca0b09b2fac6,2016-04-22,M54,Back pain,sertraline,WBC,9.23
8df840f7-4409-4ba1-abb5-44e8347eda09,f136f403-4f5c-4ffd-9af5-ca0b09b2fac6,2023-10-07,R51,Headache,lisinopril,HbA1c,8.18
0c2facde-3524-4d18-b225-60fc81199722,f136f403-4f5c-4ffd-9af5-ca0b09b2fac6,2018-12-24,M54,Back pain,albuterol,Cholesterol,183.73
506b1239-9ab9-48b6-b71e-9383213f6cac,f136f403-4f5c-4ffd-9af5-ca0b09b2fac6,2018-11-19,R51,Headache,lisinopril,Creatinine,1.04
c406e904-a0db-4544-9679-ea5ec4247663,44f25596-5a13-415a-8bda-2b84ad61479b,2022-06-01,F32,Major depressive disorder,lisinopril,WBC,6.71
a1ec71fd-c6bc-4cab-b5d0-659d49c36d0c,44f25596-5a13-415a-8bda-2b84ad61479b,2017-11-11,R51,Headache,ibuprofen,Creatinine,1.75
e42bbda1-11e8-4b81-83fe-dad97e219060,44f25596-5a13-415a-8bda-2b84ad61479b,2019-07-28,J45,Asthma,atorvastatin,WBC,4.81
7914d426-f9e8-4464-85ad-2b096c6a8fa6,8bd0a6b6-8cd0-4dbe-b603-3781afa62998,2017-09-13,J45,Asthma,atorvastatin,Creatinine,1.87
dcea4341-a1c2-4798-9500-b5b43eb1dcd1,8bd0a6b6-8cd0-4dbe-b603-3781afa62998,2024-03-23,R51,Headache,atorvastatin,WBC,7.54
1d1c8171-01ff-41b0-ad31-f92be6e1827b,8bd0a6b6-8cd0-4dbe-b603-3781afa62998,2017-12-05,R51,Headache,albuterol,HbA1c,11.73
ec617457-6dcc-48af-b936-c4f8cf92c35c,8bd0a6b6-8cd0-4dbe-b603-3781afa62998,2019-05-29,F32,Major depressive disorder,ibuprofen,Cholesterol,234.85
4d969dbc-a102-4a94-ac10-77d72d8f5f49,8bd0a6b6-8cd0-4dbe-b603-3781afa62998,2016-04-11,M54,Back pain,albuterol,Cholesterol,261.66
d315743e-3c61-4267-b0c6-0489336742ad,b981886b-7319-4252-8fbe-7625207bfa7c,2024-07-08,E11,Type 2 diabetes mellitus,sertraline,WBC,3.48
c7c6fbd5-12f3-4a36-9bef-aec2a5d3cc0d,b981886b-7319-4252-8fbe-7625207bfa7c,2025-01-29,I10,Essential (primary) hypertension,albuterol,WBC,11.85
974b29cb-ebab-4ab9-ab15-92d07fa7d66f,b981886b-7319-4252-8fbe-7625207bfa7c,2018-01-18,J45,Asthma,lisinopril,HbA1c,11.06
3d3a3fdc-f7d8-43c2-8c9d-0b828bfa2164,b981886b-7319-4252-8fbe-7625207bfa7c,2022-05-28,I10,Essential (primary) hypertension,ibuprofen,HbA1c,7.91
e199f07b-2382-4c86-88bf-4dabc439404d,b981886b-7319-4252-8fbe-7625207bfa7c,2020-08-21,E11,Type 2 diabetes mellitus,ibuprofen,WBC,9.68
60533a96-9181-4652-85b0-c37331d83035,11b3155f-7a1a-49e9-b774-8168de3c41c3,2021-05-09,I10,Essential (primary) hypertension,ibuprofen,Creatinine,1.51
60ccb21a-1e77-41e1-ac3e-4182f7ccfbc9,11b3155f-7a1a-49e9-b774-8168de3c41c3,2025-03-09,F32,Major depressive disorder,sertraline,Cholesterol,291.34
e3c67a09-5ee3-48a9-ad8f-c22fc2481673,11b3155f-7a1a-49e9-b774-8168de3c41c3,2018-01-11,J45,Asthma,ibuprofen,HbA1c,4.62
20bebb60-f5fc-4db1-97e1-7072713a6b30,11b3155f-7a1a-49e9-b774-8168de3c41c3,2022-11-23,I10,Essential (primary) hypertension,ibuprofen,Cholesterol,266.0
1d21e535-18e3-41c2-87d0-8d7e46d5ae6b,11b3155f-7a1a-49e9-b774-8168de3c41c3,2018-08-10,R51,Headache,atorvastatin,Creatinine,1.61
7784c47e-e443-4878-9420-2aed1e4cd278,cc032401-5c67-48be-88c1-aa6a1659496b,2017-06-07,M54,Back pain,lisinopril,WBC,5.65
0a53a75b-21c1-475d-bb8d-0a2adcb1494c,cc032401-5c67-48be-88c1-aa6a1659496b,2023-09-22,R51,Headache,metformin,WBC,11.66
0ee2b3d1-79d8-4001-bd74-52be65310a42,cc032401-5c67-48be-88c1-aa6a1659496b,2017-06-21,M54,Back pain,metformin,Cholesterol,108.13
6d078160-2ae5-4bd1-b8a4-69d328040e98,cc032401-5c67-48be-88c1-aa6a1659496b,2022-08-01,M54,Back pain,albuterol,WBC,4.45
3c0890c9-0dcf-4a1b-9289-b02c929a5277,cc032401-5c67-48be-88c1-aa6a1659496b,2016-03-23,J45,Asthma,metformin,Creatinine,1.15
a504ac66-9173-45ab-92cf-a904cd9d4b96,2a2346ef-4bee-4fda-aa20-69ac0682b86c,2025-04-07,I10,Essential (primary) hypertension,albuterol,HbA1c,11.85
604c818b-db19-4053-b316-97f5408c792a,2a2346ef-4bee-4fda-aa20-69ac0682b86c,2018-09-13,M54,Back pain,atorvastatin,Creatinine,1.18
7c348939-5674-4b55-b1e9-e2edf09da3fb,cf723260-d46f-4ff4-8d86-1a8d3f64f69a,2019-07-18,J45,Asthma,metformin,Creatinine,1.24
3a7459a6-56d6-4c37-8522-da65a7e8135f,cf723260-d46f-4ff4-8d86-1a8d3f64f69a,2023-08-26,M54,Back pain,metformin,WBC,6.74
166a22cc-9e3c-4ebb-864d-ab81244c09ca,cf723260-d46f-4ff4-8d86-1a8d3f64f69a,2019-09-10,F32,Major depressive disorder,metformin,Creatinine,0.75
45df8965-be8d-46cb-9d98-c587c55d050c,cf723260-d46f-4ff4-8d86-1a8d3f64f69a,2023-04-28,R51,Headache,albuterol,Creatinine,0.98
07cffa63-6916-424b-b9b6-1852bd9f1e40,cf723260-d46f-4ff4-8d86-1a8d3f64f69a,2023-04-07,M54,Back pain,ibuprofen,Cholesterol,299.33
f703d08b-b690-4b88-87a5-7d50871360da,23324659-a1d2-49a6-8e98-4df74dcc461d,2024-06-05,R51,Headache,albuterol,Cholesterol,148.07
c35f7a20-8e7a-4de2-9c84-6d95887f00ea,ae946054-d973-4c7d-87d4-b9a0ba33ebf8,2018-09-30,I10,Essential (primary) hypertension,metformin,Creatinine,1.01
f8b51d98-461e-48b6-bec7-a38428376131,ae946054-d973-4c7d-87d4-b9a0ba33ebf8,2016-10-13,E11,Type 2 diabetes mellitus,sertraline,Creatinine,1.26
b098c332-0106-4152-bcb9-cf642eaef061,ae946054-d973-4c7d-87d4-b9a0ba33ebf8,2022-07-17,E11,Type 2 diabetes mellitus,ibuprofen,Creatinine,1.22
d331bad6-6c5e-4409-98a1-b6011f7e47bb,ae946054-d973-4c7d-87d4-b9a0ba33ebf8,2020-01-04,F32,Major depressive disorder,sertraline,HbA1c,7.32
14075a77-2865-4532-9b5f-1651b1b8e7b1,ae946054-d973-4c7d-87d4-b9a0ba33ebf8,2018-05-29,I10,Essential (primary) hypertension,albuterol,HbA1c,13.51
b8aa5983-dd1b-497b-a9d6-67d67903f7ba,01a41c56-fedd-401e-8c8b-a9a2ce6049ac,2017-01-15,M54,Back pain,ibuprofen,HbA1c,10.46
6c0ecd44-ef4f-4491-84f7-b9f78b213fba,01a41c56-fedd-401e-8c8b-a9a2ce6049ac,2023-05-08,R51,Headache,atorvastatin,WBC,10.78
9f323bb1-7a8e-40e1-a848-155d1d8be799,0e46bab0-26ea-443e-aa2d-ad2fc79da8a5,2016-05-05,E11,Type 2 diabetes mellitus,lisinopril,Cholesterol,229.31
f3d87fe3-9197-4348-9aef-30902f797647,0e46bab0-26ea-443e-aa2d-ad2fc79da8a5,2024-11-26,R51,Headache,atorvastatin,WBC,3.21
5d757296-d17c-48e4-8516-b8e48c73827e,0e46bab0-26ea-443e-aa2d-ad2fc79da8a5,2017-09-03,J45,Asthma,metformin,HbA1c,5.2
080e7e54-7015-42d6-9c63-d5e432f2c48f,0e46bab0-26ea-443e-aa2d-ad2fc79da8a5,2023-09-19,J45,Asthma,ibuprofen,HbA1c,9.96
1d0528b3-6a6c-46d5-b86c-e479c80178fa,c4a34ed6-3159-4711-b18f-38888f322db5,2022-10-24,F32,Major depressive disorder,sertraline,Cholesterol,226.04
f7670fa3-5dd1-42ee-9d27-25edb8058d47,c4a34ed6-3159-4711-b18f-38888f322db5,2020-11-09,J45,Asthma,metformin,Cholesterol,234.66
9ea87d1c-a6d1-4979-ac1b-89ccfa3cc43f,750979e5-50b4-44ab-951d-e0084d2bd534,2025-08-24,R51,Headache,atorvastatin,HbA1c,11.68
7b6dcf15-0b20-416e-a861-60c622287b17,750979e5-50b4-44ab-951d-e0084d2bd534,2019-02-23,E11,Type 2 diabetes mellitus,atorvastatin,HbA1c,7.9
33a6ed37-c760-4467-89df-f65dafb0fbf9,750979e5-50b4-44ab-951d-e0084d2bd534,2020-01-28,E11,Type 2 diabetes mellitus,albuterol,Creatinine,1.37
38c65e84-e79d-4508-850b-b49d2007e1b9,750979e5-50b4-44ab-951d-e0084d2bd534,2022-07-22,F32,Major depressive disorder,sertraline,Cholesterol,264.42
528ef0da-872f-49d8-85ab-60375f763b0a,750979e5-50b4-44ab-951d-e0084d2bd534,2025-05-14,F32,Major depressive disorder,lisinopril,WBC,4.23
f0060ef0-a31d-45f2-b06c-7301001e0931,a4103d9a-a2bc-45d5-ba59-68699d739c3d,2016-10-11,M54,Back pain,albuterol,WBC,5.68
4bb00adf-bcee-4c76-a148-c2b0c7c97386,a4103d9a-a2bc-45d5-ba59-68699d739c3d,2015-10-07,R51,Headache,atorvastatin,Creatinine,1.93
7e26ee29-222b-4ca3-89ea-dea3e66471f5,a4103d9a-a2bc-45d5-ba59-68699d739c3d,2025-08-03,M54,Back pain,ibuprofen,WBC,4.11
1d65efe4-9378-43e8-ad3d-b403ba45a151,a4103d9a-a2bc-45d5-ba59-68699d739c3d,2025-08-28,M54,Back pain,ibuprofen,Cholesterol,207.43
032cd0f3-77aa-4332-9818-8cb849b5441d,58d26411-1970-4a94-b944-c7aef0afdd29,2022-04-18,I10,Essential (primary) hypertension,atorvastatin,Creatinine,0.74
4df1c1a7-dec9-41ff-afb1-877b72bd8e16,a79b396a-51b3-47a7-86b5-92dbe6303452,2024-02-12,I10,Essential (primary) hypertension,lisinopril,WBC,8.55
bf6c732b-cc90-4827-8aee-f9217447e40a,a79b396a-51b3-47a7-86b5-92dbe6303452,2022-11-17,I10,Essential (primary) hypertension,metformin,WBC,9.04
7122936b-4e48-419c-9004-06f4e53a2b57,a79b396a-51b3-47a7-86b5-92dbe6303452,2019-05-09,E11,Type 2 diabetes mellitus,ibuprofen,Cholesterol,228.93
50b09e62-dbbe-40f2-8e01-f3d7a3587949,a79b396a-51b3-47a7-86b5-92dbe6303452,2024-11-22,J45,Asthma,atorvastatin,HbA1c,6.88
a27e5cdb-8a8f-4456-891f-1cff8eae80d8,a79b396a-51b3-47a7-86b5-92dbe6303452,2023-07-02,R51,Headache,ibuprofen,Cholesterol,290.31
fff7569c-964d-4b9c-ac83-a6e02d8f81cb,6eb36d01-6bcf-486a-8f63-642e2d6f1053,2024-04-10,R51,Headache,atorvastatin,WBC,3.9
8aa3228b-1080-4982-8a8d-4c16005413eb,6eb36d01-6bcf-486a-8f63-642e2d6f1053,2018-10-07,E11,Type 2 diabetes mellitus,lisinopril,Creatinine,1.18
5c62a493-588a-40bc-952c-8aed718b8f9d,6eb36d01-6bcf-486a-8f63-642e2d6f1053,2022-01-12,M54,Back pain,atorvastatin,Creatinine,1.51
eb7f7ac7-1c5d-40be-826f-6710306f95de,d16f6603-a0cf-40b4-9744-849aae4103a1,2019-05-16,M54,Back pain,albuterol,Creatinine,1.93
58a20019-f39d-4c97-b366-fe2b4cf1459b,d16f6603-a0cf-40b4-9744-849aae4103a1,2023-10-28,E11,Type 2 diabetes mellitus,albuterol,WBC,10.07
17b8860b-f07e-40e1-91cd-57819258fb5d,063e0c12-c2a0-490a-9429-bb1b605295e7,2022-08-11,J45,Asthma,lisinopril,Creatinine,1.8
2aa69b24-7133-4b45-8195-8804b616b788,063e0c12-c2a0-490a-9429-bb1b605295e7,2020-07-10,F32,Major depressive disorder,albuterol,Creatinine,1.18
378625f7-97f6-4379-84d3-460ce5269760,063e0c12-c2a0-490a-9429-bb1b605295e7,2024-06-29,I10,Essential (primary) hypertension,atorvastatin,HbA1c,12.5
a540bf7f-f97f-4cff-a8cf-64524f91d308,063e0c12-c2a0-490a-9429-bb1b605295e7,2016-01-31,I10,Essential (primary) hypertension,ibuprofen,WBC,5.37
1035b9ae-3475-4b7b-9d34-81e92df21e50,d1b5dd18-16ed-49e8-ac87-b450acb7492b,2017-07-22,E11,Type 2 diabetes mellitus,metformin,HbA1c,12.22
b87d850a-0871-4cd1-9860-45607a29809e,a5ba7614-46d3-4029-af00-f214b5d31010,2021-03-03,M54,Back pain,lisinopril,HbA1c,9.74
4dfec011-d275-4712-b03f-a07e19c70b77,a5ba7614-46d3-4029-af00-f214b5d31010,2019-08-14,M54,Back pain,sertraline,WBC,6.29
1e63f3f2-1d23-40a1-ae74-d2b31f8c1df2,a5ba7614-46d3-4029-af00-f214b5d31010,2023-03-18,M54,Back pain,atorvastatin,Creatinine,0.61
5d023f6f-0072-468a-8e1c-815d7b144608,a5ba7614-46d3-4029-af00-f214b5d31010,2020-02-04,M54,Back pain,metformin,Cholesterol,172.77
0705ba9b-09df-47f2-ba76-97f2abcd4179,a5ba7614-46d3-4029-af00-f214b5d31010,2025-08-05,R51,Headache,lisinopril,WBC,9.81
63bcbb5e-e386-4c55-bbf4-b1ed83ffd415,4da80df7-5e91-4121-9de4-252bb0cd1477,2020-09-16,I10,Essential (primary) hypertension,lisinopril,WBC,9.62
b4e67ef5-b964-4942-832a-00cf101f9240,4da80df7-5e91-4121-9de4-252bb0cd1477,2020-04-16,J45,Asthma,metformin,WBC,9.85
737bdcfc-8798-4702-8539-41172c3a3564,9ca1e27a-14db-4274-9ee8-1e76be777a79,2025-01-03,J45,Asthma,albuterol,WBC,3.39
dc35f878-728e-4b1a-bc50-f0a4a273defb,9ca1e27a-14db-4274-9ee8-1e76be777a79,2023-05-25,M54,Back pain,albuterol,Cholesterol,193.93
10d795e7-abb3-4a38-aab4-8a94f30ce7e6,92eeb73e-a384-4819-8077-57f5a99dc939,2015-10-30,E11,Type 2 diabetes mellitus,metformin,Creatinine,0.57
da5f6bef-c458-45fb-8536-9353802adfec,92eeb73e-a384-4819-8077-57f5a99dc939,2019-11-13,R51,Headache,albuterol,Creatinine,1.33
b4f81a58-554c-44db-a9a0-9f6e1064961a,92eeb73e-a384-4819-8077-57f5a99dc939,2019-04-27,I10,Essential (primary) hypertension,sertraline,Cholesterol,173.06
c3f54ab3-9579-4d92-aa1a-50ee47ce282b,92eeb73e-a384-4819-8077-57f5a99dc939,2018-05-21,E11,Type 2 diabetes mellitus,ibuprofen,Creatinine,1.0
00c1d82e-bd44-414b-98e1-5d8cbe01bbba,60acd9a9-63a5-4a64-945a-0f74558ee28b,2019-12-03,F32,Major depressive disorder,albuterol,Creatinine,1.18
ec71069b-3050-4470-bf0d-727c3cd52f04,60acd9a9-63a5-4a64-945a-0f74558ee28b,2020-04-22,M54,Back pain,metformin,WBC,6.96
292f3e37-ded0-4aa0-a072-ee0d51617062,ba60d8af-a305-45e7-8403-7eca84cd7bca,2024-11-06,M54,Back pain,atorvastatin,Creatinine,0.74
dfa64c1b-2f0d-4ff4-b621-c2517f5165c1,ba60d8af-a305-45e7-8403-7eca84cd7bca,2023-08-14,I10,Essential (primary) hypertension,albuterol,HbA1c,10.78
990ab364-3889-424d-aa73-8120e2843047,0563c783-47da-422f-96ca-ac435c578f5a,2016-08-13,J45,Asthma,atorvastatin,HbA1c,9.07
6211f30d-6e99-4337-a343-e9d8b83f21be,0563c783-47da-422f-96ca-ac435c578f5a,2020-05-05,F32,Major depressive disorder,lisinopril,WBC,8.83
0e1aa12f-0d13-4002-873c-1ffe90e522f9,0563c783-47da-422f-96ca-ac435c578f5a,2021-02-07,E11,Type 2 diabetes mellitus,lisinopril,HbA1c,5.71
399e9a17-2dfc-4a55-9abe-358bb6f43569,0563c783-47da-422f-96ca-ac435c578f5a,2019-01-26,I10,Essential (primary) hypertension,lisinopril,HbA1c,12.96
42109c56-628a-46f2-a2d7-ea407ee77967,d05c29bd-ec9b-44e3-9340-864f54adb9ba,2025-01-31,I10,Essential (primary) hypertension,albuterol,WBC,7.65
566f0058-3884-4de5-b975-a6b7e8919825,d05c29bd-ec9b-44e3-9340-864f54adb9ba,2021-03-02,M54,Back pain,ibuprofen,HbA1c,12.85
6a94c57c-a85f-4535-9e05-29ff1f39a36b,91d84dae-1347-4d2d-9efe-4b05e4bdc7c1,2024-10-01,I10,Essential (primary) hypertension,sertraline,Cholesterol,273.46
34cb06ee-0ce1-48a3-bcc5-b70333aad5fa,91d84dae-1347-4d2d-9efe-4b05e4bdc7c1,2023-10-20,I10,Essential (primary) hypertension,sertraline,WBC,10.15
9733d1df-4c25-46b7-9f13-7a021ce44067,91d84dae-1347-4d2d-9efe-4b05e4bdc7c1,2016-07-06,I10,Essential (primary) hypertension,ibuprofen,Creatinine,0.67
92430177-9d1f-4ab7-96a5-71c0f0149248,67a87f05-b856-4407-8446-070693af01a1,2020-08-17,M54,Back pain,ibuprofen,HbA1c,6.68
f019e3ce-0b5c-4665-b0ab-d3081fcd2284,67a87f05-b856-4407-8446-070693af01a1,2021-05-23,I10,Essential (primary) hypertension,metformin,HbA1c,6.42
fd244ca0-2028-4830-b336-54e24fd18681,67a87f05-b856-4407-8446-070693af01a1,2016-01-28,M54,Back pain,atorvastatin,Cholesterol,265.3
82c45b5c-f81d-4656-94be-aedc512ef00f,84296baf-ac39-4ce0-9ff5-a68c147d2969,2024-08-19,I10,Essential (primary) hypertension,sertraline,HbA1c,12.84
6fc598f0-cdd8-45ff-8c05-c6507bc50b9c,84296baf-ac39-4ce0-9ff5-a68c147d2969,2019-10-03,M54,Back pain,metformin,HbA1c,9.08
48408bb7-817a-4da9-abed-a4bff1e00acb,84296baf-ac39-4ce0-9ff5-a68c147d2969,2024-04-02,M54,Back pain,ibuprofen,HbA1c,13.02
44dd05af-8343-4870-be97-d7e8844b40d9,84296baf-ac39-4ce0-9ff5-a68c147d2969,2017-01-09,R51,Headache,atorvastatin,Cholesterol,204.41
8321f5b4-4861-485b-89a8-84ff5b250ec9,84296baf-ac39-4ce0-9ff5-a68c147d2969,2021-07-23,E11,Type 2 diabetes mellitus,atorvastatin,Cholesterol,145.9
2e4ea735-ea51-458a-8ddc-46d50e5b73e8,6343e0bc-1310-4983-916c-0498698ded70,2016-11-09,F32,Major depressive disorder,albuterol,HbA1c,8.54
c3cbbbac-c87c-46db-a5bd-8120a6786c92,6343e0bc-1310-4983-916c-0498698ded70,2022-11-10,F32,Major depressive disorder,lisinopril,HbA1c,7.19
bb3d1f2e-1648-43d9-9bd4-dd086a2b89fc,6343e0bc-1310-4983-916c-0498698ded70,2015-11-18,M54,Back pain,sertraline,Creatinine,0.7
9d727c7a-2c93-40c2-be99-56c3fc2d9a9a,6343e0bc-1310-4983-916c-0498698ded70,2017-10-05,R51,Headache,metformin,HbA1c,9.44
b1e218bf-334e-4cf0-aee4-a9345d4b022c,b2e118f4-a0f9-4703-96ff-d5788bb10bc5,2018-05-16,I10,Essential (primary) hypertension,atorvastatin,Creatinine,1.05
0da00f35-2053-4e2b-b4fe-85b675be5a4b,b2e118f4-a0f9-4703-96ff-d5788bb10bc5,2024-07-08,I10,Essential (primary) hypertension,sertraline,Creatinine,0.82
ae99e26d-7193-4eae-9bcf-c85bb2b69064,b2e118f4-a0f9-4703-96ff-d5788bb10bc5,2019-09-14,F32,Major depressive disorder,ibuprofen,Creatinine,1.38
850fb6be-5915-42ba-8964-851cfe08bab0,b2e118f4-a0f9-4703-96ff-d5788bb10bc5,2018-01-30,F32,Major depressive disorder,lisinopril,Cholesterol,210.42
9c727020-94e2-4e90-9682-73b228023bc8,33ac37c8-1d0b-4026-bde9-6d8d42f1b07b,2020-04-20,I10,Essential (primary) hypertension,albuterol,Cholesterol,150.76
80a6e6b8-01f3-4ba6-bd39-3f631c7972c6,33ac37c8-1d0b-4026-bde9-6d8d42f1b07b,2022-04-10,M54,Back pain,albuterol,Cholesterol,247.16
a583fdb9-b1ad-4191-9aba-14f57540a348,33ac37c8-1d0b-4026-bde9-6d8d42f1b07b,2016-02-15,R51,Headache,metformin,WBC,7.02
5b5e6d2f-d322-42a5-abf1-5e57cf1d2742,33ac37c8-1d0b-4026-bde9-6d8d42f1b07b,2017-11-14,I10,Essential (primary) hypertension,metformin,WBC,7.58
a31587b4-eac8-4ef3-9433-7f7ab6d34ac0,33ac37c8-1d0b-4026-bde9-6d8d42f1b07b,2016-11-24,J45,Asthma,ibuprofen,HbA1c,6.03
c9d49060-eb4b-4004-84f4-97eb0fc60c5f,07bffab8-8568-45d7-a5f0-d5291f81c3a2,2016-09-10,E11,Type 2 diabetes mellitus,lisinopril,Cholesterol,285.17
39f60955-1341-4430-9750-a6c69d926a35,87035dfe-3dc2-4ab2-9d4e-11e69d3d5ebf,2024-09-21,E11,Type 2 diabetes mellitus,albuterol,WBC,6.34
6f45ba37-c519-494b-bcb4-e4cb00a84495,87035dfe-3dc2-4ab2-9d4e-11e69d3d5ebf,2018-11-19,E11,Type 2 diabetes mellitus,atorvastatin,Cholesterol,286.14
83827f70-9e49-408d-b55f-3249dd5c7be2,87035dfe-3dc2-4ab2-9d4e-11e69d3d5ebf,2021-03-21,M54,Back pain,atorvastatin,Creatinine,1.54
4de54a1b-adca-4656-aa08-3feaec435b90,87035dfe-3dc2-4ab2-9d4e-11e69d3d5ebf,2019-01-05,E11,Type 2 diabetes mellitus,lisinopril,Cholesterol,187.79
77486585-5dc0-4cc9-9bfe-74e9ebb79fe2,75beb9af-0cce-483e-9336-d1a3f5fb04bc,2016-03-05,R51,Headache,ibuprofen,Creatinine,0.71
b48b9fef-da81-4609-ba7a-8c3955b75dde,75beb9af-0cce-483e-9336-d1a3f5fb04bc,2016-12-02,M54,Back pain,ibuprofen,WBC,8.54
9f2e0d12-e302-451e-97a6-6a00929d04ce,d72a98bf-e7bc-488c-a690-e5a2f7899e26,2021-09-05,I10,Essential (primary) hypertension,atorvastatin,HbA1c,13.77
3455bf9e-9d6f-47d0-8399-39fb11137339,9b76e95f-336c-4b42-9582-5dda44164a60,2022-08-14,F32,Major depressive disorder,albuterol,Cholesterol,181.09
dfc5faad-2a92-4c26-a20c-e05fd3742d4c,b80df002-5b15-4209-be2d-d8d3b72f5de7,2019-11-28,E11,Type 2 diabetes mellitus,atorvastatin,HbA1c,13.23
3dd2ee57-d806-401f-8a7b-423d90cbd2de,b80df002-5b15-4209-be2d-d8d3b72f5de7,2019-07-20,J45,Asthma,atorvastatin,Creatinine,0.96
615bad45-45f5-4cf1-ad16-1c20b8b1a657,4ba7bb83-a3d7-4583-97f8-7c7b26ef660c,2023-03-06,M54,Back pain,lisinopril,Cholesterol,285.94
ef06f5de-0f74-438c-9107-696d16ed1bac,4ba7bb83-a3d7-4583-97f8-7c7b26ef660c,2019-04-08,E11,Type 2 diabetes mellitus,albuterol,WBC,6.66
47d9beb4-5504-4f78-b374-49c1722aa6a7,4ba7bb83-a3d7-4583-97f8-7c7b26ef660c,2024-07-08,M54,Back pain,metformin,Creatinine,0.94
430e15ee-ea33-46ac-902b-a59b995ee38a,a9c60ff8-1722-4d18-8b37-b6d8ac8aa73f,2016-09-16,M54,Back pain,albuterol,Creatinine,1.51
2fdd4ef6-11e0-43c9-949e-ef0d7a318d9f,42eafdc2-6870-4e62-85c7-4a49d0fc8c86,2019-05-26,F32,Major depressive disorder,lisinopril,Creatinine,1.94
88c4c3b1-68fe-415c-b62b-9b9d19d885de,42eafdc2-6870-4e62-85c7-4a49d0fc8c86,2020-07-26,R51,Headache,sertraline,HbA1c,9.08
7a0f0002-9ff1-415d-8328-ca6d1f534fd0,42eafdc2-6870-4e62-85c7-4a49d0fc8c86,2022-10-27,E11,Type 2 diabetes mellitus,sertraline,WBC,9.09
000f4f8b-6210-4774-bdbd-3fc13c67232e,42eafdc2-6870-4e62-85c7-4a49d0fc8c86,2023-02-19,J45,Asthma,sertraline,Creatinine,1.23
9063670e-e3d7-4ee8-9df3-bc4e13a2caa3,121c8818-fa54-4828-aabb-3084cc8df6df,2017-11-08,J45,Asthma,lisinopril,Creatinine,0.55
4ff9ebfa-0ca5-4311-abff-b82540f5f9aa,52db217d-9375-4055-b79a-dc274249cdf3,2024-11-10,M54,Back pain,lisinopril,Cholesterol,162.77
bd1f64b3-5ab9-4e8d-bcdc-311f4faa1006,52db217d-9375-4055-b79a-dc274249cdf3,2023-04-06,M54,Back pain,albuterol,WBC,11.52
46c62c27-f6cb-40f0-973b-85e607d81e77,52db217d-9375-4055-b79a-dc274249cdf3,2018-01-19,I10,Essential (primary) hypertension,sertraline,WBC,5.11
76b47f23-683a-4bec-a741-d1d7505945f2,7ef6479f-ebf8-472a-93dd-a0fe72368e5c,2015-12-05,J45,Asthma,lisinopril,WBC,4.82
ba50161f-3698-45fa-8713-8d2d532eea1d,7ef6479f-ebf8-472a-93dd-a0fe72368e5c,2022-11-30,M54,Back pain,albuterol,WBC,10.01
00fdfadc-c95a-4d62-a465-400fc6ceb037,299175a3-0ccd-4c29-82a2-2845308d0c71,2024-10-31,R51,Headache,atorvastatin,Cholesterol,222.77
57f21a39-890d-4bee-a437-f1978b825463,24c87b1f-90c0-43fc-9c49-f9b58c179ac5,2025-03-28,F32,Major depressive disorder,albuterol,Creatinine,1.19
4510a53a-273b-49ae-98b9-90a6947d3dcf,24c87b1f-90c0-43fc-9c49-f9b58c179ac5,2015-11-01,M54,Back pain,albuterol,Cholesterol,136.57
deb51509-393f-4a35-a8d8-e4f676bed76a,24c87b1f-90c0-43fc-9c49-f9b58c179ac5,2017-02-21,M54,Back pain,albuterol,Cholesterol,144.42
6b9cedb9-300f-4984-a473-15a4ed2ef3a4,24c87b1f-90c0-43fc-9c49-f9b58c179ac5,2019-03-31,I10,Essential (primary) hypertension,metformin,Cholesterol,195.66
1eb592ee-945d-4bf7-854a-fe7325c5e064,24c87b1f-90c0-43fc-9c49-f9b58c179ac5,2019-08-26,E11,Type 2 diabetes mellitus,ibuprofen,Creatinine,1.03
3ea8e852-40fc-4f38-a5c2-e7df7b20d1cd,aeb52e6d-d54e-4eea-a3b4-bb2cb89a7c4f,2020-08-02,E11,Type 2 diabetes mellitus,atorvastatin,Cholesterol,163.13
b5351db7-1598-4064-b6bb-e77e3665ed32,aeb52e6d-d54e-4eea-a3b4-bb2cb89a7c4f,2025-08-14,E11,Type 2 diabetes mellitus,atorvastatin,WBC,6.41
521783d7-3f14-4c42-a888-7a40c115a98a,1c8fa7ff-5d61-4f69-a5e9-55ef69d30461,2022-01-24,J45,Asthma,ibuprofen,Creatinine,0.7
4b52f76c-405f-4969-affa-22c7288e1d94,1fa49cf5-c6ae-4c99-83fd-49f2db8d01cd,2023-01-20,J45,Asthma,sertraline,Creatinine,0.99
33acf5cd-e5d2-4d00-89c7-375294d94842,1fa49cf5-c6ae-4c99-83fd-49f2db8d01cd,2020-02-14,F32,Major depressive disorder,lisinopril,Cholesterol,240.14
9b252b24-2417-4665-b3b3-14848af15e41,1fa49cf5-c6ae-4c99-83fd-49f2db8d01cd,2021-07-16,J45,Asthma,sertraline,Creatinine,1.12
f2eba620-cfca-4bad-87a9-b99811ec648f,cc5908b1-2b15-44c3-b1bf-ccd30fd2b85b,2024-03-29,M54,Back pain,atorvastatin,WBC,10.33
6fced2f6-6d39-400b-bbe6-3f1e039867f8,cc5908b1-2b15-44c3-b1bf-ccd30fd2b85b,2017-08-18,J45,Asthma,lisinopril,Cholesterol,271.26
5c230d75-18e2-4ad5-baa3-6e10c87f2599,cc5908b1-2b15-44c3-b1bf-ccd30fd2b85b,2023-07-07,I10,Essential (primary) hypertension,atorvastatin,WBC,7.26
2ad82895-9b67-4bd3-ab62-9552dc8d40d6,cc5908b1-2b15-44c3-b1bf-ccd30fd2b85b,2025-08-09,I10,Essential (primary) hypertension,sertraline,Cholesterol,126.89
1d5960fc-5b7a-498c-b7bf-4762a1ee785f,cc5908b1-2b15-44c3-b1bf-ccd30fd2b85b,2016-03-09,R51,Headache,ibuprofen,Creatinine,1.66
d0fb88ab-bc86-46ed-b137-d811b29bfe29,1c40edc6-231f-4257-a1b0-13d81a5258c4,2022-11-25,M54,Back pain,ibuprofen,HbA1c,8.28
ec89d7c6-d63f-4e1d-89e4-63e894230a2f,1c40edc6-231f-4257-a1b0-13d81a5258c4,2017-12-20,I10,Essential (primary) hypertension,metformin,WBC,10.32
200167f2-c10a-421f-9bbf-76cec02ff075,1c40edc6-231f-4257-a1b0-13d81a5258c4,2020-05-15,R51,Headache,metformin,Cholesterol,248.92
081a5313-d218-4722-a857-b06669dfdce8,75ec7933-0283-43c5-be5b-08214180dc73,2021-08-31,J45,Asthma,ibuprofen,Creatinine,0.95
4df386f9-86e3-4dc8-8854-2209dc941b72,75ec7933-0283-43c5-be5b-08214180dc73,2021-02-04,E11,Type 2 diabetes mellitus,albuterol,WBC,8.19
25bc70fe-82e3-484e-a6ab-e625070a5009,75ec7933-0283-43c5-be5b-08214180dc73,2018-06-05,R51,Headache,ibuprofen,WBC,11.81
bd61e308-0889-4326-87cc-d36fccf94838,79d1d62e-d8b6-4a0e-9d6b-98bed41b3a7d,2021-09-24,J45,Asthma,atorvastatin,Cholesterol,254.95
73d0fbc8-9632-4032-9172-adc0415f81ac,79d1d62e-d8b6-4a0e-9d6b-98bed41b3a7d,2020-09-13,E11,Type 2 diabetes mellitus,sertraline,Creatinine,1.14
e77777e7-d0a4-4509-a445-cdbffb05d288,79d1d62e-d8b6-4a0e-9d6b-98bed41b3a7d,2024-02-02,I10,Essential (primary) hypertension,atorvastatin,Creatinine,1.07
c2ec4ca9-4171-4d31-a73f-67c7ad8f9306,08d5d910-e30b-4e66-881d-80f7868b823d,2019-04-21,F32,Major depressive disorder,metformin,HbA1c,6.04
61d4ce6e-e105-45ec-af5c-5ed8e5fcef89,08d5d910-e30b-4e66-881d-80f7868b823d,2023-02-26,J45,Asthma,albuterol,Creatinine,1.54
4befb4bb-a323-420d-9758-b184b837ed26,08d5d910-e30b-4e66-881d-80f7868b823d,2018-12-04,R51,Headache,sertraline,Creatinine,1.82
39cefdda-603b-4ed8-881f-d735f517a55b,08d5d910-e30b-4e66-881d-80f7868b823d,2016-12-15,J45,Asthma,atorvastatin,Cholesterol,182.8
a176c199-2f9d-46ec-aa4c-1c840b577f38,08d5d910-e30b-4e66-881d-80f7868b823d,2023-08-26,E11,Type 2 diabetes mellitus,lisinopril,WBC,8.96
53735424-399f-411b-a419-0a43901730ef,ef550570-26c5-4dd3-a8f4-1d66dabbebe3,2023-05-09,I10,Essential (primary) hypertension,sertraline,HbA1c,5.41
7b9bb0ca-433c-47a5-a236-6f304e60ca76,b78b2384-e630-417e-86b6-f1d9fc23a5e8,2019-07-25,E11,Type 2 diabetes mellitus,metformin,Cholesterol,204.8
d1216ac2-7862-4361-b128-b8287964dc6d,b78b2384-e630-417e-86b6-f1d9fc23a5e8,2024-10-12,E11,Type 2 diabetes mellitus,albuterol,WBC,3.76
218b0a2d-2aff-42bd-9849-3ed60de2b2d6,b78b2384-e630-417e-86b6-f1d9fc23a5e8,2015-10-14,F32,Major depressive disorder,albuterol,WBC,5.23
35cd49f6-65fe-416c-9e7e-a8758de3e380,b78b2384-e630-417e-86b6-f1d9fc23a5e8,2022-07-12,F32,Major depressive disorder,atorvastatin,WBC,4.18
722a4319-212e-46d4-ab1e-826dce8a14e7,d39292d5-d766-42ec-bdf8-bcc74721406b,2025-05-23,E11,Type 2 diabetes mellitus,atorvastatin,Creatinine,1.78
8aff29cc-2ac8-42e6-aaff-8aa15205fb2c,d39292d5-d766-42ec-bdf8-bcc74721406b,2022-01-24,F32,Major depressive disorder,sertraline,Creatinine,1.28
130248d4-7b4f-4b90-902a-af3eeeb0a06a,65fe99bb-1e80-41cc-a0e9-e118af29731d,2017-11-21,M54,Back pain,lisinopril,Cholesterol,226.21
f683c903-1800-4139-9b5e-b9f99260e61c,65fe99bb-1e80-41cc-a0e9-e118af29731d,2018-08-01,M54,Back pain,sertraline,Creatinine,1.85
f88082d2-cbcf-46d3-b8ec-0a9b640fe775,7ada2b96-544b-43e5-984c-36c59381f028,2019-08-30,I10,Essential (primary) hypertension,metformin,Cholesterol,161.57
8a4fbae9-cb03-40e2-9b85-6964c7b87ace,7ada2b96-544b-43e5-984c-36c59381f028,2021-02-02,J45,Asthma,lisinopril,Creatinine,0.42
261a4a39-fcde-4507-8cc2-cb4e66073887,7ada2b96-544b-43e5-984c-36c59381f028,2019-11-05,I10,Essential (primary) hypertension,albuterol,Creatinine,1.15
c7596d51-2801-4039-ac1d-52353b7b5bc9,7ada2b96-544b-43e5-984c-36c59381f028,2025-08-14,R51,Headache,sertraline,Cholesterol,159.92
4cb87ce0-560c-46c3-91e4-24036df9474e,54ad05d6-550b-45d6-bdbd-b75611a19097,2016-10-06,J45,Asthma,ibuprofen,WBC,10.17
caf615e5-c191-4714-b67d-596ceba33e5d,54ad05d6-550b-45d6-bdbd-b75611a19097,2019-07-26,J45,Asthma,lisinopril,Cholesterol,276.43
03340412-c860-4e27-87ed-5a388dbbb64b,54ad05d6-550b-45d6-bdbd-b75611a19097,2020-10-23,F32,Major depressive disorder,lisinopril,WBC,9.43
47478925-7d24-4032-a5e1-5c1719de9fe1,54ad05d6-550b-45d6-bdbd-b75611a19097,2018-06-21,F32,Major depressive disorder,sertraline,WBC,5.37
afe315d0-b865-455e-926e-566879b53c20,6d80c5f4-806c-48d9-966c-c89dad1612b2,2018-09-13,I10,Essential (primary) hypertension,ibuprofen,Creatinine,0.86
35c2f88c-e7db-499b-9871-5743daeddbd8,6d80c5f4-806c-48d9-966c-c89dad1612b2,2017-05-19,M54,Back pain,albuterol,Cholesterol,137.6
f7d03a7c-af29-4057-8ad3-38ee7ec3fd65,6d80c5f4-806c-48d9-966c-c89dad1612b2,2024-12-11,I10,Essential (primary) hypertension,lisinopril,Creatinine,0.58
473044fc-4fc4-42bf-8db8-5fea8134c63a,6d80c5f4-806c-48d9-966c-c89dad1612b2,2020-08-09,M54,Back pain,sertraline,Creatinine,1.52
837aa41d-2fd5-46cd-a793-08a66e3fc7e4,794a4e29-6cb6-4e7f-9ad5-eee038a3f0e9,2023-08-10,J45,Asthma,metformin,WBC,3.45
f4212548-5fcc-4666-b4f5-4a276b60ca74,794a4e29-6cb6-4e7f-9ad5-eee038a3f0e9,2019-09-18,E11,Type 2 diabetes mellitus,lisinopril,HbA1c,7.18
cd9562f5-5949-4f4b-b62f-50767d912565,794a4e29-6cb6-4e7f-9ad5-eee038a3f0e9,2024-04-23,R51,Headache,sertraline,HbA1c,6.71
3bd73ab7-a41f-4827-959a-422248bd7f47,794a4e29-6cb6-4e7f-9ad5-eee038a3f0e9,2024-01-09,E11,Type 2 diabetes mellitus,sertraline,WBC,6.08
75b88582-5dca-4b2c-95c2-f139c2b5e34e,629de7cb-4470-4e3d-875d-b70a7d5d514a,2016-11-25,F32,Major depressive disorder,albuterol,Cholesterol,239.39
3f857a22-4452-4e5e-8cc8-7b7441fb3204,629de7cb-4470-4e3d-875d-b70a7d5d514a,2025-05-11,J45,Asthma,metformin,WBC,3.5
9de123c7-a597-469a-bade-8a1e238fa199,629de7cb-4470-4e3d-875d-b70a7d5d514a,2017-01-05,F32,Major depressive disorder,metformin,Cholesterol,136.32
d4dd37db-82ae-4d65-8ab3-3b94bc48f347,832a18ff-82d4-42ea-bc01-d58093dc3ba0,2016-07-19,F32,Major depressive disorder,metformin,HbA1c,13.76
8bcf13de-99ec-4bf7-86c1-df2441a3c574,832a18ff-82d4-42ea-bc01-d58093dc3ba0,2017-09-12,I10,Essential (primary) hypertension,sertraline,Cholesterol,149.43
d405d1a9-24f6-4430-8769-041286e9fa19,832a18ff-82d4-42ea-bc01-d58093dc3ba0,2025-05-03,I10,Essential (primary) hypertension,sertraline,HbA1c,9.45
fc7fad63-f945-4649-80be-afa1231c37c3,7c18a29d-a3ac-466c-b4a0-908d9c28eb90,2020-05-30,F32,Major depressive disorder,atorvastatin,Creatinine,1.9
09b6950f-5bd2-4cb1-b8b1-30054b1383f5,7c18a29d-a3ac-466c-b4a0-908d9c28eb90,2023-12-08,R51,Headache,atorvastatin,HbA1c,11.57
7ef3e567-6f21-4af8-bce6-010ce1049753,43e23d4d-50e1-410d-af40-a35faf82b9df,2019-11-15,E11,Type 2 diabetes mellitus,albuterol,Cholesterol,227.7
265be9cf-9486-4046-80c4-044b23d2c129,43e23d4d-50e1-410d-af40-a35faf82b9df,2023-06-27,J45,Asthma,metformin,WBC,11.76
9163da73-f6b9-4189-9492-4abf61a0ae2d,43e23d4d-50e1-410d-af40-a35faf82b9df,2023-01-25,R51,Headache,sertraline,Creatinine,0.42
f802e986-512f-43ff-ae20-277242332b48,43e23d4d-50e1-410d-af40-a35faf82b9df,2016-10-21,J45,Asthma,ibuprofen,HbA1c,8.26
7b0c7a50-1836-4d23-aec1-93ac74193b71,43e23d4d-50e1-410d-af40-a35faf82b9df,2022-12-27,E11,Type 2 diabetes mellitus,metformin,Cholesterol,237.68
185b0c63-36a7-4bd8-8492-a15e36f2d896,bd1cc015-ce2d-4c17-8cf3-51ca620c9730,2021-07-19,E11,Type 2 diabetes mellitus,lisinopril,WBC,7.5
cc142ace-2259-4dcb-8141-677b20d460c3,bd1cc015-ce2d-4c17-8cf3-51ca620c9730,2018-01-08,M54,Back pain,albuterol,HbA1c,5.07
eecc43f4-2c10-42ea-9aff-00ec0cbc93d5,b880f976-e5a0-438d-a70f-6f76fd9186f6,2017-11-06,M54,Back pain,metformin,WBC,7.39
c00c4670-8066-42d2-938b-d5036f49ac8b,b880f976-e5a0-438d-a70f-6f76fd9186f6,2022-02-28,M54,Back pain,atorvastatin,Creatinine,1.69
b0a5d360-78c9-4a04-94fc-ef2c02f93908,a57b1511-8f59-4dc8-8b19-c1d620b5d7b9,2017-06-28,I10,Essential (primary) hypertension,metformin,Cholesterol,171.63
18388c21-f029-4485-8936-c3f43bd62a9c,a57b1511-8f59-4dc8-8b19-c1d620b5d7b9,2024-03-15,J45,Asthma,metformin,Cholesterol,241.33
ba9ec2ba-c14e-4437-b7dc-ece8a0bdfc20,a57b1511-8f59-4dc8-8b19-c1d620b5d7b9,2019-06-12,J45,Asthma,ibuprofen,Cholesterol,137.96
1a751870-2328-4e75-830b-bfe52c54bae0,a57b1511-8f59-4dc8-8b19-c1d620b5d7b9,2023-08-15,M54,Back pain,albuterol,Creatinine,1.57
d8597685-09c1-47ee-b224-acc86998a82d,54d673eb-e641-4341-a1ed-6cf72733ebf2,2015-12-26,M54,Back pain,ibuprofen,WBC,3.62
bafe9432-9a4a-4713-a6d9-683f154d66d4,54d673eb-e641-4341-a1ed-6cf72733ebf2,2023-12-23,F32,Major depressive disorder,albuterol,Creatinine,1.27
8a3ed190-1e6b-483c-8e09-a2781bca5e4b,54d673eb-e641-4341-a1ed-6cf72733ebf2,2020-08-15,E11,Type 2 diabetes mellitus,atorvastatin,Cholesterol,246.73
490cc721-49c5-42f8-ac35-295193380710,bfe6d852-6029-49f1-a0ba-6e534ca85ade,2018-10-06,J45,Asthma,ibuprofen,WBC,5.89
7f181ec7-e950-4747-a8b4-5de78b103c1e,33cb18d3-d285-4868-b9fc-11e0f681c749,2018-05-01,M54,Back pain,sertraline,WBC,7.72
4e8a84d3-6a2b-4476-bb56-769e711f47a7,d9407575-24db-4d4d-b503-3338bae8fe9d,2017-02-15,M54,Back pain,lisinopril,Creatinine,0.92
11427894-70bd-4cc7-9756-08d0bb16ebef,d9407575-24db-4d4d-b503-3338bae8fe9d,2018-07-11,J45,Asthma,metformin,HbA1c,9.47
db861587-e0b6-40d8-a238-01859128ec5a,d9407575-24db-4d4d-b503-3338bae8fe9d,2024-12-18,E11,Type 2 diabetes mellitus,lisinopril,WBC,10.86
fdcb8f1b-b86d-4a30-8a20-bd1d9022f6bc,d9407575-24db-4d4d-b503-3338bae8fe9d,2023-06-13,E11,Type 2 diabetes mellitus,sertraline,WBC,3.89
90dddd79-838b-4172-9a57-cc14105d6e12,ad67e5be-c3e6-4ccd-910e-9634946dc2e4,2018-07-08,F32,Major depressive disorder,atorvastatin,Cholesterol,205.16
55523c87-95ba-4e0b-9dd6-45d6bc7cf001,ad67e5be-c3e6-4ccd-910e-9634946dc2e4,2017-11-06,M54,Back pain,albuterol,HbA1c,7.98
8ce9b63a-7159-49fb-b2e8-29408319c449,ad67e5be-c3e6-4ccd-910e-9634946dc2e4,2018-12-02,R51,Headache,metformin,HbA1c,13.34
42d25678-bbc6-4fbc-8dc2-7b5396026f70,ad67e5be-c3e6-4ccd-910e-9634946dc2e4,2023-05-17,R51,Headache,sertraline,HbA1c,8.95
7643e47c-2ced-474d-bb84-344348b48b5f,ad67e5be-c3e6-4ccd-910e-9634946dc2e4,2018-07-19,E11,Type 2 diabetes mellitus,albuterol,Cholesterol,264.41
fab6e10c-18e3-4409-863f-d2e7db816191,334ec4c5-8ee5-4fd9-94c7-48eaf2b48f84,2016-06-23,M54,Back pain,albuterol,HbA1c,11.48
c84f75f8-a617-4219-a59d-ca47e4ea5451,050ada98-a8af-4b95-a1c2-5ec2ebfe638b,2024-11-02,I10,Essential (primary) hypertension,ibuprofen,HbA1c,5.46
d8006ec5-f548-4147-8c7c-3d717e9baa4f,050ada98-a8af-4b95-a1c2-5ec2ebfe638b,2023-02-14,M54,Back pain,sertraline,WBC,4.74
299c7568-ddb7-4ce5-bf79-1003326cbad4,050ada98-a8af-4b95-a1c2-5ec2ebfe638b,2018-05-07,I10,Essential (primary) hypertension,ibuprofen,WBC,8.03
dae3bfd2-1915-4265-acf1-7d6b4ca5a33f,cc23d0a8-464d-429c-a505-382c265c7f87,2021-01-21,R51,Headache,metformin,Creatinine,1.48
55de70fe-3437-4aaf-9550-0f2ac92dc252,cc23d0a8-464d-429c-a505-382c265c7f87,2017-11-01,R51,Headache,sertraline,HbA1c,6.08
1b3cc66b-b7fe-4c57-a460-0848104a492c,cc23d0a8-464d-429c-a505-382c265c7f87,2023-09-10,M54,Back pain,sertraline,Creatinine,1.45
89069aea-2fa3-4063-bfff-e8590aadfc83,cc23d0a8-464d-429c-a505-382c265c7f87,2019-09-23,M54,Back pain,sertraline,Creatinine,1.84
5541f02e-1f81-4015-ae2c-9eeed49dc975,cc23d0a8-464d-429c-a505-382c265c7f87,2019-07-18,J45,Asthma,albuterol,Cholesterol,252.84
afb8a932-e0ab-4cb9-b4e0-a8f602d79721,f438e03a-d2ff-4166-a8fe-2fb9c40fc3a9,2016-06-13,R51,Headache,albuterol,WBC,8.07
316c2bbb-41c8-415a-8e87-33fafec8ff38,f438e03a-d2ff-4166-a8fe-2fb9c40fc3a9,2023-04-25,F32,Major depressive disorder,ibuprofen,Creatinine,0.98
177197b5-3ebe-4804-83d4-9a0d84bfb616,f438e03a-d2ff-4166-a8fe-2fb9c40fc3a9,2020-08-21,F32,Major depressive disorder,sertraline,HbA1c,11.4
1fc31775-ae8c-4b5d-8f16-8e16c08c0d08,f438e03a-d2ff-4166-a8fe-2fb9c40fc3a9,2022-07-10,M54,Back pain,metformin,WBC,11.94
793cee1a-f200-423c-ab6f-b11edaf018d4,af6345ff-0ce9-48ff-bdfc-16f73d54b06d,2025-08-22,J45,Asthma,lisinopril,WBC,10.7
3d83f63d-41cc-4f9a-a705-3280c256ecc8,af6345ff-0ce9-48ff-bdfc-16f73d54b06d,2025-06-21,R51,Headache,albuterol,WBC,3.85
f076fd35-8548-4905-a309-515ff8ba7a35,af6345ff-0ce9-48ff-bdfc-16f73d54b06d,2020-07-20,J45,Asthma,lisinopril,WBC,5.38
930fd423-3326-40c5-9d1a-522c876aca1f,b1bd6e3c-81eb-48fd-8822-d6b2f9981390,2022-11-29,I10,Essential (primary) hypertension,albuterol,Creatinine,0.55
efcabdf5-6a8b-4372-83b4-12d59438c117,b1bd6e3c-81eb-48fd-8822-d6b2f9981390,2021-03-25,M54,Back pain,lisinopril,HbA1c,11.37
6f2fafbd-a3f7-43ef-b66c-9b8ce8519a21,b1bd6e3c-81eb-48fd-8822-d6b2f9981390,2016-10-27,F32,Major depressive disorder,lisinopril,Cholesterol,265.14
1e3ee70f-442b-4fa1-8fa3-a2d653556837,b1bd6e3c-81eb-48fd-8822-d6b2f9981390,2017-12-24,R51,Headache,ibuprofen,HbA1c,10.15
63c2bbe9-df94-400c-923f-4f5af9d9266f,b1bd6e3c-81eb-48fd-8822-d6b2f9981390,2022-05-06,E11,Type 2 diabetes mellitus,atorvastatin,Cholesterol,115.7
1550ced2-3c24-49d6-9599-5255f29f6033,6e6fb8c5-4dbf-4e49-96ce-aa67d7cd51fd,2017-01-25,J45,Asthma,albuterol,Cholesterol,183.3
583d568f-64ed-4448-85bd-4e08e00bc550,2b317df4-636d-41b3-b9a5-e9b5800b47a5,2015-12-17,I10,Essential (primary) hypertension,atorvastatin,HbA1c,10.52
0960e46f-33fe-4ea4-9340-f5f8d67034fd,879bedd7-8915-46a2-bc40-106586e56c45,2025-02-08,J45,Asthma,ibuprofen,HbA1c,7.53
28fbbf47-f7c2-44f6-a76e-3b7015a4fbb8,879bedd7-8915-46a2-bc40-106586e56c45,2019-05-19,I10,Essential (primary) hypertension,albuterol,WBC,4.38
e7aa677a-35ce-4e05-b454-828514376a79,879bedd7-8915-46a2-bc40-106586e56c45,2018-02-27,R51,Headache,sertraline,Cholesterol,250.57
19218d8e-227b-4ff2-aba9-a011d82a7ff1,879bedd7-8915-46a2-bc40-106586e56c45,2019-04-06,M54,Back pain,metformin,WBC,6.89
a651ed43-c37e-4898-9d54-2c0f5e8f03bc,d4c5c49a-2c28-448c-afb3-66d59ee6325a,2024-01-20,I10,Essential (primary) hypertension,albuterol,HbA1c,9.02
a2f1ba10-078f-49ab-a658-8854e27058c4,d4c5c49a-2c28-448c-afb3-66d59ee6325a,2017-05-10,E11,Type 2 diabetes mellitus,ibuprofen,Cholesterol,152.51
e1ae702e-5e43-46e3-8d30-fac64a0337bb,d4c5c49a-2c28-448c-afb3-66d59ee6325a,2021-03-30,M54,Back pain,sertraline,WBC,9.86
8f4b5c3a-a5e3-4143-9b63-fd9b2d5044b7,d4c5c49a-2c28-448c-afb3-66d59ee6325a,2020-04-27,M54,Back pain,lisinopril,Cholesterol,179.06
07bd26de-7cb7-4bb0-af6d-882849972d97,ccafacac-78c9-447f-9a55-d5d837ddd13f,2023-07-07,M54,Back pain,ibuprofen,WBC,5.18
014df497-63e1-43a9-bb88-5631618f82c6,ccafacac-78c9-447f-9a55-d5d837ddd13f,2022-09-23,F32,Major depressive disorder,albuterol,HbA1c,5.57
ade1416a-21ed-4a53-b7de-a1c0210b00e9,ccafacac-78c9-447f-9a55-d5d837ddd13f,2021-01-27,F32,Major depressive disorder,albuterol,Creatinine,0.7
33219cd5-26e3-45db-aac9-0143063662bf,ccafacac-78c9-447f-9a55-d5d837ddd13f,2021-11-06,M54,Back pain,atorvastatin,HbA1c,11.81
4f9fa3dd-f2be-4fe4-b42f-1fd121edac18,ccafacac-78c9-447f-9a55-d5d837ddd13f,2023-10-25,J45,Asthma,ibuprofen,Cholesterol,224.64
ee619edd-fc47-4fb3-82d1-b8e71df85fac,9297b71a-5ea5-46ea-ac72-5d8173552a1e,2025-03-18,I10,Essential (primary) hypertension,lisinopril,Creatinine,0.65
3d5ed990-0c6b-4f2d-ba37-f44a9162dc10,9297b71a-5ea5-46ea-ac72-5d8173552a1e,2017-07-18,E11,Type 2 diabetes mellitus,metformin,HbA1c,6.81
c981507f-24c5-480e-aae8-1fff4dd9151a,9297b71a-5ea5-46ea-ac72-5d8173552a1e,2018-10-01,I10,Essential (primary) hypertension,albuterol,HbA1c,7.76
03ff9e74-cbfb-430e-83a9-9da3ec78fe34,9297b71a-5ea5-46ea-ac72-5d8173552a1e,2016-09-10,E11,Type 2 diabetes mellitus,albuterol,Cholesterol,194.24
26d82935-5feb-4ff2-9e9c-dd4c1d1692a8,1da6aeba-84bc-43ae-8e4c-99a6bba7239a,2023-05-15,R51,Headache,ibuprofen,WBC,4.83
6eb1fb3f-ce00-4b0a-a0d4-6ce120823cc2,1da6aeba-84bc-43ae-8e4c-99a6bba7239a,2019-11-05,J45,Asthma,ibuprofen,Cholesterol,224.61
7e504e6a-bf61-4e3a-82c0-33274a0bb82e,1da6aeba-84bc-43ae-8e4c-99a6bba7239a,2024-02-17,R51,Headache,atorvastatin,HbA1c,8.08
bc2371d3-5c0d-4e91-94b9-1562230b7f81,d541980e-64f5-47e3-8af1-2926da4413a1,2025-03-23,J45,Asthma,lisinopril,HbA1c,7.2
9be56ab4-ada9-443f-a504-083a6e842ecf,d541980e-64f5-47e3-8af1-2926da4413a1,2016-11-11,R51,Headache,ibuprofen,Creatinine,0.48
ae6f72e6-9d4f-49c7-ba35-74b5b2e9ca54,d541980e-64f5-47e3-8af1-2926da4413a1,2018-05-16,E11,Type 2 diabetes mellitus,metformin,Cholesterol,232.07
79e97a4a-974f-4634-a47a-756784b53cda,d541980e-64f5-47e3-8af1-2926da4413a1,2018-04-12,R51,Headache,albuterol,HbA1c,4.68
a39c8760-94ac-4e18-9b72-a5498d0fbf79,d541980e-64f5-47e3-8af1-2926da4413a1,2015-12-27,R51,Headache,sertraline,WBC,11.82
2d71e5a5-6e18-4acb-8a59-6cfd6264cd24,125d419b-2545-4422-982d-52877d8ec204,2017-10-03,E11,Type 2 diabetes mellitus,albuterol,Cholesterol,273.35
64935b06-a6bd-444b-b8fd-1769419d5e02,125d419b-2545-4422-982d-52877d8ec204,2019-10-02,E11,Type 2 diabetes mellitus,lisinopril,WBC,7.51
0c0f568a-af63-4f77-929c-235ec3b65be2,125d419b-2545-4422-982d-52877d8ec204,2020-07-30,M54,Back pain,atorvastatin,HbA1c,4.88
fb335bbf-e1d2-4b70-b8de-d8ac8da4d5e6,125d419b-2545-4422-982d-52877d8ec204,2019-10-11,J45,Asthma,albuterol,Cholesterol,178.68
9786ece7-49f9-479a-b657-0c2c5994e800,125d419b-2545-4422-982d-52877d8ec204,2023-12-14,E11,Type 2 diabetes mellitus,albuterol,Creatinine,0.97
26d5e555-f4ac-46e1-bd8b-0d4c83088c91,4bef8cad-c52b-4351-b692-ed88998c9d8c,2023-01-24,M54,Back pain,albuterol,HbA1c,10.45
748d1872-2656-4ecd-9e48-79586f1bbddf,4bef8cad-c52b-4351-b692-ed88998c9d8c,2015-11-10,F32,Major depressive disorder,metformin,Creatinine,0.76
de27aba7-04b7-45fb-ace5-7434d434ddf7,4bef8cad-c52b-4351-b692-ed88998c9d8c,2021-11-18,F32,Major depressive disorder,atorvastatin,WBC,3.79
d90861e3-4137-405b-a0f2-979496fced33,d6cfcf78-c715-455f-a06f-c13e0b63d14c,2019-11-16,R51,Headache,ibuprofen,WBC,6.76
69b12078-070c-4f0e-8f0d-42f545877e84,d6cfcf78-c715-455f-a06f-c13e0b63d14c,2019-04-16,I10,Essential (primary) hypertension,sertraline,Creatinine,1.86
32d1d3f3-b409-487e-90db-7ac1d8118abc,d6cfcf78-c715-455f-a06f-c13e0b63d14c,2022-01-08,F32,Major depressive disorder,ibuprofen,WBC,4.86
10a3904d-98ce-42bb-910b-aa27f0421081,d6cfcf78-c715-455f-a06f-c13e0b63d14c,2024-02-28,M54,Back pain,ibuprofen,WBC,10.76
da35ce5f-2392-403f-9c1f-d94b81aebbb1,3bf79b23-6006-4bb4-a14e-be1e9338652a,2017-12-28,R51,Headache,ibuprofen,WBC,6.87
d992fe75-1207-4d37-b68d-963c481439dd,3bf79b23-6006-4bb4-a14e-be1e9338652a,2017-01-28,I10,Essential (primary) hypertension,atorvastatin,WBC,5.86
635a7fdb-6315-448c-bb1e-eaba1bbb3bea,3bf79b23-6006-4bb4-a14e-be1e9338652a,2019-06-19,M54,Back pain,atorvastatin,HbA1c,6.25
c81f1cfa-bbe1-44cd-b225-7ee6e7230c5d,7ffc0b93-7227-4115-86db-16527dec324f,2017-07-23,E11,Type 2 diabetes mellitus,albuterol,Cholesterol,292.24
5fe35da7-7679-4d52-a46e-809c64d6520d,7ffc0b93-7227-4115-86db-16527dec324f,2022-04-24,F32,Major depressive disorder,atorvastatin,Creatinine,0.64
41ff89e6-08d3-4c8d-87ed-7d14e7b43e21,c502d24d-ab8d-49b9-96a1-0711cdb32f66,2024-07-07,I10,Essential (primary) hypertension,lisinopril,HbA1c,11.74
fb86cacd-a234-4a78-b209-e66d79b01c40,c502d24d-ab8d-49b9-96a1-0711cdb32f66,2018-11-07,M54,Back pain,albuterol,WBC,8.37
d52e36be-22a5-425b-8cf4-376211941fe6,8941e0e0-4621-4074-98d5-7c3e9d4c5f4c,2018-01-02,E11,Type 2 diabetes mellitus,albuterol,HbA1c,11.04
e9676a82-3650-403e-aff3-07ae8db4a117,8941e0e0-4621-4074-98d5-7c3e9d4c5f4c,2020-05-14,I10,Essential (primary) hypertension,ibuprofen,Cholesterol,242.4
0e57aea6-2e34-4da4-b2d5-18da0b9f5a8f,26b68a36-fac4-4afc-bb4f-8db52484c0a0,2023-08-26,F32,Major depressive disorder,sertraline,Cholesterol,127.5
32b259df-bf10-4978-b321-d8d75b1e3a96,26b68a36-fac4-4afc-bb4f-8db52484c0a0,2023-07-19,I10,Essential (primary) hypertension,metformin,Cholesterol,252.91
2397422a-3a48-4003-9ee2-5ac5b79583d2,26b68a36-fac4-4afc-bb4f-8db52484c0a0,2025-07-18,J45,Asthma,sertraline,WBC,9.68
bacd7e35-83f1-46aa-8e55-8b6492c1dd12,6df77db6-4047-4d2a-98fa-c473ce48b4ef,2017-03-20,I10,Essential (primary) hypertension,metformin,WBC,11.34
385d1327-46a4-4e60-8f4c-4c595196f43d,6df77db6-4047-4d2a-98fa-c473ce48b4ef,2020-10-14,M54,Back pain,sertraline,Creatinine,1.79
200a31d7-8173-453f-805f-a0fb1f5eadee,86615ab4-4600-4895-88cc-4657c6192ba2,2020-12-01,F32,Major depressive disorder,metformin,Cholesterol,244.04
a0af0ad6-9c76-432e-97a0-9b7866f41160,86615ab4-4600-4895-88cc-4657c6192ba2,2021-04-17,M54,Back pain,atorvastatin,HbA1c,9.45
29b520e4-eb40-416b-8475-3115756e7f43,600c118d-7b4e-4157-98e6-353b8db90f00,2020-08-03,E11,Type 2 diabetes mellitus,lisinopril,Cholesterol,296.77
9d73b72d-924b-450c-8eb0-e4d221ff1864,600c118d-7b4e-4157-98e6-353b8db90f00,2025-04-10,M54,Back pain,sertraline,HbA1c,6.3
fc62c1ed-9614-4a75-a251-13601f520334,600c118d-7b4e-4157-98e6-353b8db90f00,2020-10-13,F32,Major depressive disorder,albuterol,Creatinine,1.14
2f5f35c8-54c1-42d0-9110-af9d37d0b6a6,600c118d-7b4e-4157-98e6-353b8db90f00,2020-12-22,J45,Asthma,ibuprofen,HbA1c,11.05
95b81318-8aab-4252-b72f-da496d4bf1f9,a71585c7-b684-4ac7-b5b2-2c63a363e7f1,2020-07-07,R51,Headache,sertraline,HbA1c,11.37
4550c0c6-1a3e-4239-9855-d4578696a2b5,a71585c7-b684-4ac7-b5b2-2c63a363e7f1,2024-06-11,I10,Essential (primary) hypertension,ibuprofen,WBC,6.54
f3ed7ab3-b8d4-4fb6-b8fb-2dbbae252a21,520c6c64-9333-41bd-a2db-c0efde3068de,2020-08-28,E11,Type 2 diabetes mellitus,lisinopril,Cholesterol,218.06
adf6099b-d5a3-44c9-8959-a8706b479b7c,520c6c64-9333-41bd-a2db-c0efde3068de,2017-09-21,I10,Essential (primary) hypertension,sertraline,HbA1c,6.88
7dcca618-8861-49cc-9704-1c60a3b80ea8,520c6c64-9333-41bd-a2db-c0efde3068de,2017-12-15,R51,Headache,atorvastatin,WBC,9.47
310d9fc7-8513-467c-b24a-aff1d6fd1de4,afb68d88-704e-44aa-b2c7-91d1f0c9a088,2024-09-09,E11,Type 2 diabetes mellitus,atorvastatin,Cholesterol,226.81
f8fa6c1e-e4d2-4655-84fc-1e45928ed723,089be10e-589b-4423-b3dd-5f144037ddb1,2019-11-03,R51,Headache,sertraline,WBC,6.41
26785bea-96d2-4ea0-89ba-fe1a428ee497,b246742d-9028-4e01-8576-324c1e64eaf9,2025-03-22,I10,Essential (primary) hypertension,albuterol,WBC,4.46
6073c710-daf5-4f90-90a3-2f79559bc15a,b246742d-9028-4e01-8576-324c1e64eaf9,2024-02-03,I10,Essential (primary) hypertension,atorvastatin,HbA1c,8.49
00414c42-a02f-4116-8eed-3d34a9ec6d8b,b246742d-9028-4e01-8576-324c1e64eaf9,2022-03-30,R51,Headache,sertraline,Creatinine,1.4
f64da82d-44df-4bc6-be2e-d826e132f5f0,b246742d-9028-4e01-8576-324c1e64eaf9,2024-05-24,I10,Essential (primary) hypertension,lisinopril,HbA1c,10.41
f050fd6f-d6cc-4f89-b60f-db06a4b6efaf,46377abe-8d6b-450e-a8b0-1cbda4ce9f51,2025-07-29,F32,Major depressive disorder,sertraline,Cholesterol,208.7
2f9e8587-9bcc-4136-b0be-cfbc22b64d6e,46377abe-8d6b-450e-a8b0-1cbda4ce9f51,2025-08-25,M54,Back pain,sertraline,WBC,4.95
7b7c98b3-149c-4083-b747-b45d3c87a20a,46377abe-8d6b-450e-a8b0-1cbda4ce9f51,2018-04-26,F32,Major depressive disorder,sertraline,Cholesterol,188.38
eca224a1-ae7c-4440-bf56-4c325e1d9fa2,9c6daad6-31e4-4e37-a9ea-65441f3d3776,2018-12-25,E11,Type 2 diabetes mellitus,lisinopril,Creatinine,1.39
b7660afa-e62c-4153-aa96-ff7a87647c0d,9c6daad6-31e4-4e37-a9ea-65441f3d3776,2019-06-18,I10,Essential (primary) hypertension,metformin,WBC,4.33
bc9a6f18-9141-43ad-8b20-05b2691fa7e5,9c6daad6-31e4-4e37-a9ea-65441f3d3776,2018-05-22,J45,Asthma,metformin,WBC,10.68
c79b8c39-30ff-4e8f-a348-1a3f6543fd93,9c6daad6-31e4-4e37-a9ea-65441f3d3776,2018-03-26,M54,Back pain,ibuprofen,Creatinine,0.93
a93e215c-a410-4135-86c8-9881d1644bee,9c6daad6-31e4-4e37-a9ea-65441f3d3776,2024-09-23,E11,Type 2 diabetes mellitus,metformin,Cholesterol,298.75
27e882da-2359-410d-a4b4-3e4004d6dac9,aa761b9a-27b7-41cd-b5bf-a8da4b61be89,2018-03-06,J45,Asthma,ibuprofen,WBC,11.7
025cb83f-1914-4727-9e81-e51fe9a5cff8,aa761b9a-27b7-41cd-b5bf-a8da4b61be89,2017-04-23,M54,Back pain,albuterol,HbA1c,5.38
c2f404c1-5062-48d8-9ca3-639c771d9e1e,3c24307d-2a5a-4fad-9fdd-15ff03acd0b3,2022-02-03,J45,Asthma,sertraline,HbA1c,11.71
ac9f1914-feb2-4ac3-a23e-6a74706e19ec,3c24307d-2a5a-4fad-9fdd-15ff03acd0b3,2016-04-03,M54,Back pain,metformin,Creatinine,1.15
0702d980-11c9-4cde-be11-9879204a7a69,3c24307d-2a5a-4fad-9fdd-15ff03acd0b3,2024-05-06,R51,Headache,albuterol,Creatinine,1.24
b3b855de-1a66-4285-8338-9fa601c3d15d,0fdd5697-2c9b-4fcd-b302-c4e11f4da549,2023-05-12,R51,Headache,lisinopril,HbA1c,5.54
99f9f42f-5874-4604-9083-8a43c75909ce,0fdd5697-2c9b-4fcd-b302-c4e11f4da549,2017-07-13,R51,Headache,ibuprofen,HbA1c,9.09
70d0ac62-dd16-4b99-b44e-6322bf459edc,0fdd5697-2c9b-4fcd-b302-c4e11f4da549,2017-12-28,M54,Back pain,atorvastatin,Creatinine,1.08
6170af8e-092a-4ae4-8060-eaceef509222,0fdd5697-2c9b-4fcd-b302-c4e11f4da549,2016-03-16,J45,Asthma,albuterol,Creatinine,1.88
b62f6cdd-358b-42df-870d-5ad8a28e7a84,0fdd5697-2c9b-4fcd-b302-c4e11f4da549,2018-10-28,M54,Back pain,sertraline,Cholesterol,198.5
e547533c-9ee1-4878-ab74-5bf9d0064944,5a787cb6-e9aa-4fbd-8fca-165a8a22e8ac,2015-10-21,M54,Back pain,lisinopril,Creatinine,1.97
50629719-9353-4df9-8e45-0309f7d81ad9,5a787cb6-e9aa-4fbd-8fca-165a8a22e8ac,2025-09-11,E11,Type 2 diabetes mellitus,metformin,Cholesterol,225.09
f558ffc4-27c1-451c-bcc1-6eb1b68963aa,b46218e7-3156-48f8-be3b-75adcacc010c,2017-06-11,I10,Essential (primary) hypertension,ibuprofen,Cholesterol,182.81
c92cc8a1-c10c-4b2a-8a39-d850b8da915f,3b114f5f-39f7-4bcb-b608-6c47e47f7f29,2021-10-16,M54,Back pain,atorvastatin,WBC,3.1
0672939e-376b-46f7-9278-25b15dda2cc0,3b114f5f-39f7-4bcb-b608-6c47e47f7f29,2023-06-16,R51,Headache,albuterol,Creatinine,1.66
dbd0e1c2-f488-43f6-8de6-2973de7663df,3b114f5f-39f7-4bcb-b608-6c47e47f7f29,2022-04-06,J45,Asthma,ibuprofen,Creatinine,1.63
e8fc5f64-cf8d-4c39-bbad-4359cb8eef3e,c680f24c-c4e1-4712-903d-de918db6a96c,2018-01-08,J45,Asthma,albuterol,Cholesterol,244.88
88ba5b9f-16de-4d64-aa73-0a88b4ebe424,527b0908-14a1-4f61-adb5-027ba8888ab3,2025-05-21,I10,Essential (primary) hypertension,lisinopril,Creatinine,1.73
48c15c98-757f-4cbb-854c-9c97821229f3,527b0908-14a1-4f61-adb5-027ba8888ab3,2018-03-04,F32,Major depressive disorder,sertraline,HbA1c,10.63
4f2006e5-6cf8-4713-a356-bc61343316d1,527b0908-14a1-4f61-adb5-027ba8888ab3,2020-04-24,I10,Essential (primary) hypertension,atorvastatin,Cholesterol,278.41
80d834e2-62b7-48af-96e3-404263453208,527b0908-14a1-4f61-adb5-027ba8888ab3,2019-09-10,J45,Asthma,sertraline,Cholesterol,285.56
1765d419-c14c-4944-81d2-e0f95fbd8a08,527b0908-14a1-4f61-adb5-027ba8888ab3,2025-01-31,M54,Back pain,albuterol,Creatinine,1.29
c9be9d92-9d2d-4a8d-a5b5-703676fd6471,2e8d63eb-a7d2-4e36-8b05-7068a9d7f08b,2023-05-18,M54,Back pain,atorvastatin,Creatinine,1.68
8944188b-48a4-40a2-b8c9-8511925a2f69,91af14b5-be6a-40cd-8de4-607eca112b15,2024-12-20,I10,Essential (primary) hypertension,albuterol,HbA1c,7.72
b324a992-8e8b-43c5-9298-7903253f94fb,91af14b5-be6a-40cd-8de4-607eca112b15,2021-07-04,R51,Headache,ibuprofen,WBC,8.14
9a71d25c-74e9-49ee-aef5-e821457bbc60,91af14b5-be6a-40cd-8de4-607eca112b15,2021-05-06,I10,Essential (primary) hypertension,ibuprofen,HbA1c,12.71
9f8026d6-3ff0-439a-8240-98742e37997b,c9fd9555-d45c-475c-b193-4e2f955e39b0,2017-10-21,J45,Asthma,atorvastatin,HbA1c,7.08
e8d6eb0e-7230-468d-813b-d3d47105cbce,c9fd9555-d45c-475c-b193-4e2f955e39b0,2024-09-27,F32,Major depressive disorder,lisinopril,Creatinine,1.12
52c37ff3-f7ba-4a86-9baa-d2880c1872e8,c9fd9555-d45c-475c-b193-4e2f955e39b0,2022-04-27,I10,Essential (primary) hypertension,ibuprofen,Creatinine,0.68
95af1596-cdb3-469d-b96d-e700c1f2e382,d9da24f7-f43c-4fe4-b2bd-8ead58254696,2016-11-28,E11,Type 2 diabetes mellitus,lisinopril,HbA1c,8.72
35a00a14-cb1a-4e55-b7ca-c4d569d9936e,d9da24f7-f43c-4fe4-b2bd-8ead58254696,2025-06-07,F32,Major depressive disorder,ibuprofen,WBC,4.71
152a7c93-d642-4939-aef7-6cc6410e5f2b,d9da24f7-f43c-4fe4-b2bd-8ead58254696,2020-04-16,R51,Headache,ibuprofen,Creatinine,1.64
c897b811-d348-43c9-8605-5654302a5a75,620a5ad1-8c9e-47fc-bb4a-0a999d5a3be6,2017-01-31,E11,Type 2 diabetes mellitus,ibuprofen,WBC,4.85
3d4a01e4-4500-467d-902a-97f4f67b6c30,620a5ad1-8c9e-47fc-bb4a-0a999d5a3be6,2025-04-21,F32,Major depressive disorder,sertraline,HbA1c,4.54
db53bb51-b2d6-4461-85b3-35efcc337698,cf5fcfc4-7da1-4776-814f-f01deb41e9a2,2018-01-03,M54,Back pain,metformin,Creatinine,1.15
6fd4913d-b7ce-4aea-af10-1e7d058859af,9b4de5d6-edc4-4dd9-a914-bd6bdc335273,2024-07-22,M54,Back pain,atorvastatin,Creatinine,0.44
b180b42d-deea-4f4a-be58-da0805a32990,35ab55f7-0096-49ea-8ecf-d33d6e9279d5,2018-07-20,I10,Essential (primary) hypertension,albuterol,WBC,4.73
1b038b35-b9fb-42ee-9c68-7cbeb6795ad5,35ab55f7-0096-49ea-8ecf-d33d6e9279d5,2022-08-11,M54,Back pain,albuterol,Cholesterol,234.22
e7037a23-c729-4079-a22e-fd00a0eb19a3,35ab55f7-0096-49ea-8ecf-d33d6e9279d5,2022-08-28,I10,Essential (primary) hypertension,lisinopril,Creatinine,0.58
3524bf2d-8406-45df-b746-db8115979e74,ba349293-07e6-42c5-93f0-9ba0af920ba2,2019-06-09,M54,Back pain,metformin,WBC,7.88
ec016c04-f662-47c0-8c10-4719f6f144e6,ba349293-07e6-42c5-93f0-9ba0af920ba2,2019-07-21,J45,Asthma,albuterol,WBC,11.49
b55c19ca-9037-481b-a66f-e6c8eef14802,ba349293-07e6-42c5-93f0-9ba0af920ba2,2016-09-11,J45,Asthma,ibuprofen,WBC,4.54
033cd96e-4bf9-4b6a-9725-fc7acbe5ac05,ba349293-07e6-42c5-93f0-9ba0af920ba2,2022-03-22,M54,Back pain,albuterol,Cholesterol,110.15
28107aa4-89d7-47e3-9382-9430b6d3634b,ba349293-07e6-42c5-93f0-9ba0af920ba2,2025-05-22,F32,Major depressive disorder,atorvastatin,HbA1c,5.51
52f0ea60-82fb-44cb-b1fb-d9629c789d7d,58eecbdb-fe52-4b16-8745-4fd8aee00393,2024-09-30,F32,Major depressive disorder,sertraline,WBC,9.34
6967bd56-4c77-4a3c-af06-8306bfafb0fd,06650b29-151d-4ec6-9b5a-0649e9240af1,2018-08-27,R51,Headache,atorvastatin,Cholesterol,223.26
f9b7f5f8-a5f5-48c0-87a7-3262f5c4c742,06650b29-151d-4ec6-9b5a-0649e9240af1,2022-03-18,J45,Asthma,lisinopril,HbA1c,13.75
0fa60ed3-153f-4665-9737-065b93d85e0e,06650b29-151d-4ec6-9b5a-0649e9240af1,2017-03-28,F32,Major depressive disorder,ibuprofen,WBC,3.84
d1ce5003-b9e0-4f46-a3fb-a05c3dfbd2d2,06650b29-151d-4ec6-9b5a-0649e9240af1,2016-09-18,R51,Headache,sertraline,HbA1c,8.83
04f756f8-2d1c-4777-bf1d-5315f683a264,06650b29-151d-4ec6-9b5a-0649e9240af1,2018-01-14,R51,Headache,atorvastatin,Cholesterol,194.11
edce722a-16ce-40e7-9fd7-ed15d3d36cef,4de416c2-2fbc-4f05-9a7f-6eeb9e4e0600,2024-02-07,M54,Back pain,albuterol,Creatinine,1.03
32b7458e-fa75-45d3-b49b-cc36ac7fc81c,4de416c2-2fbc-4f05-9a7f-6eeb9e4e0600,2017-11-13,R51,Headache,albuterol,Creatinine,1.13
b2b9dd95-4d5c-4fa9-9851-f8d61834b6ca,947ad3f2-70f0-4db4-967a-d7225a91404c,2024-12-24,F32,Major depressive disorder,metformin,Creatinine,1.17
9a38d0e8-f881-4c17-b068-f7ca0265276f,cf2e2437-b9be-458c-aca8-e71801530d9f,2022-07-19,J45,Asthma,ibuprofen,WBC,7.57
dfe8f852-f5b1-407d-bc48-7f6b0f948849,cf2e2437-b9be-458c-aca8-e71801530d9f,2021-03-01,R51,Headache,metformin,Creatinine,1.29
5631b8c2-c4dc-4d4c-b377-571580d49ebc,559a8be7-32af-4df9-a9c3-1d3824926ff3,2016-10-29,J45,Asthma,ibuprofen,Cholesterol,180.16
ee0075c6-87b6-4b31-b670-bed3374998be,f9a327dc-efca-4902-9abc-e4896e50ccf1,2023-01-14,M54,Back pain,lisinopril,WBC,11.77
c588e674-a506-4a11-b478-c7e6d829a9e1,f9a327dc-efca-4902-9abc-e4896e50ccf1,2021-05-29,E11,Type 2 diabetes mellitus,albuterol,WBC,10.33
4ac42f7c-2fac-4f6d-860b-75fe874cb440,f9a327dc-efca-4902-9abc-e4896e50ccf1,2019-02-01,F32,Major depressive disorder,sertraline,Creatinine,1.27
bc9ab583-d500-4e60-8da4-ac04a9262fc1,f9a327dc-efca-4902-9abc-e4896e50ccf1,2023-01-24,I10,Essential (primary) hypertension,atorvastatin,HbA1c,11.52
076d2ac5-d6ee-4629-b79e-a4fe259595a9,6ec22578-3438-4d8a-8679-c8f5d8e221a4,2016-04-30,F32,Major depressive disorder,metformin,Cholesterol,165.08
bfe5a3c7-116f-4edd-854a-4cd8a6872a2e,6ec22578-3438-4d8a-8679-c8f5d8e221a4,2024-08-14,F32,Major depressive disorder,lisinopril,Creatinine,1.93
5be78cb1-34ae-45a2-a751-ba13c1512aac,6ec22578-3438-4d8a-8679-c8f5d8e221a4,2024-12-06,M54,Back pain,metformin,Cholesterol,165.48
fa8b70dc-be86-4fcd-a252-3f696b267317,6ec22578-3438-4d8a-8679-c8f5d8e221a4,2018-06-25,R51,Headache,metformin,HbA1c,6.57
e1f61536-4dc4-45ed-a95a-8d43649b20ce,6ec22578-3438-4d8a-8679-c8f5d8e221a4,2024-02-26,M54,Back pain,atorvastatin,HbA1c,11.69
c0a5bc06-ba9c-4475-9730-182b0eb8b27a,78ea68f3-c7e6-4b56-af67-c104e3866557,2020-08-19,M54,Back pain,albuterol,Cholesterol,223.11
720e37b9-a5d1-4a09-be5c-ac23fe5593a9,78ea68f3-c7e6-4b56-af67-c104e3866557,2020-09-12,I10,Essential (primary) hypertension,lisinopril,Creatinine,0.88
dd77d3fb-d4ac-4517-8fd5-77364baf03bb,d5367dd5-8d27-45b0-b6aa-0d3e905759e7,2020-11-02,R51,Headache,albuterol,HbA1c,10.04
52f2a168-9c2a-434f-bf63-099a0d00dd1d,d5367dd5-8d27-45b0-b6aa-0d3e905759e7,2018-11-09,M54,Back pain,sertraline,WBC,10.67
7e48a783-6012-4d7e-af21-cb8b15017cb9,d5367dd5-8d27-45b0-b6aa-0d3e905759e7,2025-01-05,J45,Asthma,ibuprofen,HbA1c,4.51
40e866a0-7b58-466d-9020-137ce9b59f1f,40a53946-4f85-40d6-a6d4-58c148f90883,2016-07-05,J45,Asthma,metformin,Creatinine,1.79
9c91e243-34c1-4034-a4fa-e55a0bda4559,40a53946-4f85-40d6-a6d4-58c148f90883,2023-01-28,F32,Major depressive disorder,atorvastatin,Cholesterol,225.04
004a0a64-925a-4cd7-a718-eb10da78793e,40a53946-4f85-40d6-a6d4-58c148f90883,2017-09-24,F32,Major depressive disorder,sertraline,Cholesterol,187.04
25421656-dfe0-42bd-8e01-dca8f2486154,40a53946-4f85-40d6-a6d4-58c148f90883,2023-05-06,R51,Headache,lisinopril,Cholesterol,127.81
3328edaa-5fc0-4e7a-8deb-0e67ab873d87,40a53946-4f85-40d6-a6d4-58c148f90883,2019-06-26,F32,Major depressive disorder,albuterol,Cholesterol,130.85
87dc88f9-71d0-439e-9e11-85447605e62f,3ee0ab0e-4186-4ae1-af2e-6de7d6ae4327,2024-03-16,E11,Type 2 diabetes mellitus,metformin,HbA1c,5.87
1d4d0f7d-a539-4935-b3c9-35f34e740b45,3ee0ab0e-4186-4ae1-af2e-6de7d6ae4327,2015-10-16,F32,Major depressive disorder,atorvastatin,Cholesterol,295.0
82369dbb-e504-4ac8-8c7a-24ad06cec0e7,4a35ddb4-a472-444a-9e3e-d4102f3677c0,2024-10-06,I10,Essential (primary) hypertension,atorvastatin,Cholesterol,272.03
52a3690f-8934-4e26-94e0-5d9aaa6f0c17,4a35ddb4-a472-444a-9e3e-d4102f3677c0,2016-11-12,R51,Headache,ibuprofen,Cholesterol,224.65
8bfee6be-29ed-4aa2-b620-55cb5def287e,baf352e1-46cd-4b55-857e-86d5d65d6a68,2020-01-01,F32,Major depressive disorder,ibuprofen,Cholesterol,176.94
bfd30cfb-1277-4b01-b911-ea35c9523685,baf352e1-46cd-4b55-857e-86d5d65d6a68,2023-03-08,I10,Essential (primary) hypertension,sertraline,HbA1c,9.99
e2a1d6b9-9986-47c2-b687-25fdaaafab88,baf352e1-46cd-4b55-857e-86d5d65d6a68,2016-03-20,R51,Headache,lisinopril,Creatinine,1.06
3d3059ad-4afd-4b89-8a85-91ebffd835b9,baf352e1-46cd-4b55-857e-86d5d65d6a68,2019-08-03,M54,Back pain,albuterol,HbA1c,13.79
f180edc4-d5d3-4d03-ac3c-6213621bbb34,9dfff3ed-b065-4759-bbf0-b6ac08df308b,2020-04-17,R51,Headache,albuterol,HbA1c,10.01
f9dea1aa-ad81-4649-8b7d-84c5973ef43b,9dfff3ed-b065-4759-bbf0-b6ac08df308b,2017-12-20,E11,Type 2 diabetes mellitus,lisinopril,Creatinine,1.14
c899b8e2-fe07-4910-919f-978b913fa2b4,9dfff3ed-b065-4759-bbf0-b6ac08df308b,2024-11-01,M54,Back pain,ibuprofen,HbA1c,6.83
f0c3c44b-86f2-4c50-8627-18b176f163b5,9dfff3ed-b065-4759-bbf0-b6ac08df308b,2018-08-22,R51,Headache,atorvastatin,HbA1c,11.0
a3d82faf-9649-4aa8-8f4e-0a6b26f64d61,9dfff3ed-b065-4759-bbf0-b6ac08df308b,2019-09-01,M54,Back pain,albuterol,HbA1c,13.08
7c03bb6a-759f-4909-945e-297682fe1fb5,88179b1a-7f06-4132-a299-8f90bf170426,2016-12-25,E11,Type 2 diabetes mellitus,sertraline,Cholesterol,202.53
f444d940-3198-427b-a9b6-2a0ef7450c8b,88179b1a-7f06-4132-a299-8f90bf170426,2020-06-14,M54,Back pain,atorvastatin,Creatinine,1.07
44d83614-0989-4797-9082-2a5fccdb6ede,88179b1a-7f06-4132-a299-8f90bf170426,2016-10-05,J45,Asthma,albuterol,WBC,3.32
671e73c7-69d4-44d8-9b64-d58c602d1fc3,88179b1a-7f06-4132-a299-8f90bf170426,2019-01-05,R51,Headache,albuterol,Creatinine,0.5
bbbb8080-cc9c-449f-bb25-8b3d376ac397,88179b1a-7f06-4132-a299-8f90bf170426,2020-05-28,M54,Back pain,lisinopril,HbA1c,10.74
b2fc3793-647f-41e6-930f-8c7a907e7381,b131d6cd-2f31-44f7-b69b-02095a34535e,2016-08-22,R51,Headache,ibuprofen,HbA1c,7.22
ee064e54-4d2b-4bd5-a4c2-a64cae1d89dd,b131d6cd-2f31-44f7-b69b-02095a34535e,2024-10-15,I10,Essential (primary) hypertension,ibuprofen,HbA1c,12.59
0c6e1afd-0f7b-47c4-930b-adcc8b0357f3,b131d6cd-2f31-44f7-b69b-02095a34535e,2022-08-06,J45,Asthma,lisinopril,Creatinine,0.84
54764b3f-4ef0-40fd-829d-de218233f8a0,4df16820-10ae-4aa2-8b38-636d9aa44beb,2025-07-21,R51,Headache,metformin,WBC,11.19
50d9603e-c1c5-4c3f-97a0-e6afd9dae9de,4df16820-10ae-4aa2-8b38-636d9aa44beb,2017-06-05,I10,Essential (primary) hypertension,atorvastatin,Cholesterol,173.95
1d035557-8752-48bf-871a-293b48d3fc81,4df16820-10ae-4aa2-8b38-636d9aa44beb,2023-09-30,J45,Asthma,atorvastatin,WBC,7.36
4cbf945d-2d39-4de4-b7af-64a039ab55fa,1d96f210-2987-477b-9192-4459301bf118,2016-01-18,E11,Type 2 diabetes mellitus,albuterol,HbA1c,13.69
6a16b3a9-6c3d-47a2-9456-afdf75246366,1d96f210-2987-477b-9192-4459301bf118,2019-01-13,I10,Essential (primary) hypertension,sertraline,Cholesterol,254.07
70b564db-cdce-41a9-8fd3-14e79a5ef5ca,1d96f210-2987-477b-9192-4459301bf118,2023-01-17,R51,Headache,sertraline,WBC,4.9
4a4ca3bb-810e-441e-8918-9fd90c52b7f0,1d96f210-2987-477b-9192-4459301bf118,2017-06-24,J45,Asthma,metformin,Creatinine,1.61
32c0b44e-a82f-4353-ae76-f445e5f9dca9,1d96f210-2987-477b-9192-4459301bf118,2024-05-30,E11,Type 2 diabetes mellitus,lisinopril,Cholesterol,179.75
6674c776-8f11-4fd1-9e57-d28bd9fd444f,844c29c0-ec4c-4e52-aadc-b1525f2fbc91,2020-05-16,R51,Headache,ibuprofen,WBC,6.42
caf75f12-3547-4f23-8377-2af0d5106788,844c29c0-ec4c-4e52-aadc-b1525f2fbc91,2017-10-19,F32,Major depressive disorder,sertraline,Creatinine,0.63
71d0c732-3326-46f0-8472-984460ce9908,844c29c0-ec4c-4e52-aadc-b1525f2fbc91,2015-12-15,F32,Major depressive disorder,metformin,Creatinine,1.88
e3bbc6c7-a52b-45d3-b02e-774ddec953e6,591b3810-8f0d-4e76-884d-9da1e3e8f768,2021-06-06,R51,Headache,albuterol,HbA1c,5.42
3cc170f6-6153-45f8-a090-4ad6bba8ca37,591b3810-8f0d-4e76-884d-9da1e3e8f768,2019-10-03,R51,Headache,albuterol,Cholesterol,222.1
30053bc3-aa0c-4af5-8602-4910f59bad11,591b3810-8f0d-4e76-884d-9da1e3e8f768,2018-05-27,J45,Asthma,albuterol,Creatinine,0.83
a3d5d83e-c1dc-4b55-99b6-1894d6faa882,591b3810-8f0d-4e76-884d-9da1e3e8f768,2024-08-11,J45,Asthma,atorvastatin,Cholesterol,192.22
19fcfb44-2197-4380-845e-19be2219cc35,4ce86d6b-4bba-49df-8dae-cadddefd0e24,2017-06-24,R51,Headache,ibuprofen,WBC,7.68
66252c60-0fed-4db5-a437-a103fead7652,4ce86d6b-4bba-49df-8dae-cadddefd0e24,2018-02-11,R51,Headache,lisinopril,Creatinine,1.28
09fb4185-31f7-4c97-ab9f-7cd79e59b0a8,c1c69fac-07df-4cc0-a971-d0f0084de3d2,2016-05-21,E11,Type 2 diabetes mellitus,metformin,Cholesterol,119.54
05ff9902-b381-46bd-b39f-0868abf13a17,0db5e5e7-ece8-4598-9b1d-4cf99eaf4cd8,2018-01-10,F32,Major depressive disorder,albuterol,WBC,9.53
dbfb738c-f60e-4b4f-8bba-c34645de17de,5e18e79b-7a8b-48a5-b086-76fda50496a9,2023-07-20,E11,Type 2 diabetes mellitus,metformin,HbA1c,5.04
5f507acb-7cf8-47bd-ab94-5c18241da8ea,5e18e79b-7a8b-48a5-b086-76fda50496a9,2019-01-19,R51,Headache,lisinopril,HbA1c,11.23
8c2c9c4f-00cc-4e62-96aa-fece4c9256c4,5e18e79b-7a8b-48a5-b086-76fda50496a9,2024-05-14,E11,Type 2 diabetes mellitus,ibuprofen,WBC,6.38
79d59a7d-fa67-4d43-bbcd-dc5d576186e5,7f80ed49-97ae-4b47-9a5b-0ecd396a8581,2016-09-15,I10,Essential (primary) hypertension,metformin,WBC,5.28
2ec3e63f-7abc-4964-8f22-4abc56e3fd79,7f80ed49-97ae-4b47-9a5b-0ecd396a8581,2020-06-23,R51,Headache,metformin,Cholesterol,284.54
09b0200f-971d-488c-98ac-9d3f385a453d,7f80ed49-97ae-4b47-9a5b-0ecd396a8581,2022-08-12,F32,Major depressive disorder,atorvastatin,Creatinine,0.81
a0ba59f3-450a-4c9d-9d86-5e75804c1065,7f80ed49-97ae-4b47-9a5b-0ecd396a8581,2016-12-16,E11,Type 2 diabetes mellitus,albuterol,HbA1c,8.14
a8e95f9a-e099-401c-8285-cb11bbc8e723,7f80ed49-97ae-4b47-9a5b-0ecd396a8581,2021-12-25,E11,Type 2 diabetes mellitus,albuterol,Creatinine,0.68
0ddb3c66-04dc-4431-85fa-1a2611e4cc22,9d91c944-11ea-448f-a87d-014824328169,2020-03-13,I10,Essential (primary) hypertension,ibuprofen,Cholesterol,135.69
095971fe-f740-4717-8cf3-f6e23239159a,8c3c2d00-6472-448f-8a85-f0aee55fdde5,2024-06-30,I10,Essential (primary) hypertension,ibuprofen,Cholesterol,143.68
fb42a7c3-73e0-4c92-b443-f2cca00724b3,8c3c2d00-6472-448f-8a85-f0aee55fdde5,2018-07-01,E11,Type 2 diabetes mellitus,sertraline,Creatinine,0.57
56e16db8-df6c-4696-9914-b0ef7e6e4c01,8c3c2d00-6472-448f-8a85-f0aee55fdde5,2024-11-23,E11,Type 2 diabetes mellitus,ibuprofen,Creatinine,1.64
98f82e6c-90cb-4079-bbcd-efa9740e0e2c,8c3c2d00-6472-448f-8a85-f0aee55fdde5,2025-07-03,F32,Major depressive disorder,lisinopril,HbA1c,13.36
500ae38a-4288-4d3e-a259-660e7929834a,ee4cd582-7085-4f22-941d-9ad80b603213,2022-09-22,I10,Essential (primary) hypertension,atorvastatin,Creatinine,1.85
2fd4fc0e-9f94-48d7-b1fa-0a6bf200d3fc,ee4cd582-7085-4f22-941d-9ad80b603213,2019-04-09,E11,Type 2 diabetes mellitus,ibuprofen,Cholesterol,195.63
5aa8528d-1355-4bd9-897c-25a6449c720f,ee4cd582-7085-4f22-941d-9ad80b603213,2021-03-08,R51,Headache,metformin,WBC,3.03
a9663390-f565-470f-9981-a50fb9645b82,ee4cd582-7085-4f22-941d-9ad80b603213,2017-12-25,F32,Major depressive disorder,metformin,Creatinine,0.93
566fa5c3-0533-4bc4-95ce-f148c5ce8b82,2d02baae-2b6f-4982-9f0f-65e28b65e7cb,2021-03-22,E11,Type 2 diabetes mellitus,atorvastatin,HbA1c,7.97
965b3c04-68f8-4005-a7a5-9216e5c8d6d2,2d02baae-2b6f-4982-9f0f-65e28b65e7cb,2016-02-22,J45,Asthma,metformin,Cholesterol,252.09
30f191fa-d674-4e83-96d7-2ad3fc1fb671,2d02baae-2b6f-4982-9f0f-65e28b65e7cb,2022-06-18,R51,Headache,lisinopril,WBC,7.99
d6ddb084-8319-427b-8227-52e709e90080,15b31b8b-f9fc-4fd0-b4e8-e54a21713797,2018-04-21,I10,Essential (primary) hypertension,albuterol,Cholesterol,279.29
08b73fa7-9997-436a-bbbc-9e1e42389950,15b31b8b-f9fc-4fd0-b4e8-e54a21713797,2018-08-22,R51,Headache,albuterol,Cholesterol,116.97
cb08d837-d551-408d-a080-b971af360c1d,15b31b8b-f9fc-4fd0-b4e8-e54a21713797,2018-08-14,F32,Major depressive disorder,atorvastatin,WBC,4.26
dd92f570-8307-4345-b956-c100ca70ed8a,15b31b8b-f9fc-4fd0-b4e8-e54a21713797,2023-07-20,E11,Type 2 diabetes mellitus,atorvastatin,WBC,7.4
38600fa0-82ad-4486-8d1f-f86c625d225d,d68fa034-dba5-49ef-8ef2-cfb28d0ec76e,2016-10-27,M54,Back pain,atorvastatin,Creatinine,1.2
983cbd55-c225-4ac1-aff6-b2b66bcb3274,9128558f-f145-4074-8716-2fca6e1ca2ce,2025-07-12,E11,Type 2 diabetes mellitus,albuterol,HbA1c,7.71
6d6b9cf0-b09f-47e6-98ca-7960633a7f32,9128558f-f145-4074-8716-2fca6e1ca2ce,2017-08-17,E11,Type 2 diabetes mellitus,sertraline,HbA1c,6.51
c2f19d90-1ad0-4a6c-8669-eb9fb5d7affd,9128558f-f145-4074-8716-2fca6e1ca2ce,2018-05-19,R51,Headache,ibuprofen,Cholesterol,288.02
78090c43-118d-4c7a-b43d-15ddffb109cf,9128558f-f145-4074-8716-2fca6e1ca2ce,2015-12-15,M54,Back pain,lisinopril,WBC,11.32
46cca984-d8ad-48b7-8564-f1023e33022d,03653074-54a5-4088-b4cd-ce0eb78fb401,2017-06-19,I10,Essential (primary) hypertension,sertraline,HbA1c,8.98
cbc4d81d-6d7f-48cf-96e7-3afcabead064,b356c5dd-07e2-4ddc-ad1f-2dd5edf0abd4,2025-03-14,I10,Essential (primary) hypertension,atorvastatin,WBC,3.13
e10ff238-d0fd-4679-a167-63bbb0d3e244,b356c5dd-07e2-4ddc-ad1f-2dd5edf0abd4,2018-08-14,E11,Type 2 diabetes mellitus,albuterol,HbA1c,8.83
35abcad3-aafe-4240-8b59-1b8adda97014,b356c5dd-07e2-4ddc-ad1f-2dd5edf0abd4,2023-10-19,M54,Back pain,metformin,HbA1c,5.58
e505274d-1165-48ef-939c-87ebb70f94a7,b356c5dd-07e2-4ddc-ad1f-2dd5edf0abd4,2019-01-15,M54,Back pain,lisinopril,HbA1c,12.14
b6a6520e-ca81-4f04-a735-5f25580736c4,b356c5dd-07e2-4ddc-ad1f-2dd5edf0abd4,2020-12-07,J45,Asthma,atorvastatin,Cholesterol,164.85
5836225b-1534-47ed-96b0-f1f0e640fd30,3ca3d575-0209-406b-a337-f8b272be4225,2019-08-05,I10,Essential (primary) hypertension,albuterol,WBC,9.88
63aa09e7-6bf3-4fc8-bdd2-7149377b9c06,3ca3d575-0209-406b-a337-f8b272be4225,2019-01-23,I10,Essential (primary) hypertension,albuterol,HbA1c,5.65
9ca42f84-f3dc-408e-8540-8d8d2e38b177,3ca3d575-0209-406b-a337-f8b272be4225,2024-02-17,F32,Major depressive disorder,lisinopril,Creatinine,1.29
b92497a1-bc4b-47bf-abdd-9fbf77eecb9b,3ca3d575-0209-406b-a337-f8b272be4225,2020-10-17,I10,Essential (primary) hypertension,ibuprofen,HbA1c,5.77
cfba9964-1bc0-4b51-bc19-0f62ad6d44bc,3ca3d575-0209-406b-a337-f8b272be4225,2016-11-03,R51,Headache,ibuprofen,Cholesterol,255.53
ee5bd264-2062-478e-8693-75576042370e,8db7c029-bb6a-4e08-b96d-ec3eddb5f48d,2015-11-07,F32,Major depressive disorder,metformin,HbA1c,4.57
55d8f4f9-2ba6-4be0-9b50-c057ad0bfb5f,e423dce5-7273-47f9-afeb-aef472256f9c,2017-10-15,R51,Headache,ibuprofen,Creatinine,1.07
46b9c348-cffa-4261-a843-895a4110d917,62e01572-3c0d-48a0-9186-a71834c2810c,2017-12-13,I10,Essential (primary) hypertension,lisinopril,WBC,8.76
1462f27f-edb4-4cab-8605-cf08c68d7a4d,62e01572-3c0d-48a0-9186-a71834c2810c,2019-11-06,F32,Major depressive disorder,sertraline,WBC,11.44
059014c2-ba7b-49bd-a54a-a3c1fb8c07ad,62e01572-3c0d-48a0-9186-a71834c2810c,2018-11-13,R51,Headache,metformin,WBC,9.45
da9070de-f06f-4fbe-9110-4ff58134ba23,62e01572-3c0d-48a0-9186-a71834c2810c,2018-11-07,E11,Type 2 diabetes mellitus,atorvastatin,Creatinine,0.96
3729c306-b561-47cd-8880-c6d251a9fbfc,6ee510e3-1a6f-42a5-a667-cdf6d9439de1,2019-06-17,I10,Essential (primary) hypertension,lisinopril,HbA1c,13.87
a8446b20-5241-47e8-bff7-1a8966d98b5e,98545964-d74b-40e1-80e7-1afd3deabad7,2018-10-09,J45,Asthma,ibuprofen,WBC,7.18
caedf9b9-0f34-4932-9b6d-393939e3c652,fba314f9-29d2-454a-8b08-f2a68c1ca5b9,2022-08-12,E11,Type 2 diabetes mellitus,lisinopril,HbA1c,12.07
c74b5db7-892e-45ba-93dc-2d18ef2d6df5,fba314f9-29d2-454a-8b08-f2a68c1ca5b9,2018-01-11,F32,Major depressive disorder,sertraline,WBC,4.44
9531dc44-a69f-4863-89e3-7c1ac1c1ce6c,3a2dedac-a033-4c2d-90c8-7b103acfa021,2025-02-08,R51,Headache,albuterol,Creatinine,0.74
f78fa974-d066-48e2-8958-4c3042411904,2000531a-5ef0-4705-8dbf-c43163d65138,2021-12-18,M54,Back pain,sertraline,HbA1c,5.49
e18c0b2c-8e1e-45b7-bb0e-c074ff2ce30c,2000531a-5ef0-4705-8dbf-c43163d65138,2025-02-15,M54,Back pain,lisinopril,WBC,10.07
1ac9382b-5c0f-4f5d-bcbf-b3c195225e81,2000531a-5ef0-4705-8dbf-c43163d65138,2020-04-10,M54,Back pain,metformin,HbA1c,13.0
58029e4e-0e80-4777-8b10-c8382de19b57,449e09b7-b7a1-4a4a-99c2-c0ea2055ae27,2019-01-25,M54,Back pain,albuterol,Cholesterol,139.75
12626722-603e-4b80-9281-e5765f4b8f32,449e09b7-b7a1-4a4a-99c2-c0ea2055ae27,2018-02-14,J45,Asthma,lisinopril,HbA1c,7.6
6c09e71e-9878-4ede-962e-e790201afc8e,449e09b7-b7a1-4a4a-99c2-c0ea2055ae27,2024-08-12,I10,Essential (primary) hypertension,atorvastatin,Cholesterol,273.98
2e9fac8c-923d-45cc-a67e-d5ce06c682f0,449e09b7-b7a1-4a4a-99c2-c0ea2055ae27,2021-07-02,I10,Essential (primary) hypertension,metformin,Cholesterol,217.02
2f7a92db-b089-4520-9a80-f30af550f574,dee8bfd0-c5c0-434b-81d0-5fafb0d0d3a3,2015-09-23,F32,Major depressive disorder,lisinopril,WBC,11.35
f1484ed8-1c5f-4380-9f62-d67c491b9044,91cdd774-9f29-47fc-a524-596a79995f7d,2023-09-19,F32,Major depressive disorder,albuterol,WBC,7.12
4ee6ec61-c800-45ce-acd5-185532aef3b5,91cdd774-9f29-47fc-a524-596a79995f7d,2023-07-15,R51,Headache,albuterol,Creatinine,0.72
96142677-d112-42cc-83f5-52cbde0938b3,91cdd774-9f29-47fc-a524-596a79995f7d,2024-04-14,E11,Type 2 diabetes mellitus,atorvastatin,HbA1c,7.17
877abf78-f5cb-4bd3-bdf0-13d7d113a086,91cdd774-9f29-47fc-a524-596a79995f7d,2024-06-19,F32,Major depressive disorder,sertraline,Cholesterol,134.24
20871422-5086-4968-b2ff-5bc0dc33f619,d55c4bdc-6097-47e0-85ec-7e02f5710219,2023-04-01,J45,Asthma,ibuprofen,WBC,10.11
69a73a7e-e98b-4df0-8585-845cbc4f2602,d55c4bdc-6097-47e0-85ec-7e02f5710219,2018-07-23,M54,Back pain,lisinopril,WBC,3.78
ee27af7d-e6f0-444c-8f7d-c13771077ddd,d55c4bdc-6097-47e0-85ec-7e02f5710219,2016-02-07,M54,Back pain,sertraline,WBC,8.32
cb233d8a-d355-4d5a-877f-98f19e29443c,12f0d57c-6a7e-4dc2-8849-bff6712edcad,2022-08-01,E11,Type 2 diabetes mellitus,atorvastatin,Cholesterol,247.24
2819b98d-589b-4eaf-a9f3-8de91164cc18,12f0d57c-6a7e-4dc2-8849-bff6712edcad,2022-12-12,I10,Essential (primary) hypertension,albuterol,Cholesterol,215.89
0f2ae5e7-3ca3-4fec-ad55-958b50e47d45,12f0d57c-6a7e-4dc2-8849-bff6712edcad,2019-01-29,I10,Essential (primary) hypertension,ibuprofen,HbA1c,8.47
9ac144b7-6e1c-4568-af05-575d062de5d0,12f0d57c-6a7e-4dc2-8849-bff6712edcad,2025-03-20,E11,Type 2 diabetes mellitus,sertraline,HbA1c,8.54
16c04164-3e3b-4e08-9f7b-5fbcf6b20949,b7270e77-338a-4fa8-85f4-bc9f07318e4d,2020-05-03,R51,Headache,metformin,Cholesterol,199.06
8607e9db-f588-4620-9bcb-ffac67bf7eab,b7270e77-338a-4fa8-85f4-bc9f07318e4d,2024-10-12,M54,Back pain,metformin,Cholesterol,289.99
a6bbe769-389f-4cdc-b7c9-5e3e913654eb,b7270e77-338a-4fa8-85f4-bc9f07318e4d,2024-03-23,J45,Asthma,albuterol,WBC,8.83
7c936a47-7884-41fa-817f-11b03b8f64b7,b7270e77-338a-4fa8-85f4-bc9f07318e4d,2024-09-11,E11,Type 2 diabetes mellitus,sertraline,Creatinine,0.66
704adcda-ff19-4bc6-93bd-958a05f74012,1cd1788c-2a29-43af-bd6f-cc1e4e199132,2016-02-03,M54,Back pain,atorvastatin,HbA1c,13.78
76a1ba46-8492-41cd-aaa4-126e292cf731,1cd1788c-2a29-43af-bd6f-cc1e4e199132,2020-07-06,I10,Essential (primary) hypertension,atorvastatin,Cholesterol,136.99
4eed5830-d1f1-4b63-b4ef-d61c95f2d05e,1cd1788c-2a29-43af-bd6f-cc1e4e199132,2015-12-10,J45,Asthma,atorvastatin,Cholesterol,240.78
13e5f04f-30af-447b-b16c-6c2aa8795067,1cd1788c-2a29-43af-bd6f-cc1e4e199132,2025-09-12,R51,Headache,metformin,Cholesterol,278.69
af0795cc-a943-4aec-979c-2d43723191f8,0a25baea-7e39-429a-9eca-146947795e3f,2019-10-05,E11,Type 2 diabetes mellitus,albuterol,Cholesterol,250.58
30957a35-74b6-4592-a604-96b08e5848f3,0a25baea-7e39-429a-9eca-146947795e3f,2017-11-19,M54,Back pain,ibuprofen,WBC,10.09
b111e55e-2945-4d95-bd44-5204bc89ba58,0a25baea-7e39-429a-9eca-146947795e3f,2024-10-21,M54,Back pain,albuterol,HbA1c,9.39
dddb2cc0-db04-4971-b36c-e8f5c539a2e2,70c84d99-785e-4ac5-8bee-d3f35d5516ad,2015-10-03,E11,Type 2 diabetes mellitus,metformin,Cholesterol,173.12
88fd1491-e9b4-43a8-91db-f59f12ad542f,70c84d99-785e-4ac5-8bee-d3f35d5516ad,2018-10-09,E11,Type 2 diabetes mellitus,albuterol,Creatinine,0.68
4e0583a5-4f10-423b-90f5-aefb03c50ef9,70c84d99-785e-4ac5-8bee-d3f35d5516ad,2019-06-13,R51,Headache,metformin,WBC,4.25
cfb5d96b-3ebf-4308-a625-7642f0fec53c,be3eb0a2-c637-4f1b-9b5d-9612e1ace567,2023-01-14,M54,Back pain,metformin,Cholesterol,247.48
2a8c3403-a656-4233-acf3-5926063f2093,be3eb0a2-c637-4f1b-9b5d-9612e1ace567,2017-04-11,M54,Back pain,atorvastatin,WBC,9.78
cf8c317c-1acc-431a-97d6-661d33c6a5bc,be3eb0a2-c637-4f1b-9b5d-9612e1ace567,2017-03-07,I10,Essential (primary) hypertension,albuterol,Creatinine,1.84
9a1842dc-a3aa-445e-9592-1b8bab910f33,fc0bd10d-c3de-4e2a-9bd4-6edf826449c2,2018-01-31,F32,Major depressive disorder,albuterol,HbA1c,5.1
8aab5970-cf80-4fba-bd4d-ee2f343aa1dd,fc0bd10d-c3de-4e2a-9bd4-6edf826449c2,2021-11-03,F32,Major depressive disorder,sertraline,HbA1c,8.97
2d2a3bad-06f0-4b97-96a3-48e006302492,fc0bd10d-c3de-4e2a-9bd4-6edf826449c2,2019-10-01,R51,Headache,ibuprofen,Creatinine,1.12
c1e1ee72-9420-408d-811d-4e2e21b5a5e2,fc0bd10d-c3de-4e2a-9bd4-6edf826449c2,2021-08-02,R51,Headache,atorvastatin,HbA1c,6.29
c86e45c0-b273-4c94-a419-cade1d583b91,fc0bd10d-c3de-4e2a-9bd4-6edf826449c2,2015-10-20,F32,Major depressive disorder,metformin,HbA1c,8.21
763e098c-f2f6-44ab-9a6e-4fa00b3131fc,92dcca30-18a7-4b56-a2da-bbf537c4e97e,2022-06-24,E11,Type 2 diabetes mellitus,metformin,WBC,5.48
b4c1b7b9-d8bc-44f9-ab7e-160be3f6aeef,92dcca30-18a7-4b56-a2da-bbf537c4e97e,2017-11-23,I10,Essential (primary) hypertension,sertraline,WBC,10.87
3aa46f13-03f0-4ec0-ba07-88f048becc67,da036ce0-e65f-48d5-8c37-b4f50cb40e84,2018-09-05,E11,Type 2 diabetes mellitus,albuterol,Cholesterol,293.91
88b9bc6d-b516-488a-91f8-24fc844e8112,da036ce0-e65f-48d5-8c37-b4f50cb40e84,2019-08-23,I10,Essential (primary) hypertension,sertraline,Creatinine,1.07
2f7fd25e-a0ab-4e15-a831-823a3901be1f,da036ce0-e65f-48d5-8c37-b4f50cb40e84,2017-06-10,R51,Headache,metformin,Creatinine,0.7
f53e86f9-11aa-411c-b71e-00115eeda7eb,da036ce0-e65f-48d5-8c37-b4f50cb40e84,2025-06-19,I10,Essential (primary) hypertension,ibuprofen,Creatinine,1.06
69c5336b-1eb7-4e79-a74e-2294af38a37f,da036ce0-e65f-48d5-8c37-b4f50cb40e84,2021-11-13,R51,Headache,atorvastatin,Creatinine,1.18
0d055b9c-82f2-4531-8e8c-c7fb0014d5db,cf760966-9d15-4c7d-bda8-427941035ab3,2016-04-09,M54,Back pain,sertraline,Cholesterol,160.82
b218205e-6d46-40fa-a429-4ff1360c1b75,cf760966-9d15-4c7d-bda8-427941035ab3,2024-03-26,J45,Asthma,lisinopril,Creatinine,0.76
e67ca664-d5de-4526-a302-56bb5f59e416,cf760966-9d15-4c7d-bda8-427941035ab3,2021-07-17,J45,Asthma,metformin,WBC,6.18
cc2d6748-8299-46e2-8115-c7644e9474f4,cf760966-9d15-4c7d-bda8-427941035ab3,2020-08-07,I10,Essential (primary) hypertension,ibuprofen,WBC,9.41
7ab09ebf-baa8-425d-a583-f2e0eac22f59,cf760966-9d15-4c7d-bda8-427941035ab3,2022-07-07,I10,Essential (primary) hypertension,lisinopril,WBC,4.45
48eb7087-7ad3-4fba-a9a6-2102a1607460,a0315a8f-edee-4aa8-b65a-6b194eb015b3,2025-04-02,J45,Asthma,ibuprofen,WBC,6.97
16bff213-4f88-4b99-873e-d72b3df6f8ec,f53275e8-0cb7-494b-863a-66ed9159b107,2023-08-24,I10,Essential (primary) hypertension,ibuprofen,HbA1c,10.82
b9c57444-ff9a-48f3-b594-16a14d9a97aa,f53275e8-0cb7-494b-863a-66ed9159b107,2021-11-09,I10,Essential (primary) hypertension,albuterol,Cholesterol,207.97
0b627ba8-7c44-4bc5-bd6c-de6cd7deb9ae,f53275e8-0cb7-494b-863a-66ed9159b107,2023-11-22,M54,Back pain,albuterol,HbA1c,13.24
03ee697e-464b-47f5-baf3-b7ac265f2113,7d707c8a-094b-478f-802f-b483c8d00a1b,2020-02-11,I10,Essential (primary) hypertension,sertraline,Creatinine,0.65
123d26f3-9d04-473b-89cc-1ddc710dae63,7d707c8a-094b-478f-802f-b483c8d00a1b,2017-06-07,M54,Back pain,ibuprofen,Creatinine,1.44
7eed36aa-b3e4-4919-a902-31a80c1df75d,7d707c8a-094b-478f-802f-b483c8d00a1b,2022-05-26,F32,Major depressive disorder,albuterol,WBC,10.2
28ad5b13-5c9e-4451-83ec-f380f751fae8,7d707c8a-094b-478f-802f-b483c8d00a1b,2017-07-17,F32,Major depressive disorder,albuterol,HbA1c,11.45
0c027b2b-440f-4946-a5ab-cff8229cbf8b,a9ae649e-8a45-40df-9c4c-9fba9ca407dc,2024-02-24,R51,Headache,ibuprofen,HbA1c,7.43
989bb417-3b0f-4897-8e68-af80a5f80003,253ab195-64e5-4346-8179-42a49963b4c7,2018-10-15,I10,Essential (primary) hypertension,sertraline,Creatinine,0.55
2835bbe3-18f6-4543-bcf2-ec9864bb4aeb,253ab195-64e5-4346-8179-42a49963b4c7,2025-02-04,M54,Back pain,atorvastatin,WBC,8.25
b880d638-616d-408a-96a7-2dea7484a241,253ab195-64e5-4346-8179-42a49963b4c7,2023-03-23,J45,Asthma,lisinopril,HbA1c,5.29
ba4c7bc8-1668-4def-acd9-aea33c2298c4,253ab195-64e5-4346-8179-42a49963b4c7,2016-03-09,F32,Major depressive disorder,atorvastatin,HbA1c,13.77
2277b015-34ad-490c-909c-8b6e7f74d67a,d539fcf0-4c67-4fe0-a45b-9001b77c96a5,2023-07-14,F32,Major depressive disorder,albuterol,HbA1c,13.13
f91fff55-7509-40c4-b3f2-a04abfa82b23,d539fcf0-4c67-4fe0-a45b-9001b77c96a5,2021-08-31,F32,Major depressive disorder,lisinopril,Cholesterol,173.93
7883d46c-2ce9-4617-92ca-f04dc13aa389,d539fcf0-4c67-4fe0-a45b-9001b77c96a5,2021-07-13,E11,Type 2 diabetes mellitus,albuterol,Creatinine,0.96
c07ce76a-d1b6-4e19-a117-386b361b0aa9,d539fcf0-4c67-4fe0-a45b-9001b77c96a5,2020-09-18,M54,Back pain,metformin,WBC,9.55
c3c17e61-83dd-4cf3-8072-364de1dfe90d,cb2feb1d-2bba-4919-b57f-4424ecfd9779,2017-05-25,F32,Major depressive disorder,sertraline,Creatinine,0.66
636e20d9-4253-4651-810c-280d4c7ed258,cb2feb1d-2bba-4919-b57f-4424ecfd9779,2017-07-20,F32,Major depressive disorder,atorvastatin,Cholesterol,127.91
8ad013dc-68ec-4cc8-a45e-36230ad45beb,cb2feb1d-2bba-4919-b57f-4424ecfd9779,2019-02-16,M54,Back pain,metformin,WBC,4.87
4b35376d-c35a-4f40-b849-972408d76588,cb2feb1d-2bba-4919-b57f-4424ecfd9779,2020-05-22,M54,Back pain,albuterol,HbA1c,13.36
98ecf579-c821-41c2-8fa6-129f03d7e80c,a01c9b00-3416-400b-a0f5-cb4f8731d379,2017-03-26,F32,Major depressive disorder,metformin,HbA1c,8.39
0012f7e6-2fb1-403d-aedd-2a7adb18bb32,a01c9b00-3416-400b-a0f5-cb4f8731d379,2022-08-25,F32,Major depressive disorder,lisinopril,Cholesterol,242.05
c5e3c36d-75a3-46a6-ac9c-608361fbf187,a01c9b00-3416-400b-a0f5-cb4f8731d379,2017-03-30,I10,Essential (primary) hypertension,lisinopril,WBC,10.49
52a97eb6-e112-49c5-af07-932eb357136c,a01c9b00-3416-400b-a0f5-cb4f8731d379,2022-06-20,M54,Back pain,sertraline,HbA1c,12.32
052da968-6dc0-4892-b7ac-821b4e55dd8a,a01c9b00-3416-400b-a0f5-cb4f8731d379,2022-04-30,M54,Back pain,albuterol,Cholesterol,211.86
72aff700-4992-420b-933d-35869482e6c5,ec22170a-faee-4981-9445-64c7d8a8ec12,2023-03-13,E11,Type 2 diabetes mellitus,metformin,WBC,5.36
e907a86f-e39f-4081-84bd-2c8cca540776,ec22170a-faee-4981-9445-64c7d8a8ec12,2018-07-13,R51,Headache,sertraline,HbA1c,10.71
ac54400b-ee23-474c-b5da-aa3ead2327a3,ec22170a-faee-4981-9445-64c7d8a8ec12,2022-06-27,F32,Major depressive disorder,lisinopril,Cholesterol,281.36
bb0e5843-42f3-45a1-a224-5fdd6acc8380,ec22170a-faee-4981-9445-64c7d8a8ec12,2018-06-25,I10,Essential (primary) hypertension,metformin,HbA1c,11.76
5b1b1add-2075-4de5-9d73-be135278ef11,bfc75f6f-36a6-4135-90c2-f1a03a38381b,2024-12-18,M54,Back pain,atorvastatin,Creatinine,1.33
159e2584-601f-4b99-9ee7-7ec125a2e616,bfc75f6f-36a6-4135-90c2-f1a03a38381b,2019-05-16,F32,Major depressive disorder,albuterol,Cholesterol,294.85
4de505e5-c996-4dbe-ae87-48dd87090f33,bfc75f6f-36a6-4135-90c2-f1a03a38381b,2016-07-15,E11,Type 2 diabetes mellitus,albuterol,HbA1c,12.53
69fdb1b1-8016-4b99-9e6d-af45dec84c96,bfc75f6f-36a6-4135-90c2-f1a03a38381b,2023-11-20,M54,Back pain,metformin,WBC,5.88
900ea963-8dd2-4075-bddd-acedce4ddfc3,c4653891-0063-4c05-9bd6-4d011c416352,2021-09-15,I10,Essential (primary) hypertension,metformin,Creatinine,0.98
0c80899d-50cf-41c6-a02f-fb5c9a33f641,c4653891-0063-4c05-9bd6-4d011c416352,2018-07-30,J45,Asthma,metformin,Creatinine,0.87
5c9e8220-59d6-4dbb-b8a2-c01145f09d96,b7c3feaa-b4c7-4fcb-84bc-580a13c8a996,2019-12-14,I10,Essential (primary) hypertension,atorvastatin,WBC,9.88
a40a84aa-fd84-4454-859c-ce5d0c2062e6,00a34175-9f63-4084-8cd2-b99d080c4054,2017-04-10,I10,Essential (primary) hypertension,ibuprofen,Creatinine,1.8
f0a406d8-4a78-46dd-a28f-dd571071d989,00a34175-9f63-4084-8cd2-b99d080c4054,2016-06-10,R51,Headache,albuterol,Creatinine,1.5
b0b2bf5f-4deb-432b-8b7c-233db67e8520,00a34175-9f63-4084-8cd2-b99d080c4054,2017-12-29,J45,Asthma,metformin,Creatinine,1.72
f572ba94-321c-41c0-9fc7-a5b3322d8682,00a34175-9f63-4084-8cd2-b99d080c4054,2025-07-27,I10,Essential (primary) hypertension,ibuprofen,Creatinine,1.0
d0071334-f1a2-40de-8203-e4fb29b75c06,00a34175-9f63-4084-8cd2-b99d080c4054,2020-04-10,F32,Major depressive disorder,albuterol,WBC,3.92
2c894358-bcd9-4e10-8fd8-dca0aa5ca383,7600ff46-02e1-4c82-83d7-3173daf45f67,2020-01-26,I10,Essential (primary) hypertension,lisinopril,HbA1c,8.46
0d32d220-47bb-4a3d-9212-13e506bb76b2,7600ff46-02e1-4c82-83d7-3173daf45f67,2024-11-09,E11,Type 2 diabetes mellitus,lisinopril,HbA1c,9.06
6aff96e9-4815-4e8d-90df-db61d43c1e28,72a6e5fd-3390-48f1-bfa0-06d45eed71e4,2017-12-18,J45,Asthma,lisinopril,Cholesterol,277.95
fee3231c-1064-4ed1-ac79-d5b7da7e60fb,72a6e5fd-3390-48f1-bfa0-06d45eed71e4,2019-01-05,M54,Back pain,albuterol,WBC,9.39
040310a8-9e1c-45a6-ade0-238ed0c7e261,72a6e5fd-3390-48f1-bfa0-06d45eed71e4,2025-05-23,R51,Headache,metformin,WBC,4.16
160375cb-7a25-4f36-90bd-390428f1e8fb,6bbba9dd-fb89-4a5d-9dd1-0336123f0b62,2017-12-30,I10,Essential (primary) hypertension,albuterol,WBC,4.89
090b2059-af35-41f9-bc29-93d11bb996ec,6bbba9dd-fb89-4a5d-9dd1-0336123f0b62,2024-10-31,F32,Major depressive disorder,atorvastatin,HbA1c,5.24
bb45c2a1-a1df-4d6e-96af-da95d2ca0f33,e422f026-943e-4949-90f8-e09613468814,2017-03-21,F32,Major depressive disorder,metformin,WBC,3.97
001cb366-e7cd-4f1e-8ebf-11ec03977a26,e422f026-943e-4949-90f8-e09613468814,2016-10-26,R51,Headache,ibuprofen,HbA1c,8.96
da610c7f-be53-4323-9fc5-0b513c159274,e422f026-943e-4949-90f8-e09613468814,2022-11-16,E11,Type 2 diabetes mellitus,metformin,Creatinine,1.47
c2d561fc-f553-48f3-b618-55b3132782d0,e422f026-943e-4949-90f8-e09613468814,2017-04-02,E11,Type 2 diabetes mellitus,metformin,WBC,8.29
fbd9796a-414b-4365-bf34-8df4b094e852,cedcfb9c-3cb4-443e-90cd-f86520a023a8,2023-08-23,R51,Headache,albuterol,HbA1c,5.36
bd06eed6-dfcf-43ed-903c-358548e16b46,cedcfb9c-3cb4-443e-90cd-f86520a023a8,2016-03-24,R51,Headache,albuterol,Creatinine,0.96
80f93941-ad20-4d90-8d78-a053eb5a02c2,9b206c80-c74b-437f-abc1-58a61099ed9d,2016-12-15,R51,Headache,ibuprofen,WBC,7.54
1847c85a-c134-423c-8b94-3090d1a8830c,9b206c80-c74b-437f-abc1-58a61099ed9d,2024-12-12,E11,Type 2 diabetes mellitus,ibuprofen,HbA1c,9.52
c44a405c-c06c-4480-8c9f-fe182456c21f,9b206c80-c74b-437f-abc1-58a61099ed9d,2017-09-08,I10,Essential (primary) hypertension,albuterol,WBC,11.11
84afa9b2-86fd-4137-8c21-c1e9a7de478b,9b206c80-c74b-437f-abc1-58a61099ed9d,2019-09-09,E11,Type 2 diabetes mellitus,atorvastatin,HbA1c,13.28
f49d6be7-6bb6-46b1-9811-4f002db6d121,9b206c80-c74b-437f-abc1-58a61099ed9d,2020-01-22,R51,Headache,sertraline,Creatinine,1.52
4f9f0a8a-f1d8-4f8b-be08-f58aaac404f6,b33c976a-252c-47ca-9b43-dae772d721b4,2020-10-13,R51,Headache,metformin,WBC,10.51
abedcac1-b69e-4a4e-a514-e602fa0910c8,b33c976a-252c-47ca-9b43-dae772d721b4,2021-06-16,F32,Major depressive disorder,lisinopril,WBC,6.67
a9513920-33b7-428e-a974-18b5c6872153,70f3cf6e-76fd-4082-82b5-532cff628628,2024-04-29,F32,Major depressive disorder,metformin,WBC,7.46
4ab0e87f-4cc9-4f5e-811e-fd1d3e65dde9,70f3cf6e-76fd-4082-82b5-532cff628628,2021-08-30,R51,Headache,albuterol,HbA1c,5.28
bf64efe7-f5ea-4962-a4a2-994c39372191,70f3cf6e-76fd-4082-82b5-532cff628628,2020-03-05,E11,Type 2 diabetes mellitus,sertraline,Creatinine,1.13
519cb0b9-a79d-440f-93a5-ae0bff100eb0,9fb9a1cb-1da5-4952-98cb-971ceb7e5485,2018-01-03,F32,Major depressive disorder,lisinopril,Cholesterol,158.12
751a9c58-e18c-49ff-9136-6e9fc732913c,9fb9a1cb-1da5-4952-98cb-971ceb7e5485,2016-02-14,F32,Major depressive disorder,lisinopril,HbA1c,13.0
15155084-9477-41e8-ab47-cb98f6e0f0be,9fb9a1cb-1da5-4952-98cb-971ceb7e5485,2016-09-18,F32,Major depressive disorder,atorvastatin,Creatinine,0.69
a0756646-2a2f-41ba-b64e-59b64886e901,38b17964-6f08-4695-aea4-0beec947005f,2018-03-06,E11,Type 2 diabetes mellitus,sertraline,Cholesterol,204.53
bddefdaa-633f-49ed-aa6c-10b9f5709bda,38b17964-6f08-4695-aea4-0beec947005f,2018-02-15,E11,Type 2 diabetes mellitus,metformin,WBC,6.55
f05ac510-5bb0-40f3-a694-782a78ae24b5,38b17964-6f08-4695-aea4-0beec947005f,2017-12-02,M54,Back pain,metformin,WBC,3.58
9be365ff-71d4-42bd-81cf-a25bb5302b07,38b17964-6f08-4695-aea4-0beec947005f,2023-06-25,J45,Asthma,lisinopril,Cholesterol,124.55
b95ecffa-5b99-43e6-b5b6-9d41a6a707f1,fb97817b-6282-42c7-a132-80f482781e8b,2017-07-31,F32,Major depressive disorder,albuterol,Creatinine,1.61
14ea3ac2-e480-4a51-bd8c-23f5d818305b,fb97817b-6282-42c7-a132-80f482781e8b,2016-09-24,R51,Headache,sertraline,Creatinine,1.16
86f86854-95e3-4637-8f3e-ffaa23f4c4bb,fb97817b-6282-42c7-a132-80f482781e8b,2018-12-13,F32,Major depressive disorder,sertraline,Creatinine,0.64
91ef9d83-08cd-4d56-a8a9-cc9ae9cc79b0,fb97817b-6282-42c7-a132-80f482781e8b,2020-08-12,E11,Type 2 diabetes mellitus,metformin,Creatinine,1.18
8ce7d104-b5d0-4c56-a314-aad4db12db4f,2a2b4cca-dac6-487e-9214-bea9340221e1,2018-09-01,I10,Essential (primary) hypertension,metformin,HbA1c,11.51
69c25c52-0c1e-4392-bfff-d9517a1a0624,2a2b4cca-dac6-487e-9214-bea9340221e1,2016-05-27,E11,Type 2 diabetes mellitus,sertraline,HbA1c,13.73
a965cefa-c161-4b81-a7bc-05f43afa2049,bcd3ed57-fe0c-419e-b506-0fc54ba08256,2018-12-07,R51,Headache,albuterol,WBC,5.72
4a0da265-4a94-4b43-a827-47d3644898a5,bcd3ed57-fe0c-419e-b506-0fc54ba08256,2018-09-22,E11,Type 2 diabetes mellitus,metformin,Cholesterol,258.55
34e29077-8032-4d90-a060-712c8fa5d723,bcd3ed57-fe0c-419e-b506-0fc54ba08256,2023-06-13,J45,Asthma,atorvastatin,Cholesterol,198.05
b01de44a-5768-427a-aee5-1db014da932f,bcd3ed57-fe0c-419e-b506-0fc54ba08256,2022-10-12,M54,Back pain,albuterol,HbA1c,13.55
b2e7e056-d6a8-4000-8a0c-a2f341ee267a,a15a158f-db9d-495b-b750-a979cf45a8c2,2020-11-20,E11,Type 2 diabetes mellitus,sertraline,Cholesterol,162.91
58e0b931-2b09-41c5-92d9-4e60daf60802,c07885a6-1a9c-411b-851d-5ec7030e9c23,2020-10-01,F32,Major depressive disorder,metformin,HbA1c,6.18
25aa3aee-b9fb-478e-a9e2-6a0a6657075c,c07885a6-1a9c-411b-851d-5ec7030e9c23,2018-04-27,J45,Asthma,atorvastatin,WBC,7.42
8ef81705-a024-46b3-9f8c-938feb9f5387,c07885a6-1a9c-411b-851d-5ec7030e9c23,2024-03-16,J45,Asthma,atorvastatin,Cholesterol,197.49
4889456f-7c63-41f5-b015-56a9b3b5a697,c07885a6-1a9c-411b-851d-5ec7030e9c23,2024-06-26,M54,Back pain,atorvastatin,Cholesterol,232.02
40baeda7-bacc-4adf-8181-d6827bd23a1d,08b14edb-14af-4736-b023-9f24ac516ac5,2019-04-19,F32,Major depressive disorder,sertraline,WBC,7.56
e5564559-0a7c-4c7b-89c2-779ea1b42deb,08b14edb-14af-4736-b023-9f24ac516ac5,2021-04-28,J45,Asthma,sertraline,Cholesterol,223.39
5749d822-b8ae-4331-b92d-f12161920395,08b14edb-14af-4736-b023-9f24ac516ac5,2021-10-04,J45,Asthma,albuterol,HbA1c,4.77
56235831-81b8-402c-876f-291667bc9b5a,08b14edb-14af-4736-b023-9f24ac516ac5,2025-03-17,I10,Essential (primary) hypertension,albuterol,Creatinine,1.7
d983320b-1756-4be4-93f8-d12664dfb704,08b14edb-14af-4736-b023-9f24ac516ac5,2019-03-02,E11,Type 2 diabetes mellitus,atorvastatin,Creatinine,1.01
51028f10-3e78-4574-a901-f95e22803444,56bcc311-5be6-498d-af28-fb369e23a97b,2021-11-04,J45,Asthma,sertraline,Creatinine,0.49
54ce72e7-296d-424e-9b33-34f7dbbf52f5,56bcc311-5be6-498d-af28-fb369e23a97b,2022-12-22,I10,Essential (primary) hypertension,lisinopril,Creatinine,1.35
7d466c11-6173-430f-87bf-9adda93bcd9d,56bcc311-5be6-498d-af28-fb369e23a97b,2017-12-30,E11,Type 2 diabetes mellitus,albuterol,HbA1c,7.71
ad00f665-76b0-4fbe-b1bc-30df81e43732,56bcc311-5be6-498d-af28-fb369e23a97b,2025-06-29,M54,Back pain,albuterol,HbA1c,8.88
2bef0d33-0f3c-46a1-afda-50ae656ca379,32a89b04-0d55-4a94-aeb7-e7f0bc46ec8a,2019-05-06,M54,Back pain,sertraline,Creatinine,0.43
ff00f94c-677f-4978-a835-3f7584813bbc,32a89b04-0d55-4a94-aeb7-e7f0bc46ec8a,2020-06-12,M54,Back pain,metformin,Creatinine,1.0
ac51ce6f-90b7-4176-bab4-cd1d98708b8e,32a89b04-0d55-4a94-aeb7-e7f0bc46ec8a,2021-05-03,J45,Asthma,ibuprofen,HbA1c,12.18
a0d5ccac-25d7-42f6-8d81-073bddb17bc2,32a89b04-0d55-4a94-aeb7-e7f0bc46ec8a,2024-08-04,R51,Headache,atorvastatin,WBC,6.02
89233bd3-268f-4cfa-bf5f-03fdefea5053,ccf98ded-d67c-4425-a77d-63cab1b8f33d,2016-08-12,R51,Headache,albuterol,WBC,8.53
75ec163b-33cd-4812-a7d8-3d02e1ed8068,ccf98ded-d67c-4425-a77d-63cab1b8f33d,2021-08-21,F32,Major depressive disorder,lisinopril,Cholesterol,227.09
929c3b40-d070-4c50-b6a6-71ddbdb169b1,ccf98ded-d67c-4425-a77d-63cab1b8f33d,2016-11-19,E11,Type 2 diabetes mellitus,ibuprofen,WBC,5.59
1eb9949b-d93d-45f0-b9b3-cb8e2f7e28de,ccf98ded-d67c-4425-a77d-63cab1b8f33d,2025-03-07,J45,Asthma,ibuprofen,Cholesterol,260.92
4bf6c9c4-4690-4a2f-9ba8-73c9e4615a90,ccf98ded-d67c-4425-a77d-63cab1b8f33d,2018-09-16,R51,Headache,metformin,HbA1c,10.12
7358695a-3117-4372-8304-f317290ebf7d,e5db34e0-ece6-47a1-b2f8-ff538e2e97dd,2024-12-16,M54,Back pain,ibuprofen,Cholesterol,185.42
6b7cefe8-9415-48f5-b671-6b3fcc16d2ce,e5db34e0-ece6-47a1-b2f8-ff538e2e97dd,2021-10-26,E11,Type 2 diabetes mellitus,atorvastatin,Creatinine,1.21
c5db1aad-99e9-4062-a601-8e1b56a61967,e5db34e0-ece6-47a1-b2f8-ff538e2e97dd,2022-05-08,F32,Major depressive disorder,atorvastatin,Creatinine,0.72
ef9240a3-84e3-41a5-9dec-c646f5c2b6d3,d7f9dde7-c62a-4335-8857-1de05b834a5c,2022-11-23,M54,Back pain,ibuprofen,Cholesterol,234.31
7fb0ad85-5160-4070-9409-36bb16c3b8f1,d7f9dde7-c62a-4335-8857-1de05b834a5c,2019-07-29,I10,Essential (primary) hypertension,metformin,WBC,8.19
38fefc66-7b0b-4bbd-b2a5-92a3f38ac903,d7f9dde7-c62a-4335-8857-1de05b834a5c,2023-04-29,R51,Headache,atorvastatin,Cholesterol,153.59
f207518f-a2cd-4bff-9a84-18e8b549761b,d7f9dde7-c62a-4335-8857-1de05b834a5c,2018-07-24,M54,Back pain,ibuprofen,Cholesterol,286.93
5371c758-6c9b-4d98-b56e-bdefac70ca15,294e39a1-b2f9-4d80-a5d2-368bac32a293,2019-11-09,I10,Essential (primary) hypertension,albuterol,Cholesterol,129.55
b5a604c5-ecc8-48f2-a313-a75161c37884,cc2a4b74-e3ff-4ce5-b286-ae0a3d1c8251,2017-05-05,R51,Headache,albuterol,Cholesterol,182.05
88187b2a-a6b9-42ed-a0e0-596873cb47dd,cc2a4b74-e3ff-4ce5-b286-ae0a3d1c8251,2016-01-25,E11,Type 2 diabetes mellitus,atorvastatin,WBC,10.61
fd2d4e83-0c45-48ea-963f-50f3d0457a44,b6686ded-dc0b-4580-8cd8-36b3a86d9544,2016-06-23,J45,Asthma,atorvastatin,WBC,5.31
2808279f-a7ee-4058-b4eb-1db28f21225e,b6686ded-dc0b-4580-8cd8-36b3a86d9544,2018-12-21,I10,Essential (primary) hypertension,sertraline,WBC,4.02
73c8afdf-2128-444b-b2b7-81de8b6d2a68,b6686ded-dc0b-4580-8cd8-36b3a86d9544,2023-07-24,E11,Type 2 diabetes mellitus,lisinopril,Creatinine,1.14
795ea36e-d60b-4ce6-b9f1-fc62cc4358dd,ecbb4b24-12c9-4a61-9c1a-09017daad651,2020-10-27,F32,Major depressive disorder,atorvastatin,HbA1c,6.42
18b047ea-3676-4f72-b02a-85402f43a796,ecbb4b24-12c9-4a61-9c1a-09017daad651,2022-08-27,I10,Essential (primary) hypertension,metformin,Creatinine,1.66
d3d97d08-9395-4f29-a514-1ffde7bafd5f,ecbb4b24-12c9-4a61-9c1a-09017daad651,2022-08-07,R51,Headache,ibuprofen,WBC,8.8
0df5e106-0de3-4685-bc15-8656998cba98,ecbb4b24-12c9-4a61-9c1a-09017daad651,2025-03-29,R51,Headache,sertraline,HbA1c,5.03
b50edd6c-61ee-4238-b75f-f7b2829f71b8,ecbb4b24-12c9-4a61-9c1a-09017daad651,2024-10-09,J45,Asthma,ibuprofen,Creatinine,1.79
f2709a40-d008-424a-86ff-ec83d7fa933f,efa8912f-01dd-4a32-89af-15015924d8ff,2021-08-21,R51,Headache,atorvastatin,HbA1c,8.27
1a341ca7-1d38-4c08-93db-408af5bd8b8f,efa8912f-01dd-4a32-89af-15015924d8ff,2016-04-18,R51,Headache,lisinopril,WBC,4.01
bcd73471-09b3-4da6-9491-61e944fffd05,efa8912f-01dd-4a32-89af-15015924d8ff,2017-06-23,M54,Back pain,metformin,Creatinine,1.19
0444ce6f-61ca-4698-ad19-7d7629729d12,efa8912f-01dd-4a32-89af-15015924d8ff,2024-09-13,I10,Essential (primary) hypertension,ibuprofen,HbA1c,11.85
850083dd-8c94-444e-a42d-597ddfd61eab,c2da8bcc-f45d-41c1-beeb-5e7a72d9c500,2022-01-08,M54,Back pain,atorvastatin,Cholesterol,261.17
214dae91-fe3b-43cd-9db1-c1be31a1ecaf,c2da8bcc-f45d-41c1-beeb-5e7a72d9c500,2017-05-15,I10,Essential (primary) hypertension,sertraline,WBC,4.3
ed7e132d-50c3-45b3-b95c-a90bd16009ea,c2da8bcc-f45d-41c1-beeb-5e7a72d9c500,2023-10-01,I10,Essential (primary) hypertension,albuterol,Cholesterol,181.68
795e990e-9221-43cf-8944-d43b9dadb124,3c15f245-7be4-45c7-a323-16a929adfdfb,2025-01-31,F32,Major depressive disorder,ibuprofen,Creatinine,1.52
19927baa-ad18-4ba5-8505-d73ccca28a31,3c15f245-7be4-45c7-a323-16a929adfdfb,2024-06-12,J45,Asthma,ibuprofen,Cholesterol,194.97
83210abf-47be-480f-935d-ae86ce26f3b3,3c15f245-7be4-45c7-a323-16a929adfdfb,2022-12-13,J45,Asthma,lisinopril,Creatinine,1.16
7aa5a7c4-bae1-4da3-b288-71c2ef56bb92,3c15f245-7be4-45c7-a323-16a929adfdfb,2021-08-03,J45,Asthma,metformin,HbA1c,12.49
5354d072-5e33-4f46-b40f-c87490d8ff27,3c15f245-7be4-45c7-a323-16a929adfdfb,2018-04-15,E11,Type 2 diabetes mellitus,atorvastatin,WBC,5.28
5a9e6a77-debe-4ab2-a96d-99196a628755,7193c820-57af-45de-b0c4-f579a6f38551,2022-03-31,R51,Headache,atorvastatin,Creatinine,1.85
ea95d11d-86da-4cad-a5c9-3fac2e12d07b,7193c820-57af-45de-b0c4-f579a6f38551,2018-01-11,E11,Type 2 diabetes mellitus,ibuprofen,WBC,10.72
255cef60-f26c-4ece-ab4f-61cb06a67296,7193c820-57af-45de-b0c4-f579a6f38551,2021-05-10,E11,Type 2 diabetes mellitus,sertraline,Creatinine,0.88
faf6ff59-8f2b-4b47-b4b6-c6e8052b0cda,7193c820-57af-45de-b0c4-f579a6f38551,2016-06-27,I10,Essential (primary) hypertension,albuterol,WBC,10.73
58c6ad2f-d1ba-4ef3-b4fd-e08f2403cd29,9671090b-50d3-48b9-bcd6-6b2c799b810e,2020-10-16,R51,Headache,albuterol,Cholesterol,257.86
a19f3163-211e-4ce2-b410-73471f1600b8,9671090b-50d3-48b9-bcd6-6b2c799b810e,2022-08-22,E11,Type 2 diabetes mellitus,sertraline,Cholesterol,247.39
f7adbbc0-d987-4f84-9f3a-498f88fdb968,4c8b7427-8dc6-49e9-adb7-0654aaa94a3d,2017-09-01,F32,Major depressive disorder,metformin,WBC,9.29
dfd21e76-a7c8-495b-8c85-930c9ca68734,4c8b7427-8dc6-49e9-adb7-0654aaa94a3d,2020-01-14,E11,Type 2 diabetes mellitus,albuterol,Cholesterol,220.42
fab44aac-963a-4a15-8abe-6954c31b514b,4c8b7427-8dc6-49e9-adb7-0654aaa94a3d,2016-08-04,M54,Back pain,atorvastatin,Creatinine,1.13
6fe4483e-ae01-4bf0-bd38-b7c6d43c75c4,896a4282-2173-41de-a5de-3617f3788787,2017-03-02,E11,Type 2 diabetes mellitus,atorvastatin,WBC,8.67
e939fa13-8e76-4b44-811e-ce2c2ca33599,ef76de92-1133-46f5-82f7-4404d68e97e3,2025-09-05,F32,Major depressive disorder,lisinopril,Creatinine,0.9
420e0a11-0b21-4080-8f51-049f6c677f54,ef76de92-1133-46f5-82f7-4404d68e97e3,2024-10-16,E11,Type 2 diabetes mellitus,lisinopril,WBC,7.65
98394cb9-3e1b-429b-9503-071ec0385366,049b1cca-ac11-4c16-a792-4926b277385d,2016-03-19,M54,Back pain,atorvastatin,Cholesterol,258.53
8257f5c0-120a-431f-aa02-ab28832e63ba,049b1cca-ac11-4c16-a792-4926b277385d,2022-02-17,F32,Major depressive disorder,sertraline,WBC,5.35
21dd6c81-a53b-4d78-831a-70fd6598071b,7544892b-38d8-472b-9aac-9d82d7a911fd,2016-06-10,J45,Asthma,albuterol,WBC,3.76
50d9ef89-8318-4ce2-b02c-07f6d1789a9f,7544892b-38d8-472b-9aac-9d82d7a911fd,2021-08-04,I10,Essential (primary) hypertension,sertraline,Cholesterol,288.95
2451d4e1-6b07-4f8a-8fc8-6ebb9fc26f0d,7544892b-38d8-472b-9aac-9d82d7a911fd,2015-10-18,M54,Back pain,lisinopril,HbA1c,13.51
dedf4de0-7ee5-40be-85a5-a14ff5f0f824,7544892b-38d8-472b-9aac-9d82d7a911fd,2019-06-14,R51,Headache,ibuprofen,WBC,11.16
034a6f00-c5c5-43f6-8580-a29359f41f0e,7544892b-38d8-472b-9aac-9d82d7a911fd,2020-07-11,I10,Essential (primary) hypertension,albuterol,WBC,3.45
60fdac95-eaa7-4e33-86b0-2a7577386454,23871c92-94f2-4669-ac71-e9a379d693b8,2020-11-26,M54,Back pain,albuterol,WBC,3.8
09bd93c1-e693-457c-adb6-6ef3b4ad641d,23871c92-94f2-4669-ac71-e9a379d693b8,2021-08-02,I10,Essential (primary) hypertension,ibuprofen,HbA1c,4.63
561c5cd9-04a3-4a62-8d03-33e68906a651,23871c92-94f2-4669-ac71-e9a379d693b8,2019-10-26,F32,Major depressive disorder,sertraline,Cholesterol,123.7
afb0fc2e-1737-4845-a5e9-300e3e41e1c3,23871c92-94f2-4669-ac71-e9a379d693b8,2017-09-17,I10,Essential (primary) hypertension,lisinopril,Creatinine,0.86
9bd56184-d3b2-4bcb-bf88-8ab9641c5b0a,23871c92-94f2-4669-ac71-e9a379d693b8,2020-03-03,F32,Major depressive disorder,lisinopril,Cholesterol,271.27
dc95525d-2cd9-4088-b192-5cb028354026,1ea168bf-38d9-40c7-b433-1bf8cab1029b,2023-04-19,J45,Asthma,atorvastatin,WBC,6.76
978627a1-8739-4c1b-856b-3b48b66a4120,1ea168bf-38d9-40c7-b433-1bf8cab1029b,2021-02-17,I10,Essential (primary) hypertension,metformin,Creatinine,1.96
ecf15e27-6291-4d1a-ad20-727558442bb5,1ea168bf-38d9-40c7-b433-1bf8cab1029b,2023-01-27,M54,Back pain,sertraline,WBC,6.33
9fa22ca2-b32a-4527-9dc5-ed07150c3ce0,1ea168bf-38d9-40c7-b433-1bf8cab1029b,2018-01-15,R51,Headache,sertraline,HbA1c,4.6
db33f84e-c8db-4370-88a5-8cee80799a3c,1ea168bf-38d9-40c7-b433-1bf8cab1029b,2024-03-21,J45,Asthma,atorvastatin,Cholesterol,237.37
6840daed-cfdb-442a-bf04-a3b26c1f6ae3,81c6bf60-e01a-4f3d-93d1-29a7c34361f7,2017-10-08,F32,Major depressive disorder,atorvastatin,Creatinine,0.52
f601f18c-069d-4c78-84f1-e85f48dc4a27,81c6bf60-e01a-4f3d-93d1-29a7c34361f7,2019-06-20,E11,Type 2 diabetes mellitus,metformin,Creatinine,1.89
136a18ee-74d9-496c-870d-83a65cb3828b,81c6bf60-e01a-4f3d-93d1-29a7c34361f7,2020-06-07,J45,Asthma,ibuprofen,HbA1c,4.55
8ca51713-106f-4172-ab36-d39a18dae712,81c6bf60-e01a-4f3d-93d1-29a7c34361f7,2020-01-21,M54,Back pain,sertraline,Creatinine,1.96
46cdbee5-b94c-44dd-8cd9-9a189e2fd2be,cad0699e-1673-42aa-91d8-43acd51ebf45,2024-03-25,M54,Back pain,metformin,WBC,5.34
5324a640-08f4-46cc-88dc-32a352283db4,cad0699e-1673-42aa-91d8-43acd51ebf45,2020-01-24,F32,Major depressive disorder,albuterol,Cholesterol,126.38
8f4b4c22-ab70-4b25-aca5-6f310131f4f5,cad0699e-1673-42aa-91d8-43acd51ebf45,2022-02-26,R51,Headache,ibuprofen,Cholesterol,128.36
d70e7135-feba-4238-92fb-0edc367bb866,60dc9c39-b7a8-471d-92dc-2d16354fc7ef,2022-03-14,E11,Type 2 diabetes mellitus,lisinopril,Cholesterol,274.34
b352c037-bf95-4a4d-b31e-2084da1c8013,35de48ea-4ad5-4274-8064-ef5fbd1b39ed,2017-04-29,J45,Asthma,sertraline,Creatinine,1.84
6a307344-23b4-42da-8e8a-0a7a7ada6664,35de48ea-4ad5-4274-8064-ef5fbd1b39ed,2022-10-05,M54,Back pain,albuterol,Creatinine,1.1
13816a23-a06b-41bc-9619-ae5fc68c36e6,35de48ea-4ad5-4274-8064-ef5fbd1b39ed,2023-11-12,J45,Asthma,atorvastatin,Cholesterol,252.74
3be51204-dfdf-4ce3-83d9-0d508737f566,d227a804-2bf1-4ee1-b133-ed8ef6972231,2019-06-25,R51,Headache,atorvastatin,Cholesterol,110.64
21e2e412-2e19-4f8f-9570-6418a11c6ace,d227a804-2bf1-4ee1-b133-ed8ef6972231,2024-01-18,E11,Type 2 diabetes mellitus,lisinopril,WBC,3.32
00e3e362-aff5-4fea-a54a-110af9970b2e,090e43c6-5ec4-432b-bbc9-867f4c44f437,2023-11-18,R51,Headache,sertraline,Cholesterol,123.2
fdce9cda-8144-4791-92a6-db6de05217f1,090e43c6-5ec4-432b-bbc9-867f4c44f437,2020-02-29,E11,Type 2 diabetes mellitus,sertraline,Creatinine,1.98
a9562317-b656-4b5d-a73e-56c18eb22860,090e43c6-5ec4-432b-bbc9-867f4c44f437,2019-06-04,F32,Major depressive disorder,sertraline,Cholesterol,122.5
6c3a4763-0407-4427-9c50-3a78d9e33372,2c695896-1286-4933-afe7-3d1db0841716,2024-04-29,J45,Asthma,metformin,WBC,10.81
c4b95429-9db6-4442-8c79-25bab18987e0,2c695896-1286-4933-afe7-3d1db0841716,2023-09-09,I10,Essential (primary) hypertension,atorvastatin,Creatinine,1.3
68eb75a7-059c-4853-9acc-a0771b614788,0362c68c-c7dc-4796-9659-f6776a24a5af,2023-05-02,M54,Back pain,metformin,WBC,6.75
1e5af026-d3a2-4552-a4f0-9c505993eb36,0362c68c-c7dc-4796-9659-f6776a24a5af,2024-11-07,I10,Essential (primary) hypertension,sertraline,HbA1c,12.93
069b3420-56d7-4734-986e-e396447b9cc4,0362c68c-c7dc-4796-9659-f6776a24a5af,2025-06-03,J45,Asthma,atorvastatin,HbA1c,8.24
a068ae03-1702-4848-9337-2a95512ffc4d,0362c68c-c7dc-4796-9659-f6776a24a5af,2019-02-03,E11,Type 2 diabetes mellitus,albuterol,WBC,3.26
3e17554d-08df-42d0-a1ed-716a1f9c831e,0362c68c-c7dc-4796-9659-f6776a24a5af,2020-07-20,R51,Headache,atorvastatin,Cholesterol,190.81
ef457bcf-f4c4-43a5-a5f7-55de8701ab47,d5d1a31a-c4ca-4cee-a5b5-2a6abeceef31,2019-01-19,R51,Headache,metformin,Creatinine,1.95
cce06dac-9303-4a6b-830a-ff37aade77b4,d5d1a31a-c4ca-4cee-a5b5-2a6abeceef31,2018-05-10,M54,Back pain,sertraline,Creatinine,1.92
b30ff4db-eff9-4649-b5ea-297b901786ae,d5d1a31a-c4ca-4cee-a5b5-2a6abeceef31,2017-06-24,M54,Back pain,lisinopril,WBC,10.77
c72e6998-3766-43b2-a217-2b3208e7e6e8,0de04e92-c7cc-4e6c-b513-80b401ba5e68,2022-02-02,E11,Type 2 diabetes mellitus,atorvastatin,HbA1c,9.7
3fba6f42-130f-4e07-8d4d-dc5b928ff71e,0de04e92-c7cc-4e6c-b513-80b401ba5e68,2018-12-17,F32,Major depressive disorder,metformin,Cholesterol,151.03
32957551-42c5-4e77-959c-8d7ab3357e0a,0de04e92-c7cc-4e6c-b513-80b401ba5e68,2023-01-08,F32,Major depressive disorder,metformin,HbA1c,12.6
19121376-ba36-47df-ba12-fbf178979aa9,4fcabe9a-e4f2-4cb7-9bef-5756e444bf24,2021-05-10,F32,Major depressive disorder,albuterol,WBC,4.09
b6e07c4e-12c4-4933-b024-05fbb35b4190,4fcabe9a-e4f2-4cb7-9bef-5756e444bf24,2020-03-17,F32,Major depressive disorder,atorvastatin,Creatinine,1.85
1c1cb78b-17e1-425d-aa12-7fbc02cad215,2d643956-7a34-4c75-86af-e31b18e7c909,2024-03-29,J45,Asthma,atorvastatin,HbA1c,12.4
6fb2dd15-94ab-43bf-b0f0-8d895adca850,2d643956-7a34-4c75-86af-e31b18e7c909,2019-12-19,I10,Essential (primary) hypertension,sertraline,Cholesterol,277.08
f8dc7783-b237-4d50-8f94-005587f435e9,2d643956-7a34-4c75-86af-e31b18e7c909,2020-05-15,J45,Asthma,ibuprofen,Cholesterol,118.04
d684d160-fe93-4c81-9073-481d5e36234d,2d643956-7a34-4c75-86af-e31b18e7c909,2020-12-22,J45,Asthma,ibuprofen,WBC,6.91
7ef9d449-5f47-4537-b6dc-50f8f413da66,2d643956-7a34-4c75-86af-e31b18e7c909,2020-12-08,E11,Type 2 diabetes mellitus,metformin,Creatinine,1.96
4c75205c-86da-4a3e-aed0-8b2fbcec09d6,621d3d56-a0b0-41a5-ac01-2d3eb3313ab4,2018-06-14,R51,Headache,atorvastatin,WBC,11.38
b608d4a3-67dd-4b6a-b255-8e0655757aba,621d3d56-a0b0-41a5-ac01-2d3eb3313ab4,2019-10-20,R51,Headache,atorvastatin,HbA1c,7.26
daa7eef2-c9e4-46ef-b809-2c5c9fd80f2b,a7476fdc-c037-4b59-b3cf-5d3dae4bcc1d,2024-10-28,F32,Major depressive disorder,albuterol,WBC,11.86
428e1135-cfa2-49b0-8bcd-eff13b6962b9,a7476fdc-c037-4b59-b3cf-5d3dae4bcc1d,2018-01-15,J45,Asthma,lisinopril,Cholesterol,159.1
7059695c-018e-45f5-97ca-11754f9eb59a,a7476fdc-c037-4b59-b3cf-5d3dae4bcc1d,2025-03-06,M54,Back pain,metformin,HbA1c,9.38
afe5c686-b74d-406e-958a-b4163d7eab5f,a7476fdc-c037-4b59-b3cf-5d3dae4bcc1d,2019-12-27,F32,Major depressive disorder,sertraline,HbA1c,8.91
0a7f6d8b-3236-4c14-a3a3-5b8503595e90,8d376398-f9a3-43e9-ba7c-c30d9e71a6a2,2016-08-06,J45,Asthma,albuterol,Creatinine,1.34
6783dfbc-f5b4-44ab-a307-94a04985d124,8d376398-f9a3-43e9-ba7c-c30d9e71a6a2,2017-02-03,M54,Back pain,metformin,HbA1c,11.53
6ebe9764-0013-4a91-9fe5-7ba7d1b0a7e6,8d376398-f9a3-43e9-ba7c-c30d9e71a6a2,2020-07-10,I10,Essential (primary) hypertension,lisinopril,Cholesterol,109.05
1f7ce4f0-4e21-4cfb-932e-e84f6abfde90,8d376398-f9a3-43e9-ba7c-c30d9e71a6a2,2021-01-17,R51,Headache,albuterol,Creatinine,1.34
83f4ea26-7748-4b7f-b5e7-36e1fc9aa3ab,8d376398-f9a3-43e9-ba7c-c30d9e71a6a2,2020-08-11,R51,Headache,sertraline,Creatinine,0.95
78e625be-9716-4cf1-ae49-13584719e7d0,c734c89b-6c01-4bf1-8333-f96c3a52aaf8,2023-05-07,I10,Essential (primary) hypertension,metformin,Creatinine,1.79
460fc4c6-e435-4e8f-b438-fc721b45e9b6,c734c89b-6c01-4bf1-8333-f96c3a52aaf8,2024-07-09,F32,Major depressive disorder,ibuprofen,HbA1c,4.56
8d370012-2942-422b-9c26-df4b03aabcd6,3c100363-95bc-473d-93e7-52de0373e983,2025-07-25,I10,Essential (primary) hypertension,atorvastatin,Cholesterol,192.03
253ad824-969e-4efa-9b0d-6fc78020f875,5a370872-7f85-4dc3-a415-bab5c301306e,2015-12-21,R51,Headache,atorvastatin,Cholesterol,160.56
382b7229-eb0b-4556-8ba6-aa101388488f,5a370872-7f85-4dc3-a415-bab5c301306e,2016-08-05,M54,Back pain,albuterol,Cholesterol,260.93
91d1a808-22cb-4125-8d56-6a45c06f7a15,5a370872-7f85-4dc3-a415-bab5c301306e,2024-09-24,I10,Essential (primary) hypertension,lisinopril,HbA1c,6.31
910358fc-2128-4fab-81f2-30ac11690d5e,5a370872-7f85-4dc3-a415-bab5c301306e,2016-07-24,E11,Type 2 diabetes mellitus,atorvastatin,WBC,10.73
c47456c5-0c9f-46e4-8db2-4dcfa1411727,28de2e77-dd93-4400-b45d-2c7c61b770e0,2020-04-26,R51,Headache,lisinopril,WBC,6.92
70ac1849-ef75-41cd-bab5-798577c25242,28de2e77-dd93-4400-b45d-2c7c61b770e0,2018-09-10,M54,Back pain,lisinopril,HbA1c,7.36
cea3649c-850c-47d0-aef2-35b236f4bbbf,415f50d7-3144-425c-aef1-3f7d814a3747,2024-01-20,F32,Major depressive disorder,sertraline,HbA1c,5.61
d9945664-7d7b-4d1a-bb3e-509e485de015,415f50d7-3144-425c-aef1-3f7d814a3747,2024-01-02,R51,Headache,atorvastatin,Cholesterol,292.77
35a2e6eb-8fe0-4da1-813e-baa721f5a4ba,415f50d7-3144-425c-aef1-3f7d814a3747,2020-06-04,E11,Type 2 diabetes mellitus,sertraline,WBC,4.81
82559bb6-1871-4c2c-9bea-bbd82d8a969c,415f50d7-3144-425c-aef1-3f7d814a3747,2019-04-30,F32,Major depressive disorder,metformin,Creatinine,0.41
0df77e6a-c0f8-4f8d-860d-61ebb4e73310,12f36fbd-2126-443f-9e34-d6bc0767ff2f,2021-01-19,F32,Major depressive disorder,atorvastatin,Creatinine,0.46
7bced225-2811-4fcb-9ea1-1f7b07856fe4,12f36fbd-2126-443f-9e34-d6bc0767ff2f,2021-03-25,F32,Major depressive disorder,ibuprofen,Cholesterol,146.38
c87f6010-24fc-4b58-b757-fd48ebbf5355,12f36fbd-2126-443f-9e34-d6bc0767ff2f,2025-01-12,M54,Back pain,metformin,Cholesterol,215.28
bdb7c9d8-f2c8-42b4-bec4-e12a79083ce2,12f36fbd-2126-443f-9e34-d6bc0767ff2f,2019-07-05,E11,Type 2 diabetes mellitus,albuterol,Cholesterol,277.83
8ec957d1-3b09-4a13-b931-2f2017ecad79,9298e984-d294-40fd-bece-0c7f28745dc1,2020-03-01,M54,Back pain,atorvastatin,Creatinine,1.12
7781a7bf-0428-4226-aed3-c6560f4ea5f2,d7858849-1920-45f7-834d-8000f4f4a7ba,2025-06-24,I10,Essential (primary) hypertension,albuterol,WBC,7.22
dbe38daf-789c-4158-90ba-7c21ce184626,d7858849-1920-45f7-834d-8000f4f4a7ba,2020-10-19,I10,Essential (primary) hypertension,ibuprofen,WBC,8.29
a8751198-a29f-4ce4-b9e2-1be7b48342f8,d7858849-1920-45f7-834d-8000f4f4a7ba,2018-01-12,J45,Asthma,ibuprofen,Cholesterol,126.23
83ebbbcb-8918-4c67-be1b-579302150f9f,d7858849-1920-45f7-834d-8000f4f4a7ba,2022-06-04,R51,Headache,atorvastatin,Cholesterol,291.96
a4125689-6999-42d6-b670-8be0bf6655c9,2b398fb0-34f4-4ceb-ae0e-0e2610c4175d,2016-10-14,F32,Major depressive disorder,lisinopril,WBC,5.54
99f59b62-6e52-41c2-8479-f6b10b6d587e,2b398fb0-34f4-4ceb-ae0e-0e2610c4175d,2017-04-24,E11,Type 2 diabetes mellitus,atorvastatin,Cholesterol,125.82
4dc398a8-72ab-4cb7-97aa-b18fdadca549,2b398fb0-34f4-4ceb-ae0e-0e2610c4175d,2023-06-23,I10,Essential (primary) hypertension,ibuprofen,Cholesterol,120.18
4e43086e-3644-4090-882d-ca8a64dfe9fb,759be718-e26b-4ff5-94ea-803531ea95c9,2020-03-05,J45,Asthma,lisinopril,WBC,8.01
4116ca2b-f932-4375-b60d-efd0b21f15df,759be718-e26b-4ff5-94ea-803531ea95c9,2025-07-05,J45,Asthma,albuterol,Creatinine,1.48
09857b15-7ff8-45f4-b21a-b05a8246679d,759be718-e26b-4ff5-94ea-803531ea95c9,2023-10-03,M54,Back pain,metformin,HbA1c,7.71
5b0177b4-eb97-479f-9453-f5d54c0a33d9,759be718-e26b-4ff5-94ea-803531ea95c9,2024-06-08,M54,Back pain,lisinopril,HbA1c,9.84
3ac9930c-0c19-44df-9345-edd90461360e,607c643b-f002-427c-998f-8fe254f6d8de,2022-10-27,J45,Asthma,albuterol,HbA1c,11.82
087ea32c-f082-4b9c-addd-43065a31b61e,607c643b-f002-427c-998f-8fe254f6d8de,2019-06-20,J45,Asthma,lisinopril,HbA1c,11.21
4ac22cc7-adae-463b-b8f1-3041486de5c2,607c643b-f002-427c-998f-8fe254f6d8de,2020-10-20,F32,Major depressive disorder,metformin,HbA1c,11.93
28e69eab-53a9-4236-8285-24aab61bbfde,607c643b-f002-427c-998f-8fe254f6d8de,2018-11-16,E11,Type 2 diabetes mellitus,ibuprofen,HbA1c,9.32
7e6e52c9-7517-4ef5-903e-1b12b54b025b,c0b9c970-3cab-4533-b403-a1d1588335ea,2018-08-25,E11,Type 2 diabetes mellitus,lisinopril,Creatinine,0.65
068ea917-2c6b-4168-86cb-118b47faa83c,c0b9c970-3cab-4533-b403-a1d1588335ea,2022-06-09,R51,Headache,sertraline,Cholesterol,246.51
ded36c31-47bd-4d51-9d4f-0cbabbb06392,71896ae2-9e55-4c55-b340-55baaa2a625e,2023-12-26,R51,Headache,albuterol,Creatinine,1.71
d603f4d6-40b8-4e97-8097-f2cb74402d69,7558caf5-2328-49cc-95ea-866c41b05ee2,2016-03-13,I10,Essential (primary) hypertension,sertraline,Cholesterol,253.84
a8e78796-41f8-4055-b36f-81ed36324729,88d609a7-57ff-47ff-b629-b89eace74717,2022-12-18,F32,Major depressive disorder,albuterol,Creatinine,1.21
d6323e0f-53e9-45c7-a3b1-41395d3a50b4,3e6ed03b-2d8d-42ee-a959-2bab55470ae6,2022-09-24,J45,Asthma,atorvastatin,Cholesterol,172.13
b25177cd-f776-4d2f-be58-f13bc1c5fe84,c3d78a73-d79b-4f77-8669-6b15299cf38b,2024-01-06,M54,Back pain,sertraline,WBC,4.24
1be4a6b8-0783-4ab6-a912-ef91e6abed15,c3d78a73-d79b-4f77-8669-6b15299cf38b,2020-11-26,F32,Major depressive disorder,sertraline,Cholesterol,290.37
17b13820-9b26-4fd4-8cd2-c9ab512b627c,95598da9-b788-49ab-b241-4291928c6406,2016-10-20,R51,Headache,albuterol,HbA1c,8.7
6cea378a-bf7f-453f-9703-f2f135b773e0,95598da9-b788-49ab-b241-4291928c6406,2017-01-28,E11,Type 2 diabetes mellitus,atorvastatin,HbA1c,5.31
aa744b38-786a-4db3-a04d-aaf999a9e8dd,95598da9-b788-49ab-b241-4291928c6406,2022-03-08,F32,Major depressive disorder,lisinopril,Cholesterol,112.29
d7e0d05d-2b12-4352-b857-992a6cd1d857,95598da9-b788-49ab-b241-4291928c6406,2017-03-14,E11,Type 2 diabetes mellitus,atorvastatin,WBC,11.12
e4d4c1f9-a325-4f16-a204-8bb4e89e5df2,95598da9-b788-49ab-b241-4291928c6406,2025-01-24,R51,Headache,atorvastatin,Creatinine,1.07
bf4873c9-d661-495e-8123-54a2f4680256,c57eb031-d0f6-412d-8724-a99b3bdca5c4,2015-12-01,J45,Asthma,atorvastatin,Creatinine,1.85
7cdc4b2b-a6fc-4494-88cf-7fe2ce7e001f,c57eb031-d0f6-412d-8724-a99b3bdca5c4,2025-08-16,J45,Asthma,ibuprofen,WBC,9.3
5a72b7e7-570a-45ec-a5e0-4b6d94b5f1c3,c57eb031-d0f6-412d-8724-a99b3bdca5c4,2020-09-16,R51,Headache,lisinopril,Cholesterol,239.49
d69ff40c-52c7-4c47-a11d-dffe2e649859,c57eb031-d0f6-412d-8724-a99b3bdca5c4,2015-10-05,R51,Headache,sertraline,WBC,10.93
43fd4535-221c-449c-af70-0f8c4c571054,c57eb031-d0f6-412d-8724-a99b3bdca5c4,2024-10-07,E11,Type 2 diabetes mellitus,ibuprofen,Creatinine,1.02
21903223-af78-4c52-a7e0-20e82ea9f040,573d29ac-e8bc-4414-b642-f842f9b8d3f4,2019-11-17,M54,Back pain,albuterol,WBC,3.84
f2d4ad0f-ca41-4eea-a821-f0e60d15218e,573d29ac-e8bc-4414-b642-f842f9b8d3f4,2019-07-11,J45,Asthma,ibuprofen,Creatinine,1.61
f5f87232-bbfe-42c1-a0e8-aca762f24580,a2840b46-5425-4ec9-b395-20d9c0ec5aff,2025-06-14,E11,Type 2 diabetes mellitus,ibuprofen,Creatinine,0.79
849bfb11-076d-42ee-a26e-18510aeec6f7,a2840b46-5425-4ec9-b395-20d9c0ec5aff,2017-01-12,J45,Asthma,atorvastatin,Cholesterol,297.39
7ba0e8c3-d279-499a-b9df-07ea0157482d,eabf770d-fa1e-417c-8f5f-a136d0eb8012,2017-07-03,E11,Type 2 diabetes mellitus,albuterol,Creatinine,1.4
693b9ad3-05f3-47d5-b957-18179383255f,7ec3d66a-d0da-4040-b132-e4a48198c501,2024-04-28,E11,Type 2 diabetes mellitus,atorvastatin,HbA1c,8.76
f0e1da2b-baf8-4551-9f6a-89a57add79a1,7ec3d66a-d0da-4040-b132-e4a48198c501,2019-04-18,R51,Headache,metformin,Cholesterol,167.8
c609d4fa-9da9-487c-9973-9f6b61c1e2a9,7ec3d66a-d0da-4040-b132-e4a48198c501,2023-01-24,R51,Headache,ibuprofen,WBC,6.15
abc2e47e-c9c7-4f30-a938-cad7938644b5,eb17fd54-a2ca-4745-9f63-0a25562daebc,2018-03-27,R51,Headache,ibuprofen,WBC,9.43
b291bbe3-f039-4721-821b-80883bf9c60a,eb17fd54-a2ca-4745-9f63-0a25562daebc,2019-11-20,R51,Headache,lisinopril,HbA1c,7.61
c090227f-ea3b-4321-9483-147e7aba17b9,eb17fd54-a2ca-4745-9f63-0a25562daebc,2019-03-08,I10,Essential (primary) hypertension,albuterol,Cholesterol,119.6
803d4f7a-092a-4b8f-9bc7-40c17082f970,1d060b34-4503-4f2c-9764-59e0454b21af,2016-06-03,F32,Major depressive disorder,metformin,HbA1c,5.09
65c109df-850c-48a5-9e2a-455406956d8b,1d060b34-4503-4f2c-9764-59e0454b21af,2015-10-01,I10,Essential (primary) hypertension,sertraline,WBC,7.02
d897461a-fc8d-499c-b82e-ba8ef0594382,1d060b34-4503-4f2c-9764-59e0454b21af,2021-07-28,R51,Headache,ibuprofen,Cholesterol,217.65
96023417-d3b7-484d-8b83-821eb40b390d,1d060b34-4503-4f2c-9764-59e0454b21af,2019-11-23,F32,Major depressive disorder,albuterol,Cholesterol,227.29
1c5b3e08-c7e8-4b6f-8f51-1a19ef8a38b6,822383c2-c763-44a6-ab82-a8bdf408c376,2017-12-26,F32,Major depressive disorder,atorvastatin,Cholesterol,264.76
10063a1a-56c2-418a-803d-e8a065c2665f,822383c2-c763-44a6-ab82-a8bdf408c376,2024-02-04,M54,Back pain,lisinopril,Cholesterol,242.23
c076b02c-763c-407d-acbb-963efca98df3,822383c2-c763-44a6-ab82-a8bdf408c376,2024-04-06,R51,Headache,ibuprofen,HbA1c,11.1
56c9c7ac-29e3-44b4-adb2-33ea45c9e5e5,822383c2-c763-44a6-ab82-a8bdf408c376,2020-08-09,F32,Major depressive disorder,metformin,WBC,11.5
72ab570e-3304-41fd-825b-6dc17947aaff,2301c9dd-bf7a-415c-91ef-f5506498689f,2024-05-19,M54,Back pain,sertraline,HbA1c,5.65
b359dd28-3c93-4a05-9642-668c18069630,2301c9dd-bf7a-415c-91ef-f5506498689f,2019-04-21,J45,Asthma,metformin,WBC,4.06
b531ca3d-1177-4c15-bc06-aded9aebe043,2301c9dd-bf7a-415c-91ef-f5506498689f,2022-04-18,J45,Asthma,albuterol,Creatinine,1.18
f6a56f1b-79be-4f27-a76a-608f69b44195,54762c37-091c-400f-88e0-be5194bb2943,2024-02-13,M54,Back pain,sertraline,HbA1c,13.4
934592bf-bfea-4837-95f2-9ec0f569e864,54762c37-091c-400f-88e0-be5194bb2943,2022-04-17,J45,Asthma,lisinopril,WBC,10.37
f2a42b17-a020-4c5c-8bcc-e457cd488182,e732a621-a6a7-4fe7-8895-4cb1d7affb05,2025-09-09,E11,Type 2 diabetes mellitus,ibuprofen,Creatinine,0.51
5604e2c6-d898-4a7c-b659-0ca5f82cbf32,e732a621-a6a7-4fe7-8895-4cb1d7affb05,2025-03-18,F32,Major depressive disorder,sertraline,Creatinine,1.31
78b8089d-91b4-4220-a447-35f6b2e97d61,e732a621-a6a7-4fe7-8895-4cb1d7affb05,2021-12-04,F32,Major depressive disorder,sertraline,WBC,9.86
541d5d19-1b0e-4dcc-87a8-4ac4df091759,e732a621-a6a7-4fe7-8895-4cb1d7affb05,2020-01-20,R51,Headache,sertraline,Cholesterol,233.44
03941f1e-5cb3-454d-ab6d-c3c1b8c889b3,a40b5479-ab82-4fa0-b15e-8290ff4d37e4,2015-12-31,R51,Headache,albuterol,HbA1c,12.1
c3b9b985-f750-469b-9dbc-21610f024a4d,a40b5479-ab82-4fa0-b15e-8290ff4d37e4,2018-04-06,M54,Back pain,sertraline,Cholesterol,146.56
ae6350b2-072c-4640-937d-af7803e249f4,4a46f961-8d96-485d-9af7-02ecaed91825,2021-11-29,M54,Back pain,metformin,Cholesterol,247.18
fedd20d0-e691-49f0-9b54-78ee37225e37,4a46f961-8d96-485d-9af7-02ecaed91825,2018-06-21,E11,Type 2 diabetes mellitus,lisinopril,HbA1c,9.93
1e3a3e83-de4e-4c2c-950a-8ce0efb499b1,4a46f961-8d96-485d-9af7-02ecaed91825,2016-10-13,R51,Headache,albuterol,HbA1c,10.62
8f7f939f-a00a-4ad4-9dd9-a7d03df78914,4a46f961-8d96-485d-9af7-02ecaed91825,2024-10-04,I10,Essential (primary) hypertension,ibuprofen,HbA1c,13.59
10daa928-96d3-4987-bdd7-f226cb2aeb80,01ebc3ba-f94e-4b22-8454-767b1f9ca52e,2023-08-04,F32,Major depressive disorder,ibuprofen,HbA1c,5.64
7cdc0979-af93-4c1a-8ae6-048d1835710e,01ebc3ba-f94e-4b22-8454-767b1f9ca52e,2019-10-01,I10,Essential (primary) hypertension,metformin,Creatinine,1.66
d950f106-73be-4357-8344-f58416502516,01ebc3ba-f94e-4b22-8454-767b1f9ca52e,2022-12-18,R51,Headache,ibuprofen,Cholesterol,116.93
f3ec4921-d4d4-48f3-90dc-47824939b8b3,01ebc3ba-f94e-4b22-8454-767b1f9ca52e,2019-09-24,M54,Back pain,albuterol,Cholesterol,217.78
d51a437c-2977-438e-b460-fc24fc334526,01ebc3ba-f94e-4b22-8454-767b1f9ca52e,2020-03-14,E11,Type 2 diabetes mellitus,albuterol,Cholesterol,136.1
86cad835-0d34-4b9f-8185-7110ab171bb1,11c90589-71da-45e7-a0f4-51f60a4b09db,2016-01-27,M54,Back pain,albuterol,Cholesterol,151.44
8c24e24e-a89d-4438-ae83-d17e9cec4b2a,8e7be8a1-0e7f-4f75-910a-01cc1eabf88c,2024-08-07,M54,Back pain,lisinopril,Creatinine,0.63
94a5324b-54e4-4f31-80b7-2473c4b93aef,a2388399-34ef-4df4-ba09-b51b3021ee41,2017-02-05,E11,Type 2 diabetes mellitus,lisinopril,Creatinine,1.92
f2e6c86b-9d94-4960-8cc9-137d8c97cb0d,a2388399-34ef-4df4-ba09-b51b3021ee41,2018-02-07,I10,Essential (primary) hypertension,metformin,Creatinine,0.69
0b757139-bd27-45f4-b96c-71ec36313aa4,a2388399-34ef-4df4-ba09-b51b3021ee41,2017-09-18,E11,Type 2 diabetes mellitus,albuterol,Cholesterol,119.75
7ce5cdb0-9cfe-494d-b855-6aa7895ce1ed,1d1c315f-26c9-4f41-a7a2-41606bf44ef3,2021-01-31,J45,Asthma,albuterol,Cholesterol,288.32
b8e40f62-554d-4aa6-9da9-3922036cc9a7,1d1c315f-26c9-4f41-a7a2-41606bf44ef3,2024-05-10,E11,Type 2 diabetes mellitus,lisinopril,WBC,9.77
d3116b93-3683-4d67-afa5-37d1e88fb56f,f5196327-606f-42a0-a7ce-db2c411aaacf,2023-01-23,F32,Major depressive disorder,ibuprofen,Cholesterol,289.87
ece41ee1-cef6-43a0-a647-b582602590d9,f5196327-606f-42a0-a7ce-db2c411aaacf,2022-09-10,E11,Type 2 diabetes mellitus,albuterol,Cholesterol,210.62
4ab0d406-80d5-4ded-a0c2-fd7406e7b557,f5196327-606f-42a0-a7ce-db2c411aaacf,2024-12-23,F32,Major depressive disorder,metformin,Cholesterol,226.71
708478da-27d4-41d9-b5ea-518744e3ca4d,f5196327-606f-42a0-a7ce-db2c411aaacf,2015-10-11,E11,Type 2 diabetes mellitus,albuterol,HbA1c,6.84
d12aa8d8-798f-4d54-9f01-8033793bf994,f5196327-606f-42a0-a7ce-db2c411aaacf,2019-06-29,R51,Headache,lisinopril,Creatinine,1.31
d0e72c27-a79a-41fc-82c5-ab5b2b387517,a03c4329-d63c-4fc2-9041-dc49bc21dbc2,2024-10-09,R51,Headache,ibuprofen,WBC,10.05
57a17948-13dc-4b45-964f-9d42501e28e3,a03c4329-d63c-4fc2-9041-dc49bc21dbc2,2024-02-12,J45,Asthma,ibuprofen,WBC,10.04
71d15503-9e78-45d0-a193-6b66915cab69,a03c4329-d63c-4fc2-9041-dc49bc21dbc2,2019-09-08,F32,Major depressive disorder,ibuprofen,Cholesterol,108.36
e0d79500-bbbd-4e95-a3d2-2190d5671b24,a03c4329-d63c-4fc2-9041-dc49bc21dbc2,2016-08-07,F32,Major depressive disorder,ibuprofen,Creatinine,1.44
bfd57c27-47dd-408d-8abb-ffee55f6e0aa,0913becf-3e45-4657-95d8-d11dffa534b6,2025-09-15,E11,Type 2 diabetes mellitus,sertraline,Creatinine,1.36
966dffc8-4dbf-40f5-80c3-98d71bde26d8,0913becf-3e45-4657-95d8-d11dffa534b6,2016-04-19,R51,Headache,sertraline,Creatinine,1.75
0b8e34f6-73a6-460c-ae2a-02b7ecbfcbe5,337f5f72-9e4f-498e-9808-cf44a9b59b6a,2019-02-25,M54,Back pain,albuterol,HbA1c,6.03
42243066-1ace-4f39-9976-02220cf2b282,337f5f72-9e4f-498e-9808-cf44a9b59b6a,2019-09-22,M54,Back pain,metformin,Creatinine,0.54
3444a6de-7d06-4dfc-a03e-b2ddbf399743,e956180c-1476-46ab-9e14-fcb109f0048c,2016-05-26,I10,Essential (primary) hypertension,atorvastatin,Creatinine,1.81
a0ad1ebc-05ac-478e-b9e0-849802b583d8,95399579-680e-422a-a7c1-e6e0490b5e3f,2018-11-13,M54,Back pain,albuterol,Creatinine,1.42
f71a145e-8af2-4f44-8d9e-12287f391cdb,95399579-680e-422a-a7c1-e6e0490b5e3f,2017-04-09,R51,Headache,sertraline,Creatinine,0.79
b5b09f60-0eca-478e-b35f-58d425f50815,bf3ef961-e9cd-44db-b7be-55d7a1e63150,2021-11-18,I10,Essential (primary) hypertension,sertraline,Creatinine,0.43
5e03f01f-e9ff-4058-b012-fef372d11f4a,bf3ef961-e9cd-44db-b7be-55d7a1e63150,2017-12-15,I10,Essential (primary) hypertension,atorvastatin,HbA1c,10.28
6d2d390c-2378-4cbb-8e02-a142faa9b2a4,bf3ef961-e9cd-44db-b7be-55d7a1e63150,2025-08-31,E11,Type 2 diabetes mellitus,atorvastatin,WBC,6.72
eebbc71d-4d6c-4078-9f94-9b651f470cde,31d48993-26dc-40a8-acbe-b5b134dfe395,2017-02-28,F32,Major depressive disorder,ibuprofen,HbA1c,11.98
64afbdb9-9c62-4bce-8535-a8c0c0a23e58,31d48993-26dc-40a8-acbe-b5b134dfe395,2018-06-08,R51,Headache,metformin,HbA1c,12.98
6ff87184-0e0d-4c4d-88f5-398a71e2e866,31d48993-26dc-40a8-acbe-b5b134dfe395,2016-07-24,R51,Headache,sertraline,HbA1c,7.85
f5d7301b-5a7c-413c-96cf-43d79a291021,31d48993-26dc-40a8-acbe-b5b134dfe395,2016-08-06,F32,Major depressive disorder,ibuprofen,Creatinine,1.02
578f681a-f0ec-484f-87a1-8a9f3cae4128,547dd5b9-0d53-4493-9ef5-c5e80d9159f2,2024-04-24,F32,Major depressive disorder,albuterol,WBC,7.0
ecd2d497-633f-45e0-9283-e1bf69f9fe28,fbbbb9e1-ca42-4d90-9104-e3393a704bc6,2017-05-19,E11,Type 2 diabetes mellitus,albuterol,Creatinine,0.71
3214752c-7dbc-41d4-844c-da4a648f0ec2,fbbbb9e1-ca42-4d90-9104-e3393a704bc6,2016-07-23,M54,Back pain,atorvastatin,Creatinine,1.69
33f1b74d-3ca8-4766-9dc5-dc36bfdfd092,95627db3-6b6f-44ea-95f2-ef99ee82a108,2023-02-01,F32,Major depressive disorder,albuterol,HbA1c,7.17
568f059a-e167-4684-9a18-58ad94fd6bfa,95627db3-6b6f-44ea-95f2-ef99ee82a108,2017-10-26,R51,Headache,ibuprofen,WBC,3.06
cae8829a-186a-494a-a9df-1fd0a09c5ad8,1ca0b1a5-e711-474e-9b60-099cae8e0b14,2024-06-20,J45,Asthma,ibuprofen,Cholesterol,134.1
54313c0f-1513-4f70-b0da-429f3cf773b6,1ca0b1a5-e711-474e-9b60-099cae8e0b14,2023-07-17,R51,Headache,atorvastatin,WBC,3.59
a01033b7-6c35-427d-8237-803fc3b2e9f1,1ca0b1a5-e711-474e-9b60-099cae8e0b14,2024-04-10,R51,Headache,metformin,WBC,5.34
d87d6831-5074-4b08-892f-ae398aea1721,1ca0b1a5-e711-474e-9b60-099cae8e0b14,2019-04-28,I10,Essential (primary) hypertension,ibuprofen,Creatinine,0.71
3b293870-691b-475b-9262-8a85bf26abe8,99e49fbd-e37b-4914-8c32-8c7c6d31de81,2017-12-10,R51,Headache,ibuprofen,Creatinine,1.49
89820a4a-9379-4c77-b167-fb7f431a0e86,5f6f807b-575f-469e-969e-7df87f866131,2025-09-09,F32,Major depressive disorder,atorvastatin,HbA1c,12.61
b7b489e4-e3ee-4408-823c-67cef3169001,5f6f807b-575f-469e-969e-7df87f866131,2022-02-02,F32,Major depressive disorder,sertraline,Creatinine,0.59
d6d40f7e-ece9-42eb-a0dc-ea401f51947a,5f6f807b-575f-469e-969e-7df87f866131,2019-11-26,F32,Major depressive disorder,sertraline,Creatinine,1.23
78e7709d-d1fc-4ad7-98f8-346c1473a220,5f6f807b-575f-469e-969e-7df87f866131,2025-03-23,R51,Headache,lisinopril,HbA1c,7.14
7a66e3fc-9431-4d27-abf9-2ad7aed8fecf,bb81985b-e8b7-4418-8120-fba2bdb2af33,2019-09-29,F32,Major depressive disorder,albuterol,HbA1c,8.22
2c841b92-0646-4ed2-b4e6-aaa5640eb387,bb81985b-e8b7-4418-8120-fba2bdb2af33,2021-12-17,E11,Type 2 diabetes mellitus,ibuprofen,HbA1c,13.91
52821bf7-0f01-4a96-9555-240ddb3e99b9,bb81985b-e8b7-4418-8120-fba2bdb2af33,2023-03-08,R51,Headache,sertraline,HbA1c,13.21
1a6c68f1-a6cf-47e0-9e14-3d5e7883a33b,bb81985b-e8b7-4418-8120-fba2bdb2af33,2023-07-04,I10,Essential (primary) hypertension,albuterol,Creatinine,0.5
50539e44-0724-4a88-a3da-b133f3a2cbfc,16b89a16-dbc6-4e17-92c3-7494368ba35b,2025-05-26,F32,Major depressive disorder,sertraline,HbA1c,10.13
d9d48ae8-06c9-4bff-9b8c-bd4127fab42a,489c8567-52ee-4926-a8f2-138b168b1b31,2016-04-15,J45,Asthma,lisinopril,HbA1c,9.0
ba8fd288-c0a2-4d34-811e-fa9ce9e4ee1f,489c8567-52ee-4926-a8f2-138b168b1b31,2021-11-22,E11,Type 2 diabetes mellitus,albuterol,WBC,11.49
6b5c8d24-cd4f-494f-9285-6750bcd6d717,489c8567-52ee-4926-a8f2-138b168b1b31,2017-01-05,M54,Back pain,ibuprofen,Cholesterol,252.82
9bace2fd-1bff-4a8a-a41a-8236eca636dc,77bf2135-9b27-43ce-bd79-6852983118a8,2019-03-22,E11,Type 2 diabetes mellitus,metformin,HbA1c,13.21
6685418b-8339-465c-849e-f45f35c7dc25,77bf2135-9b27-43ce-bd79-6852983118a8,2021-06-25,J45,Asthma,atorvastatin,HbA1c,11.94
92e90249-0959-4637-9252-be6f5527ddda,77bf2135-9b27-43ce-bd79-6852983118a8,2025-01-07,F32,Major depressive disorder,metformin,Creatinine,1.38
e7492763-00dd-4d95-9750-58be93973dfb,77bf2135-9b27-43ce-bd79-6852983118a8,2020-11-14,E11,Type 2 diabetes mellitus,metformin,HbA1c,9.81
26741e48-572b-49be-88a9-12cd1af076a7,a0ecc668-b12d-48b5-b007-d2ff99240e46,2016-03-07,F32,Major depressive disorder,sertraline,HbA1c,10.36
74b8bb3f-3d76-4f43-97e4-dc118f9f6609,a0ecc668-b12d-48b5-b007-d2ff99240e46,2021-02-07,I10,Essential (primary) hypertension,ibuprofen,HbA1c,8.81
801d842f-4f7f-448e-8821-7924ca2d5746,a0ecc668-b12d-48b5-b007-d2ff99240e46,2020-07-04,F32,Major depressive disorder,ibuprofen,HbA1c,7.73
62ca3464-5085-4b5c-9a3c-8d8f377291ce,dda6c7ed-b212-4fd4-91f6-a25b3194677c,2020-08-15,M54,Back pain,albuterol,WBC,3.97
23de4d3c-9a59-405d-afef-cd1ce3af6d4a,5e68e3ca-0cf0-45a7-a6df-e85b53276855,2019-01-15,R51,Headache,metformin,WBC,11.14
6e0d9413-e23a-473d-ae5f-c05e9f25b1db,01e2ef42-544b-4f7f-8173-471ccec9f386,2018-07-26,M54,Back pain,albuterol,Creatinine,1.07
8c8e6f70-2164-4c06-b07c-411229740abe,01e2ef42-544b-4f7f-8173-471ccec9f386,2017-08-02,M54,Back pain,sertraline,WBC,5.19
f466a12a-7a46-4de5-83f7-085ebe89fa35,db00c3fd-66e3-4fbf-a133-31ebde85d5b3,2025-01-13,I10,Essential (primary) hypertension,albuterol,Cholesterol,202.63
2fcec467-e6dc-4c3c-8882-cf4e49eebf7b,3de67540-5416-4bcb-aff5-73ef2c17a97c,2022-03-23,M54,Back pain,ibuprofen,WBC,4.33
130c87f1-d0b1-43a1-b6ce-3972664f59ca,3de67540-5416-4bcb-aff5-73ef2c17a97c,2022-04-02,M54,Back pain,albuterol,Creatinine,0.99
029f46d4-8021-43bf-9d39-5d373422fad4,3de67540-5416-4bcb-aff5-73ef2c17a97c,2025-08-15,M54,Back pain,ibuprofen,WBC,3.52
f6c5ad6e-3ee1-483b-b828-82384049eb55,e47f326c-0de2-476b-8fb0-8158b9c58d3b,2016-07-11,M54,Back pain,metformin,Cholesterol,168.76
299099fd-7562-4217-9484-58fceeac14f7,e47f326c-0de2-476b-8fb0-8158b9c58d3b,2023-06-20,R51,Headache,lisinopril,HbA1c,7.74
27465654-2626-4967-a4d4-ea3c023b5301,e47f326c-0de2-476b-8fb0-8158b9c58d3b,2018-03-23,F32,Major depressive disorder,atorvastatin,Cholesterol,219.95
41544f5f-b9b2-489b-bc48-48485d843e80,e47f326c-0de2-476b-8fb0-8158b9c58d3b,2021-12-31,M54,Back pain,ibuprofen,Creatinine,1.39
9876002f-ca48-4240-b0a2-116f8309f3ff,e47f326c-0de2-476b-8fb0-8158b9c58d3b,2021-01-07,J45,Asthma,lisinopril,HbA1c,8.82
01037cad-4f1b-47bf-99b9-ec1f632761dc,af5a8607-ba8d-4ec1-bb6f-eb1e56b47632,2020-02-25,I10,Essential (primary) hypertension,metformin,WBC,9.24
eba45a4b-df81-4f5f-ba40-28711c0ffdd2,8583a1af-2514-4ac6-8590-663e3ad27d40,2018-09-19,I10,Essential (primary) hypertension,lisinopril,Cholesterol,246.92
369d875f-a0cc-4ff6-a2dc-9142f75cba4b,8583a1af-2514-4ac6-8590-663e3ad27d40,2016-07-30,J45,Asthma,atorvastatin,Cholesterol,141.06
93a50598-4c9e-4701-bc74-a5b4e5ad36e1,8583a1af-2514-4ac6-8590-663e3ad27d40,2023-08-25,E11,Type 2 diabetes mellitus,albuterol,HbA1c,5.2
04ccf7d6-b7cd-4267-bf13-5e84e451bd3b,8583a1af-2514-4ac6-8590-663e3ad27d40,2025-05-18,M54,Back pain,metformin,WBC,5.62
d73ff214-a271-4f09-bf45-6f9dfefa26df,d6c3a9e8-e772-481d-ba38-284ced5fa3a4,2018-08-20,M54,Back pain,albuterol,HbA1c,13.77
892cbf64-9881-430a-a6cf-33ac18f80806,d6c3a9e8-e772-481d-ba38-284ced5fa3a4,2023-06-25,I10,Essential (primary) hypertension,albuterol,WBC,4.97
eec725b5-6398-4820-a357-2f37ed6563aa,9261bd4a-0f13-4914-9eca-a708dbc4de08,2017-08-26,I10,Essential (primary) hypertension,albuterol,WBC,4.61
3428e9c2-b189-4f48-96a8-8ea0f087dbcb,9261bd4a-0f13-4914-9eca-a708dbc4de08,2025-06-21,I10,Essential (primary) hypertension,albuterol,HbA1c,4.7
f159e5f8-1fd4-4dad-9fdc-1fc1aa70dc02,9261bd4a-0f13-4914-9eca-a708dbc4de08,2018-02-12,I10,Essential (primary) hypertension,sertraline,HbA1c,7.71
fc6f710f-c705-4e90-a9a9-0ceba018be35,9448fabc-df11-45d8-81e3-6c0b68cf6993,2022-04-17,F32,Major depressive disorder,lisinopril,Creatinine,1.7
378781ca-f167-4c28-a73e-b774f67d29a0,9448fabc-df11-45d8-81e3-6c0b68cf6993,2018-04-20,I10,Essential (primary) hypertension,ibuprofen,Cholesterol,275.68
ec8e75c6-38d1-4790-af00-290970e3f2c2,b5d8a9b1-f44e-4151-ab85-27fa1a770d03,2024-05-20,I10,Essential (primary) hypertension,lisinopril,WBC,4.73
0537f2c2-ccd5-4d34-b771-7b9a83f6f5a6,33ba9caf-1c4e-4d93-a879-691adf5c989f,2017-12-04,J45,Asthma,albuterol,Cholesterol,295.4
340d8eb3-e744-4165-a96b-f7c3e7bbe366,33ba9caf-1c4e-4d93-a879-691adf5c989f,2022-12-21,E11,Type 2 diabetes mellitus,ibuprofen,WBC,10.69
f154749b-abd5-4f53-8219-818b2d87725e,33ba9caf-1c4e-4d93-a879-691adf5c989f,2022-06-01,I10,Essential (primary) hypertension,albuterol,WBC,3.48
69f24978-678a-4294-9c25-0e942abaf7da,33ba9caf-1c4e-4d93-a879-691adf5c989f,2016-10-16,J45,Asthma,lisinopril,Cholesterol,141.85
692e5af6-724d-4a81-890e-bd325ca23962,efe577f5-d8d4-40a9-8336-4c0e7c807291,2016-11-30,F32,Major depressive disorder,atorvastatin,HbA1c,6.09
3de3a890-7eb0-40b0-8c14-c2472e35a4b9,f88c9e71-320b-476a-a6ca-13bdb57bd9f7,2017-04-15,R51,Headache,ibuprofen,Creatinine,1.2
ee51b809-97b3-4d1c-b34b-0a05166b9a32,f88c9e71-320b-476a-a6ca-13bdb57bd9f7,2020-07-04,I10,Essential (primary) hypertension,albuterol,Creatinine,1.24
2ce7ce36-9f44-4386-a164-6731b5768949,f88c9e71-320b-476a-a6ca-13bdb57bd9f7,2020-04-17,R51,Headache,sertraline,Cholesterol,153.67
cadc3799-b998-4a87-99a1-105b4eb1e08d,f88c9e71-320b-476a-a6ca-13bdb57bd9f7,2021-03-20,R51,Headache,ibuprofen,HbA1c,6.47
9cb70422-7be0-4814-8f0c-79d5c298db07,51530f8b-d063-41a5-a6bf-1533258668ac,2020-08-23,I10,Essential (primary) hypertension,sertraline,WBC,5.75
9604b285-ff4d-4055-abb1-c7dfcd781055,51530f8b-d063-41a5-a6bf-1533258668ac,2015-09-30,F32,Major depressive disorder,ibuprofen,WBC,11.42
6c3aa83f-cdf3-41ed-aef4-226c6ad1df1c,2ca9c858-1da8-4fe9-a254-259b56617414,2022-11-10,M54,Back pain,metformin,WBC,9.76
bde8580b-4367-4fdf-b769-7556c8c95984,2ca9c858-1da8-4fe9-a254-259b56617414,2022-05-28,F32,Major depressive disorder,ibuprofen,Creatinine,0.77
489bd86f-e7c1-4711-b194-8d498c786be2,2ca9c858-1da8-4fe9-a254-259b56617414,2025-04-02,F32,Major depressive disorder,ibuprofen,Creatinine,1.08
1fdcf719-063c-45ed-b1fa-98115b45f97c,b973ee82-6ba8-4091-86c8-caad99095c71,2020-11-11,F32,Major depressive disorder,albuterol,Cholesterol,163.4
eab871c2-0e7f-4062-865c-c9c910517428,b973ee82-6ba8-4091-86c8-caad99095c71,2021-06-04,E11,Type 2 diabetes mellitus,lisinopril,Cholesterol,146.76
75ce6104-4623-4b5e-b69d-928f1de1feb9,b973ee82-6ba8-4091-86c8-caad99095c71,2018-06-23,E11,Type 2 diabetes mellitus,albuterol,HbA1c,7.3
2ae14a2e-9117-40ec-888d-55d519626c2f,b973ee82-6ba8-4091-86c8-caad99095c71,2020-02-01,M54,Back pain,ibuprofen,HbA1c,11.97
d587f731-55c9-47c2-a81a-b550b0c30c78,49ed7b7b-8b6e-4b36-84ac-002594842ae0,2024-08-10,E11,Type 2 diabetes mellitus,metformin,Creatinine,0.46
351b9b73-ab1e-4774-9e48-aae2bcd31906,49ed7b7b-8b6e-4b36-84ac-002594842ae0,2023-06-20,J45,Asthma,lisinopril,Creatinine,0.8
4ab8ce4b-1782-4b38-b930-ffc93d6c9838,768a9948-257b-4ba6-a60a-b96306ba126d,2023-07-30,R51,Headache,ibuprofen,WBC,11.99
997e2b1d-82a3-4b93-a261-449d5a87c4df,768a9948-257b-4ba6-a60a-b96306ba126d,2017-04-11,R51,Headache,atorvastatin,Creatinine,0.41
c6a2acee-0640-4512-b0dc-15ee47125276,768a9948-257b-4ba6-a60a-b96306ba126d,2022-05-10,J45,Asthma,albuterol,Cholesterol,289.16
e5d473ed-98dd-4682-bd13-2b286bc7a55c,b380c3e2-a8bc-4a64-9d5e-89a71d9134d7,2017-03-20,R51,Headache,metformin,Cholesterol,230.82
8c2fce87-fb53-4955-b071-afa2e6f2dcb9,b380c3e2-a8bc-4a64-9d5e-89a71d9134d7,2017-03-06,I10,Essential (primary) hypertension,sertraline,WBC,5.04
2ebd6fd1-147c-4aa1-b2c8-46105278f21f,b380c3e2-a8bc-4a64-9d5e-89a71d9134d7,2017-04-24,I10,Essential (primary) hypertension,sertraline,WBC,7.64
dab63c89-23ce-4eb5-b4fd-ba88d042b69a,b380c3e2-a8bc-4a64-9d5e-89a71d9134d7,2016-11-24,M54,Back pain,sertraline,Cholesterol,168.13
41e34858-d38d-4613-ac1e-636b33ff1471,b380c3e2-a8bc-4a64-9d5e-89a71d9134d7,2024-10-01,J45,Asthma,lisinopril,Cholesterol,254.03
c83a53ad-79ff-4b83-ac61-0cbc1947f501,fe0dd0c5-8832-4153-8548-007ca2ff1de3,2023-05-13,F32,Major depressive disorder,sertraline,HbA1c,8.06
f50ab7d7-bb26-4ea5-979b-7ec62c8a3f91,fe0dd0c5-8832-4153-8548-007ca2ff1de3,2019-03-28,I10,Essential (primary) hypertension,albuterol,HbA1c,9.25
01c94193-51b3-4270-be03-8c7a0198f002,fe0dd0c5-8832-4153-8548-007ca2ff1de3,2018-04-29,J45,Asthma,albuterol,WBC,6.77
e919b07b-5e4a-4236-9331-b153058c5eec,fe0dd0c5-8832-4153-8548-007ca2ff1de3,2018-01-09,F32,Major depressive disorder,atorvastatin,Creatinine,0.92
54bf0a15-38a7-43d4-8927-48516af38748,cedbc85e-22dd-41b0-af63-2b51c73b9564,2019-05-08,E11,Type 2 diabetes mellitus,lisinopril,WBC,11.8
ce8ecf7e-a1fb-4ec7-8eb1-19d9de483e30,e949336d-2664-4d42-b5bf-cb595a72b42d,2019-05-05,R51,Headache,ibuprofen,Cholesterol,296.03
83d2eadc-dea8-4871-ae2e-ee3134f0fec7,e949336d-2664-4d42-b5bf-cb595a72b42d,2023-06-04,F32,Major depressive disorder,metformin,Cholesterol,137.67
812abbf9-784e-44bb-a354-fc359bbe90cf,e949336d-2664-4d42-b5bf-cb595a72b42d,2024-06-30,J45,Asthma,ibuprofen,Cholesterol,227.8
1a6f82df-1c5a-4bda-9f73-b6e78c4753b0,83c4917e-3760-4cba-81eb-a7be77c813f3,2024-09-01,I10,Essential (primary) hypertension,metformin,WBC,3.29
f339825c-1c78-489a-bba1-ad3bf68f7ebd,83c4917e-3760-4cba-81eb-a7be77c813f3,2017-12-26,M54,Back pain,sertraline,HbA1c,6.27
daa68856-2d3b-4164-9cfe-37645562a51f,83c4917e-3760-4cba-81eb-a7be77c813f3,2024-12-07,F32,Major depressive disorder,albuterol,WBC,5.1
0f6cbe98-69a1-43a8-bd26-2993dfb3c53d,5041f65b-b59b-4c0f-ba45-28e80ac82714,2024-12-05,F32,Major depressive disorder,metformin,Creatinine,1.23
96518d51-1a53-4331-8ee3-55f3f0018941,5041f65b-b59b-4c0f-ba45-28e80ac82714,2023-10-15,J45,Asthma,sertraline,Cholesterol,131.41
c9062966-12de-48f3-ade3-4aa4581cf65a,5041f65b-b59b-4c0f-ba45-28e80ac82714,2024-06-21,I10,Essential (primary) hypertension,ibuprofen,Cholesterol,195.65
1778d517-67b2-4453-bc6d-9834210bc911,5041f65b-b59b-4c0f-ba45-28e80ac82714,2024-12-10,F32,Major depressive disorder,lisinopril,WBC,10.83
8a538e68-7d21-482a-8f60-7844a90bd163,5041f65b-b59b-4c0f-ba45-28e80ac82714,2022-03-29,F32,Major depressive disorder,atorvastatin,Cholesterol,131.76
71d985e7-5bb3-4bb3-9db5-9a0d64761ffb,12a958fa-2527-4f56-984d-e47e3e876f8e,2022-03-26,M54,Back pain,lisinopril,Cholesterol,155.09
d0ff5439-3e2d-48fe-81a4-f733d187f939,12a958fa-2527-4f56-984d-e47e3e876f8e,2025-08-18,I10,Essential (primary) hypertension,sertraline,HbA1c,12.33
c7c40491-0530-47a2-9703-d5fe0235db0c,12a958fa-2527-4f56-984d-e47e3e876f8e,2018-12-06,I10,Essential (primary) hypertension,ibuprofen,Creatinine,1.86
2a8bd469-3c30-4f53-b535-7266fe685bbb,12a958fa-2527-4f56-984d-e47e3e876f8e,2015-11-08,F32,Major depressive disorder,sertraline,Cholesterol,215.23
4c8eeb2e-6855-4353-b44c-250ad05a9025,12a958fa-2527-4f56-984d-e47e3e876f8e,2017-06-12,E11,Type 2 diabetes mellitus,albuterol,Cholesterol,169.36
41569777-9dae-49d2-a414-4a74d6f9d2c7,a4075701-93dc-47a2-85e2-ecf4e5fbd723,2021-04-30,M54,Back pain,lisinopril,Cholesterol,149.83
2444395c-bd14-4158-8b8b-b9bfde991683,a4075701-93dc-47a2-85e2-ecf4e5fbd723,2018-10-14,R51,Headache,sertraline,Cholesterol,176.93
3f9b5ceb-861b-4c8c-b2bb-d2162c63d39a,a4075701-93dc-47a2-85e2-ecf4e5fbd723,2018-04-28,I10,Essential (primary) hypertension,atorvastatin,HbA1c,8.24
7e14551f-0a20-4b32-8a01-836287150cb5,0f6bcf3d-da65-4b35-8daf-0d6718566244,2023-01-10,I10,Essential (primary) hypertension,albuterol,Creatinine,1.47
b5de44bf-83d9-4216-b72f-cda9ef02826d,0e2df65c-96db-41a5-b5bf-2d4e976d0c6f,2017-11-19,R51,Headache,atorvastatin,WBC,11.18
d000012c-c9cf-49e1-9f2f-f251c6e1aa94,735957c6-a4fc-4f8f-a687-f8f8ab5f26e2,2017-03-03,M54,Back pain,metformin,Creatinine,0.52
ede53589-d5ec-4c77-ba83-b77a20288a47,735957c6-a4fc-4f8f-a687-f8f8ab5f26e2,2024-07-14,M54,Back pain,albuterol,Cholesterol,190.19
ca338599-26fc-4fd8-81ef-1afa44bc4956,735957c6-a4fc-4f8f-a687-f8f8ab5f26e2,2022-11-17,I10,Essential (primary) hypertension,ibuprofen,HbA1c,8.89
f3e9b60f-3631-4ebf-88af-d90c7c99c27c,735957c6-a4fc-4f8f-a687-f8f8ab5f26e2,2024-11-22,R51,Headache,atorvastatin,Cholesterol,176.23
e3df69d1-4031-4132-a0bc-f5e7c4923598,5bd92094-3440-4dcd-b21c-7426a14f1b4e,2016-02-12,I10,Essential (primary) hypertension,sertraline,HbA1c,4.6
e1d0b0b4-9976-44e2-b6fe-ec608961540f,5bd92094-3440-4dcd-b21c-7426a14f1b4e,2024-06-05,R51,Headache,lisinopril,Creatinine,1.47
37d2931c-463d-4671-bb1e-38a1939742bc,5bd92094-3440-4dcd-b21c-7426a14f1b4e,2020-07-04,F32,Major depressive disorder,sertraline,HbA1c,5.28
8ba2acfd-5466-403a-959b-e439d999cc14,5bd92094-3440-4dcd-b21c-7426a14f1b4e,2018-05-06,I10,Essential (primary) hypertension,atorvastatin,Cholesterol,128.05
eaa8fd35-b673-4855-94f1-05ad31dbdc00,595ecc55-7db8-4273-a6b3-23986827189d,2016-04-10,I10,Essential (primary) hypertension,lisinopril,HbA1c,10.27
776a2779-4201-4025-8710-9d9fcffbc3e3,595ecc55-7db8-4273-a6b3-23986827189d,2023-09-23,J45,Asthma,metformin,Cholesterol,133.69
4ef8349b-f4e1-495f-acda-ffb0a2fc1ff8,595ecc55-7db8-4273-a6b3-23986827189d,2018-03-08,E11,Type 2 diabetes mellitus,atorvastatin,Creatinine,0.65
f8344a73-914b-4ecb-8d05-9778b668cee1,a0b7bdd3-99f3-4fff-80a1-03c0a14672c3,2023-09-20,I10,Essential (primary) hypertension,atorvastatin,HbA1c,12.98
ba2e5c77-0e7f-478f-bd3a-8bb5b0978ba7,a0b7bdd3-99f3-4fff-80a1-03c0a14672c3,2019-09-29,I10,Essential (primary) hypertension,sertraline,HbA1c,12.45
fd2405e9-0c7a-46af-b691-9ff467c2669a,a0b7bdd3-99f3-4fff-80a1-03c0a14672c3,2016-08-12,M54,Back pain,atorvastatin,HbA1c,8.21
2518b6f0-a271-418b-9fe9-d9b6e25065d6,95e1ec14-667c-4093-9c66-c51dbb3e7e15,2020-09-25,E11,Type 2 diabetes mellitus,ibuprofen,HbA1c,4.96
7fb4d6ca-d1a3-4ab8-a199-c36110ae2493,95e1ec14-667c-4093-9c66-c51dbb3e7e15,2021-06-25,I10,Essential (primary) hypertension,lisinopril,Creatinine,1.85
c028c9ac-4d94-40c5-8940-ac83ad6320d4,95e1ec14-667c-4093-9c66-c51dbb3e7e15,2023-06-21,E11,Type 2 diabetes mellitus,metformin,Cholesterol,105.59
048fda0b-5b89-484b-b0de-ca6af9bb9549,bb2b65dd-912b-4078-b8fa-035aa218a909,2021-12-07,I10,Essential (primary) hypertension,atorvastatin,HbA1c,6.6
223d1af4-8cd1-4df0-b925-0555c566b00c,9f13f423-e3be-46a7-8b1f-698d1679fd5c,2016-10-10,R51,Headache,lisinopril,WBC,3.4
b24617ef-fe28-4de8-b05b-24f39ba3e5e9,c88b60b8-5a26-4d53-921e-0d5f0373af2c,2024-07-03,J45,Asthma,albuterol,WBC,8.62
d46e7c8d-867d-4a00-9d33-acfae85db941,c88b60b8-5a26-4d53-921e-0d5f0373af2c,2019-08-22,F32,Major depressive disorder,sertraline,HbA1c,6.71
077d0e34-3fc7-43d1-a9f2-9794ebd820f3,c88b60b8-5a26-4d53-921e-0d5f0373af2c,2024-07-11,J45,Asthma,albuterol,WBC,3.13
12f87e3b-9fa7-44ae-bf79-70871dc11d37,c88b60b8-5a26-4d53-921e-0d5f0373af2c,2018-05-19,J45,Asthma,metformin,Cholesterol,142.55
c6cfadbb-fcf6-4e66-bbdd-4611fcb8ae2b,c88b60b8-5a26-4d53-921e-0d5f0373af2c,2023-03-31,E11,Type 2 diabetes mellitus,atorvastatin,Creatinine,1.44
7e8a36ec-ccdb-4b92-9586-8f33f14c7222,9e50405b-c1e5-492e-a6ff-6565ee5ef4b4,2025-03-22,E11,Type 2 diabetes mellitus,lisinopril,Cholesterol,160.31
03bcd1fe-8d64-4034-a6e2-a83ab2d00bf7,9e50405b-c1e5-492e-a6ff-6565ee5ef4b4,2018-12-31,F32,Major depressive disorder,metformin,WBC,5.27
f329aa42-b3c5-44a1-b94a-bd9c28bc530a,9e50405b-c1e5-492e-a6ff-6565ee5ef4b4,2024-08-25,M54,Back pain,albuterol,Cholesterol,235.58
b24cfe3b-0bd6-4667-b264-c8d459995558,380f1cad-e347-4dce-9fd3-a9f8618025a9,2021-12-27,I10,Essential (primary) hypertension,atorvastatin,Creatinine,1.96
2dcafb08-a5d3-4148-bae6-33761b769f2a,380f1cad-e347-4dce-9fd3-a9f8618025a9,2018-03-29,F32,Major depressive disorder,metformin,Creatinine,0.43
aa595674-5565-4dd4-9ddb-90f2cc920dca,e00b4fd6-b750-471f-93e8-74a409c345e9,2020-09-05,F32,Major depressive disorder,ibuprofen,WBC,7.53
52bf53ea-b7af-43ba-91c9-840197749839,e00b4fd6-b750-471f-93e8-74a409c345e9,2017-10-23,E11,Type 2 diabetes mellitus,lisinopril,HbA1c,10.36
0cd336e7-f4dd-44a9-a5fd-5ac07d15307f,e00b4fd6-b750-471f-93e8-74a409c345e9,2024-04-27,J45,Asthma,lisinopril,Cholesterol,251.45
1af68e6a-98c0-4127-831a-1fb58b7bfd30,e00b4fd6-b750-471f-93e8-74a409c345e9,2018-10-06,E11,Type 2 diabetes mellitus,metformin,WBC,6.37
2bd2198e-66ab-42ac-8af6-0c31decc1816,e00b4fd6-b750-471f-93e8-74a409c345e9,2022-05-22,I10,Essential (primary) hypertension,lisinopril,Cholesterol,140.88
8636f333-7f94-4d19-bd3a-7f7c48f9333a,c7806814-f27d-4114-acd6-7e1649f1ea6b,2023-01-16,R51,Headache,ibuprofen,Cholesterol,247.85
b96096c5-768f-4a24-935f-fad6226d5f79,e860514f-2286-4865-b14f-11ecaa5c3ec9,2024-03-17,J45,Asthma,albuterol,HbA1c,9.45
3b8b555a-a09c-4aa0-a535-32844c96bc58,e860514f-2286-4865-b14f-11ecaa5c3ec9,2021-01-22,R51,Headache,albuterol,HbA1c,6.68
8435fd34-ad95-42ce-83a1-eb4574559d4d,e860514f-2286-4865-b14f-11ecaa5c3ec9,2017-06-30,J45,Asthma,albuterol,WBC,4.85
6ad80144-50f5-41f6-a362-fdf123566d6a,15523825-8b9c-404d-a83e-e5ee9252f508,2018-04-04,I10,Essential (primary) hypertension,atorvastatin,WBC,8.47
3002d00f-7da1-49f3-a95b-038602e2a855,3489bd50-3b9c-4e20-9452-319384ad4239,2019-11-13,J45,Asthma,lisinopril,Cholesterol,225.96
412a4bac-8556-4b84-aad5-8db9fe2d9001,3489bd50-3b9c-4e20-9452-319384ad4239,2024-12-27,F32,Major depressive disorder,metformin,WBC,3.47
580b9d81-8ffa-4bcf-a9e8-37513fa417dc,3489bd50-3b9c-4e20-9452-319384ad4239,2024-02-16,I10,Essential (primary) hypertension,lisinopril,HbA1c,6.15
3b04bf94-2402-47de-8325-adbf834ebfb9,3489bd50-3b9c-4e20-9452-319384ad4239,2019-07-23,I10,Essential (primary) hypertension,lisinopril,HbA1c,8.55
5e878916-2188-4fd6-aca9-0854ab0098cf,aef213f1-5a1f-49d1-bb4c-8ebed90228cc,2022-03-22,I10,Essential (primary) hypertension,atorvastatin,WBC,5.2
79429d5a-8812-4369-ba7e-8dc8f317fa80,aef213f1-5a1f-49d1-bb4c-8ebed90228cc,2023-09-26,M54,Back pain,lisinopril,Creatinine,0.86
8dc04214-1449-46a1-92f6-1cb34537da93,aef213f1-5a1f-49d1-bb4c-8ebed90228cc,2020-09-07,R51,Headache,lisinopril,Creatinine,1.78
ff3c2039-75a0-4a59-999c-bdc0325c9b96,aef213f1-5a1f-49d1-bb4c-8ebed90228cc,2020-04-26,E11,Type 2 diabetes mellitus,albuterol,Cholesterol,175.54
e80dab9f-96e7-437d-ab77-f4d0de092a2d,9d62f72a-9559-42c3-8962-2d86a9d484b8,2020-10-06,F32,Major depressive disorder,ibuprofen,Cholesterol,252.06
fe4bdff0-1525-4409-9b5b-61f13177558d,9d62f72a-9559-42c3-8962-2d86a9d484b8,2016-07-09,F32,Major depressive disorder,metformin,Cholesterol,185.48
b86f8082-3f76-4303-bad9-865ee3151b9d,9d62f72a-9559-42c3-8962-2d86a9d484b8,2024-10-12,J45,Asthma,ibuprofen,WBC,7.98
1d25044c-bb7c-4bd0-984e-0e97fcb5c7e2,9d62f72a-9559-42c3-8962-2d86a9d484b8,2023-09-29,J45,Asthma,sertraline,Cholesterol,161.17
5675b8b7-35f1-45e9-b786-f979254bb0d9,79f9d387-ccb5-43b2-8b6a-2cab1695688d,2021-07-04,M54,Back pain,ibuprofen,Cholesterol,114.39
e48efe59-5649-4c7d-9da5-c9a455024004,79f9d387-ccb5-43b2-8b6a-2cab1695688d,2024-03-07,R51,Headache,sertraline,WBC,4.39
bf6770ed-8e8f-49e3-ac80-38767f5a94de,79f9d387-ccb5-43b2-8b6a-2cab1695688d,2023-08-03,E11,Type 2 diabetes mellitus,metformin,Creatinine,1.19
bd539764-c9ae-48f0-bf16-1b16eb7881ca,4031f69a-70d4-41ff-8e3c-66f5092dc567,2021-04-15,R51,Headache,albuterol,Cholesterol,197.91
54c5d694-4081-4fa5-be82-81e6f3b1eaa6,4031f69a-70d4-41ff-8e3c-66f5092dc567,2018-07-11,M54,Back pain,metformin,Cholesterol,277.0
76a24072-88d2-4a1f-98a3-8c94b302757a,4031f69a-70d4-41ff-8e3c-66f5092dc567,2024-04-26,F32,Major depressive disorder,ibuprofen,WBC,4.75
f0d4812a-c3c1-4b15-b2d0-3508cde3cdfd,4031f69a-70d4-41ff-8e3c-66f5092dc567,2020-10-26,J45,Asthma,atorvastatin,Creatinine,1.22
6634d47d-b333-42a1-9879-52bd796f5dbd,741633aa-362f-4ab6-9466-90079891e06f,2018-08-05,R51,Headache,albuterol,HbA1c,10.68
5df698c9-28fb-44b4-987d-220d45d104f8,741633aa-362f-4ab6-9466-90079891e06f,2020-12-16,R51,Headache,lisinopril,WBC,7.3
663b1ec5-d759-4be8-a93f-39e09ad48bc7,741633aa-362f-4ab6-9466-90079891e06f,2016-08-05,J45,Asthma,atorvastatin,HbA1c,11.13
68232119-ff76-4a73-b251-6d57cb14cef3,741633aa-362f-4ab6-9466-90079891e06f,2018-06-23,I10,Essential (primary) hypertension,albuterol,Cholesterol,288.85
969f32d8-404e-4d39-af67-b3038b8cc4e5,5653aab3-1543-4791-a72c-44b8a651c3de,2022-11-11,I10,Essential (primary) hypertension,ibuprofen,WBC,3.11
68220d08-26d1-47e9-bb15-ac7c1b8cf66e,5653aab3-1543-4791-a72c-44b8a651c3de,2017-01-25,E11,Type 2 diabetes mellitus,atorvastatin,Cholesterol,179.53
3b44e6a6-31fb-4452-99a3-677e91220949,9313ee3a-6f3a-4845-9e1a-01fac838bc56,2024-10-23,M54,Back pain,lisinopril,Cholesterol,133.16
0ca2b8c4-d63f-401d-b72e-26128b7dcd77,9313ee3a-6f3a-4845-9e1a-01fac838bc56,2020-12-04,J45,Asthma,atorvastatin,Creatinine,1.2
32010938-deab-47cf-9097-22e52cb117e2,9313ee3a-6f3a-4845-9e1a-01fac838bc56,2019-09-26,R51,Headache,sertraline,Creatinine,1.57
09d4fed8-e133-41f1-a06e-415f0dd0bf79,9313ee3a-6f3a-4845-9e1a-01fac838bc56,2017-04-10,R51,Headache,metformin,HbA1c,10.54
4ae65989-af16-4699-9e09-dc8897b5089d,9313ee3a-6f3a-4845-9e1a-01fac838bc56,2017-01-01,J45,Asthma,lisinopril,Creatinine,1.6
c0a62e54-045d-4bba-8a0e-dcd5c8a73944,bd9c1fcb-6a77-4bc7-88f5-e88f73ef25fa,2017-11-15,J45,Asthma,metformin,WBC,10.35
a7a7a71a-68ef-4665-b6ff-4ba87546caa6,bd9c1fcb-6a77-4bc7-88f5-e88f73ef25fa,2025-09-11,E11,Type 2 diabetes mellitus,metformin,Cholesterol,204.99
e3603718-20cd-48b8-ac32-db967137d099,bd9c1fcb-6a77-4bc7-88f5-e88f73ef25fa,2018-05-17,J45,Asthma,atorvastatin,Cholesterol,134.13
d9d79370-4fa6-4ffc-a49c-749a6552f78e,bd9c1fcb-6a77-4bc7-88f5-e88f73ef25fa,2021-07-06,I10,Essential (primary) hypertension,atorvastatin,WBC,4.78
65091b42-fc16-4db2-b98f-6de3e5bfc18c,95e807fc-a990-4be4-8e3c-d2405ad5ba6a,2020-01-29,E11,Type 2 diabetes mellitus,sertraline,WBC,4.67
00c78978-6649-4fce-a12a-30258f77d961,95e807fc-a990-4be4-8e3c-d2405ad5ba6a,2025-01-19,R51,Headache,lisinopril,WBC,5.33
1690991d-de66-49fc-abc5-f58344e2879c,ce923335-1019-4eb0-ba7e-fd26d5efcf0d,2020-10-08,R51,Headache,ibuprofen,HbA1c,12.75
0fdb1657-116e-494a-87d5-e3dffaccc810,ce923335-1019-4eb0-ba7e-fd26d5efcf0d,2023-11-07,E11,Type 2 diabetes mellitus,albuterol,HbA1c,8.09
af780a05-d1b3-461f-a299-6e469daacab6,ce923335-1019-4eb0-ba7e-fd26d5efcf0d,2022-08-11,E11,Type 2 diabetes mellitus,albuterol,HbA1c,10.06
16cbe225-6488-45ef-b74d-eb3a0ed19fd7,ce923335-1019-4eb0-ba7e-fd26d5efcf0d,2020-05-09,F32,Major depressive disorder,atorvastatin,HbA1c,4.59
c5b6a093-3395-456a-aea5-fba2028db546,e0bfece7-ab63-42f8-aa1e-f8b91d2a3fa5,2017-04-13,E11,Type 2 diabetes mellitus,atorvastatin,HbA1c,5.42
f9986639-263a-4822-8506-d8abf3ccd00e,e0bfece7-ab63-42f8-aa1e-f8b91d2a3fa5,2019-11-09,E11,Type 2 diabetes mellitus,sertraline,Creatinine,1.89
f033a63a-d9cd-4e38-90d8-1aa86af383db,e0bfece7-ab63-42f8-aa1e-f8b91d2a3fa5,2020-05-28,J45,Asthma,ibuprofen,Cholesterol,167.31
acdbdd61-9ae3-4da5-b4cf-7259e3d151f5,dc510036-8d71-4980-8347-e269f7f3ca0b,2022-03-06,I10,Essential (primary) hypertension,albuterol,Cholesterol,175.69
5e9c8b9b-2d01-4dff-8302-636c163c4041,dc510036-8d71-4980-8347-e269f7f3ca0b,2025-01-26,J45,Asthma,albuterol,HbA1c,4.53
aab3e6f8-8ffb-4f63-b822-90c4a7a3617c,dc510036-8d71-4980-8347-e269f7f3ca0b,2015-12-14,R51,Headache,sertraline,WBC,3.23
5d71ad88-bd3e-4ba8-9d28-549868eb6f3d,ca079281-3c4f-4889-bcc9-295a4098a6d0,2015-12-20,M54,Back pain,albuterol,WBC,6.32
4b1ad4aa-c1f3-4fe4-a497-e5bf59a15fe2,8f81156c-1943-43e3-a5ed-8ea656efb590,2018-01-07,R51,Headache,sertraline,Cholesterol,232.05
5693bf27-1142-4de2-bdd5-5bb90220b4e9,8f81156c-1943-43e3-a5ed-8ea656efb590,2025-09-05,R51,Headache,albuterol,HbA1c,10.52
8a04ca51-3c6f-4654-b7c1-48292b9678d2,8f81156c-1943-43e3-a5ed-8ea656efb590,2015-12-02,E11,Type 2 diabetes mellitus,atorvastatin,Creatinine,1.48
a9c5e970-751a-4450-bf53-16a72c4f670b,8f81156c-1943-43e3-a5ed-8ea656efb590,2023-02-04,M54,Back pain,sertraline,Cholesterol,247.84
18527b7b-2833-4245-b080-a9481423ab0b,8f81156c-1943-43e3-a5ed-8ea656efb590,2016-10-22,E11,Type 2 diabetes mellitus,albuterol,Cholesterol,287.82
caf594af-1937-4522-a601-faa7e1000cc2,bb4dc591-daa5-46b6-b296-74d1ee95b4d9,2018-05-01,R51,Headache,metformin,Cholesterol,158.77
f41f8004-7c93-49c9-8315-4a050f26fb75,bb4dc591-daa5-46b6-b296-74d1ee95b4d9,2023-07-11,R51,Headache,lisinopril,HbA1c,5.71
f06e4396-b1a3-4b98-8a72-7857ad2ada17,bb4dc591-daa5-46b6-b296-74d1ee95b4d9,2016-10-11,E11,Type 2 diabetes mellitus,albuterol,Cholesterol,133.61
2a0e8a76-edca-4294-a51c-d6018085f993,bb4dc591-daa5-46b6-b296-74d1ee95b4d9,2020-09-16,E11,Type 2 diabetes mellitus,sertraline,WBC,5.19
2e651529-992f-4143-94de-8992e60042c5,16d93d13-363b-43d1-a7b7-d59d1efcf6bd,2017-04-07,R51,Headache,atorvastatin,HbA1c,5.5
d2d50c96-9f8f-479e-a595-40a2b88450de,16d93d13-363b-43d1-a7b7-d59d1efcf6bd,2017-09-08,E11,Type 2 diabetes mellitus,lisinopril,Creatinine,1.84
2a447b68-65f9-4c72-a8af-23b9452ec84d,b6f83900-cd36-4250-96b1-2b245248965f,2023-03-30,R51,Headache,albuterol,Cholesterol,290.3
126f6611-12c8-436d-ae0e-ae405d76c8ad,b6f83900-cd36-4250-96b1-2b245248965f,2018-03-12,E11,Type 2 diabetes mellitus,atorvastatin,WBC,11.3
a3b3ed91-7ad2-4907-8f88-d0255d52a1aa,b6f83900-cd36-4250-96b1-2b245248965f,2018-08-10,R51,Headache,sertraline,HbA1c,12.06
4c1f7d36-7369-4161-833c-e5da67913940,89181b7c-db4b-4dc0-9f4a-e7d678beeb15,2015-12-08,I10,Essential (primary) hypertension,ibuprofen,HbA1c,10.62
355e5994-3525-4fa2-80d0-c989db3b6b81,89181b7c-db4b-4dc0-9f4a-e7d678beeb15,2021-06-26,R51,Headache,atorvastatin,Cholesterol,230.78
4b33824b-2df1-4ffa-a7bf-5b8d1f89a5c8,89181b7c-db4b-4dc0-9f4a-e7d678beeb15,2016-11-28,M54,Back pain,sertraline,WBC,5.01
cf134f23-0e9e-407d-86a5-9c4b06f91129,8e945359-400a-4367-9f72-a595f3b599f8,2022-06-14,E11,Type 2 diabetes mellitus,metformin,HbA1c,7.73
6603fbdc-b6fe-4036-a05c-51a57d768a04,92e0a381-b40e-438d-a7c5-00eed8bef859,2023-08-09,R51,Headache,metformin,Creatinine,0.6
386f037c-2752-4802-bcc9-44b3ba086ab5,92e0a381-b40e-438d-a7c5-00eed8bef859,2022-03-14,F32,Major depressive disorder,ibuprofen,HbA1c,7.45
e58a5bea-41b9-40c8-b5cb-0cab057d775f,92e0a381-b40e-438d-a7c5-00eed8bef859,2019-02-05,M54,Back pain,lisinopril,Cholesterol,295.97
2fe2ed9c-bbc3-4041-8973-4dff4d43a703,92e0a381-b40e-438d-a7c5-00eed8bef859,2022-02-16,J45,Asthma,atorvastatin,WBC,7.68
ce649a9d-a1fb-48f0-bb6a-f9242373ef45,92e0a381-b40e-438d-a7c5-00eed8bef859,2018-12-19,M54,Back pain,lisinopril,HbA1c,8.26
cb93c3f6-1eec-4a5e-8e51-2d9bd10ba7e8,12cca8d1-2679-40cc-829e-b515170727d1,2016-02-26,F32,Major depressive disorder,albuterol,WBC,10.35
4aa3016d-6177-4b64-ab81-6e13f44e2030,12cca8d1-2679-40cc-829e-b515170727d1,2022-05-21,I10,Essential (primary) hypertension,sertraline,Cholesterol,129.49
b09a47c0-efa6-4f04-a33b-ca513370c83c,12cca8d1-2679-40cc-829e-b515170727d1,2022-07-15,I10,Essential (primary) hypertension,atorvastatin,HbA1c,10.19
591824ba-5745-4d59-bde5-ddd0ca11e86c,12cca8d1-2679-40cc-829e-b515170727d1,2022-04-01,M54,Back pain,atorvastatin,HbA1c,7.1
14919f15-3c28-42f6-b214-0d69da64194b,12cca8d1-2679-40cc-829e-b515170727d1,2016-03-16,R51,Headache,ibuprofen,Cholesterol,226.22
f0bd6d7a-f299-442a-bd85-7ca3e465b657,6a20bba0-0bcd-47fd-80c7-5c5dbcc0cba5,2020-02-29,J45,Asthma,atorvastatin,Cholesterol,111.76
f032de29-2f6e-47a2-872a-f852ce2838ec,6a20bba0-0bcd-47fd-80c7-5c5dbcc0cba5,2016-08-17,J45,Asthma,lisinopril,WBC,10.63
367abe47-e7b7-4e5a-b30b-09e556b5a3c4,4490c6bc-b080-4b58-811b-25eef3bdf719,2017-11-10,R51,Headache,metformin,WBC,10.71
a246aeff-fd8c-4044-8324-7703507320f7,4490c6bc-b080-4b58-811b-25eef3bdf719,2017-07-22,F32,Major depressive disorder,albuterol,WBC,11.92
80f5ef4b-838c-4b00-abed-2654b6761bee,d2fae2a1-6482-4451-8fe1-6807e7fa2bde,2021-04-25,J45,Asthma,sertraline,Cholesterol,298.06
eb6ffba3-fa19-48b4-93d3-b6afba4e4f61,d2fae2a1-6482-4451-8fe1-6807e7fa2bde,2017-03-20,F32,Major depressive disorder,sertraline,HbA1c,9.51
47fe7b5a-cdc0-417f-9083-6fb2875c200c,d2fae2a1-6482-4451-8fe1-6807e7fa2bde,2022-07-16,J45,Asthma,atorvastatin,WBC,9.31
b5b85de1-3a60-4019-a5b7-a3ec9e09e397,d2fae2a1-6482-4451-8fe1-6807e7fa2bde,2019-07-27,F32,Major depressive disorder,metformin,WBC,5.91
a883d025-c08b-425c-af06-756028a493c8,d2fae2a1-6482-4451-8fe1-6807e7fa2bde,2016-11-02,M54,Back pain,metformin,Creatinine,1.13
b19d5d6e-9144-4c18-94b7-647e4b64a544,941e6cb1-f9ed-43c4-9160-28a44f2d7508,2019-03-29,I10,Essential (primary) hypertension,sertraline,Cholesterol,158.22
f937a4a2-aebd-4f86-b130-59d3dfe9b501,941e6cb1-f9ed-43c4-9160-28a44f2d7508,2024-02-02,I10,Essential (primary) hypertension,lisinopril,WBC,9.62
e037802f-3ea6-4724-8287-56e5ffb7fe3e,749d0cbb-1b23-47ba-b26f-3bfa16e6a334,2021-08-26,R51,Headache,ibuprofen,HbA1c,10.94
3ac53a9f-ad9c-4d0d-beef-a69337051e9c,3aa13905-88ef-402e-99d1-cc661125348b,2021-06-28,F32,Major depressive disorder,atorvastatin,WBC,11.33
c614b241-dd63-4650-be83-0432beac0563,3aa13905-88ef-402e-99d1-cc661125348b,2024-08-20,J45,Asthma,sertraline,WBC,11.51
b2bcbfd0-0fe9-4bb6-8048-dc3f7811bc61,782c7f70-6f17-4e33-b22f-0bf4dbd8a33d,2019-12-07,R51,Headache,albuterol,Cholesterol,293.95
9053a855-f96f-4645-9e38-b706bce8dc56,46439284-8541-4284-a132-ec70d2820d6e,2022-12-19,E11,Type 2 diabetes mellitus,metformin,WBC,6.57
fdf8eb28-29be-4fc4-98cf-137e4ccc613a,46439284-8541-4284-a132-ec70d2820d6e,2022-04-27,R51,Headache,ibuprofen,WBC,8.88
d0ca1def-733c-4870-980d-fe362fe73b86,46439284-8541-4284-a132-ec70d2820d6e,2021-07-03,R51,Headache,atorvastatin,HbA1c,11.89
728f8212-50ed-4e3c-942d-862a56bb3c7b,46439284-8541-4284-a132-ec70d2820d6e,2016-01-06,R51,Headache,sertraline,Creatinine,1.41
cbecd71d-3224-4aa4-9234-0c1b66026a91,c6526693-37f0-443d-a1bc-b62f57253950,2021-08-05,E11,Type 2 diabetes mellitus,metformin,HbA1c,5.29
dd25cbef-7a2b-48ab-b1f3-156bbb269d32,c6526693-37f0-443d-a1bc-b62f57253950,2020-03-24,R51,Headache,atorvastatin,WBC,3.21
a6a32d1d-b117-4859-8b77-034a8aee179a,c6526693-37f0-443d-a1bc-b62f57253950,2019-04-16,M54,Back pain,sertraline,Creatinine,1.51
83786f65-7b06-451f-b4ca-ea48d1a32765,c6526693-37f0-443d-a1bc-b62f57253950,2024-08-26,M54,Back pain,lisinopril,Cholesterol,196.84
fe661da4-0e5e-417b-88a3-5ab195e0cdc1,a6a2358f-19d3-4751-9d8f-1a56fd9f0fa1,2022-05-14,M54,Back pain,lisinopril,HbA1c,7.59
904a546f-4d3d-4228-8524-e6085992df62,a6a2358f-19d3-4751-9d8f-1a56fd9f0fa1,2017-09-16,M54,Back pain,lisinopril,Cholesterol,262.57
4d035691-7074-4571-a66d-a6fa775112d3,a6a2358f-19d3-4751-9d8f-1a56fd9f0fa1,2025-06-29,F32,Major depressive disorder,ibuprofen,Cholesterol,112.79
10d2c25f-0960-4964-8d03-49285c5a4ff6,a6a2358f-19d3-4751-9d8f-1a56fd9f0fa1,2016-04-29,M54,Back pain,ibuprofen,HbA1c,11.66
31d75394-b868-4cf8-a070-506b72015b4a,0a3c0cca-943b-41be-b815-dba0212a940d,2018-04-30,E11,Type 2 diabetes mellitus,lisinopril,WBC,3.05
01dfa21c-6c59-4581-b316-ae303c5e2ce1,0a3c0cca-943b-41be-b815-dba0212a940d,2020-09-12,J45,Asthma,metformin,HbA1c,5.72
59ec4b66-6cc5-425f-8323-8df2a7e95a6e,6f3dc689-748b-4025-b7be-07b89e2db5d6,2018-05-24,I10,Essential (primary) hypertension,metformin,Creatinine,1.76
f3412864-9e1e-477d-a06a-0a8e6a4168c9,6f3dc689-748b-4025-b7be-07b89e2db5d6,2025-04-27,E11,Type 2 diabetes mellitus,metformin,Creatinine,0.98
8289231f-f722-499a-adf4-775014d2ad20,737c18ed-2eaa-48f9-965b-83bba8d9a238,2023-10-16,F32,Major depressive disorder,atorvastatin,HbA1c,6.86
b0250240-a45c-49bd-a3f5-ac2ef2c1776a,737c18ed-2eaa-48f9-965b-83bba8d9a238,2025-03-12,M54,Back pain,albuterol,Cholesterol,127.97
9f251c9b-3f2a-4653-b003-18a7d4aad21a,737c18ed-2eaa-48f9-965b-83bba8d9a238,2020-03-19,R51,Headache,albuterol,Creatinine,1.37
38fa41a7-4bbb-4c4b-bfe0-e073b8eea598,737c18ed-2eaa-48f9-965b-83bba8d9a238,2019-12-27,I10,Essential (primary) hypertension,atorvastatin,HbA1c,10.79
5fb42aef-e9c6-434c-99ae-bf036d87b947,737c18ed-2eaa-48f9-965b-83bba8d9a238,2025-03-18,I10,Essential (primary) hypertension,metformin,WBC,4.28
9c05280b-6a38-4b06-ac2d-afbab1371c6d,a52d2d8d-1604-42cc-b281-e3e4bc3f7068,2024-03-17,M54,Back pain,ibuprofen,WBC,8.33
b8ee806a-f7f1-4f26-b5d4-0537a69454ee,a52d2d8d-1604-42cc-b281-e3e4bc3f7068,2022-08-08,I10,Essential (primary) hypertension,atorvastatin,Cholesterol,114.87
242eb30e-0208-4578-b25a-78b5b401287e,a94ba664-1584-4e27-9bd8-27466963fe7e,2022-10-16,F32,Major depressive disorder,atorvastatin,WBC,6.6
83407acf-4d62-42aa-a7e7-bcac1245ed7a,a94ba664-1584-4e27-9bd8-27466963fe7e,2024-10-11,J45,Asthma,atorvastatin,Cholesterol,288.04
a5048760-ce25-4060-9c8e-c36a2af6a3f8,a94ba664-1584-4e27-9bd8-27466963fe7e,2024-02-09,M54,Back pain,lisinopril,HbA1c,10.48
606d4efc-c786-4116-a90f-a7746c549dc4,48361709-84e4-4648-88fd-d489644cfb03,2018-08-12,R51,Headache,atorvastatin,WBC,9.43
20fc48e2-0fde-4939-b2ac-2f91d430a003,48361709-84e4-4648-88fd-d489644cfb03,2019-05-24,R51,Headache,atorvastatin,WBC,6.78
58001416-8b42-4711-a89a-24baab8733fc,48361709-84e4-4648-88fd-d489644cfb03,2023-12-29,J45,Asthma,sertraline,Cholesterol,105.18
2cdec4fb-cd2c-4ff6-b523-cc67366403c0,7914e41e-1c7e-45ea-a7c2-fe21a901dc27,2022-12-09,E11,Type 2 diabetes mellitus,albuterol,HbA1c,9.55
5cbef72d-3d6a-40ff-8670-cb2dde2f754b,7914e41e-1c7e-45ea-a7c2-fe21a901dc27,2018-01-16,M54,Back pain,sertraline,HbA1c,7.63
fb68ec2b-82c8-48ec-8546-aacf80247567,7914e41e-1c7e-45ea-a7c2-fe21a901dc27,2024-09-18,J45,Asthma,albuterol,Creatinine,0.63
698468e3-ebd8-43f9-bf34-f6bc41dada55,7914e41e-1c7e-45ea-a7c2-fe21a901dc27,2016-10-05,I10,Essential (primary) hypertension,albuterol,HbA1c,5.43
82051099-bbfa-413d-a5d5-15187b2f7410,7914e41e-1c7e-45ea-a7c2-fe21a901dc27,2023-03-22,F32,Major depressive disorder,metformin,HbA1c,6.17
cac2cc7a-4deb-41c0-9373-d3e902446b61,f9ffc902-eb74-480f-b7d2-2b23fd70aeff,2019-02-10,F32,Major depressive disorder,metformin,Creatinine,1.52
5b95fca9-5497-4419-bb06-24205354d2fc,f9ffc902-eb74-480f-b7d2-2b23fd70aeff,2016-01-04,J45,Asthma,ibuprofen,Creatinine,1.37
c13b6351-7333-4095-8bdc-d3264383aa06,f9ffc902-eb74-480f-b7d2-2b23fd70aeff,2025-03-05,I10,Essential (primary) hypertension,albuterol,Cholesterol,136.13
300f53ea-6d14-49c5-b3c4-cd496123e714,14da6456-4bf3-40c0-b2bd-cc75097f6818,2019-07-12,M54,Back pain,sertraline,Cholesterol,218.46
72eb70b2-5361-4070-a4d3-364b4db1beab,14da6456-4bf3-40c0-b2bd-cc75097f6818,2022-10-22,E11,Type 2 diabetes mellitus,atorvastatin,WBC,8.92
c979ba1b-e531-4b65-adde-ba57b2ebbbef,14da6456-4bf3-40c0-b2bd-cc75097f6818,2024-02-11,F32,Major depressive disorder,ibuprofen,Creatinine,0.48
3dcebb87-b9b3-48fc-a7c2-0dd467156542,14da6456-4bf3-40c0-b2bd-cc75097f6818,2017-07-30,R51,Headache,albuterol,WBC,9.1
483c593b-cd1b-4b4c-8aa9-3e7eb2b1333d,14da6456-4bf3-40c0-b2bd-cc75097f6818,2021-01-08,R51,Headache,sertraline,WBC,6.95
91489710-8323-4d3b-a707-1f066757fa49,341ff756-7cd5-4772-aacd-1d24f7a1a839,2016-10-04,F32,Major depressive disorder,ibuprofen,Creatinine,0.84
7fd824b4-a91a-4ae4-9807-5f40c01e2de0,341ff756-7cd5-4772-aacd-1d24f7a1a839,2020-11-30,M54,Back pain,atorvastatin,WBC,5.75
c54828b1-60b7-4d58-879e-0888614356fc,341ff756-7cd5-4772-aacd-1d24f7a1a839,2016-02-03,E11,Type 2 diabetes mellitus,albuterol,Cholesterol,254.12
6a270373-41ea-4ebf-81da-441e1a1f7438,e11ee052-c465-4eab-89a9-9d542b16c182,2018-08-06,E11,Type 2 diabetes mellitus,metformin,WBC,11.5
18432f92-c88a-46fb-80fd-7327b358b05d,ec992cea-4b88-4bd4-b07b-25d9ffba0c41,2019-04-06,E11,Type 2 diabetes mellitus,metformin,Creatinine,1.29
ef3749d3-977c-461b-933b-120745c8b67a,ec992cea-4b88-4bd4-b07b-25d9ffba0c41,2020-03-09,E11,Type 2 diabetes mellitus,sertraline,WBC,7.32
c457f9a9-066a-42f8-8906-3ceb56c37f18,859b3ca4-8565-4394-81f4-b11857130355,2018-01-11,R51,Headache,ibuprofen,HbA1c,8.35
ed7d65d6-3ab2-4580-b5f4-e087ba76230d,859b3ca4-8565-4394-81f4-b11857130355,2018-10-20,I10,Essential (primary) hypertension,atorvastatin,HbA1c,11.28
693613f0-018e-4937-aa24-9af25a8ee4fe,859b3ca4-8565-4394-81f4-b11857130355,2017-11-01,M54,Back pain,atorvastatin,Creatinine,0.79
fd298a6c-e1b4-4710-be57-e49879b93dda,859b3ca4-8565-4394-81f4-b11857130355,2017-06-05,R51,Headache,ibuprofen,HbA1c,10.27
a55370ab-e376-414f-b374-d4eb4e5ab07b,859b3ca4-8565-4394-81f4-b11857130355,2023-10-28,R51,Headache,ibuprofen,WBC,4.57
b2e4c6d2-a290-4170-a7be-56b50836d44c,2d08a90b-8b15-4a03-8be2-c9d4cb6ac8c7,2016-04-19,I10,Essential (primary) hypertension,ibuprofen,Creatinine,1.92
79bd455e-7a14-4db0-97ca-e7174ada4fc7,2d08a90b-8b15-4a03-8be2-c9d4cb6ac8c7,2020-12-21,F32,Major depressive disorder,sertraline,WBC,6.36
dea7549d-06aa-4ab2-821b-b791e0611336,2d08a90b-8b15-4a03-8be2-c9d4cb6ac8c7,2024-06-11,J45,Asthma,atorvastatin,WBC,10.49
bf9fc5be-a302-4580-8fbe-826812e5c70b,0aee5873-041e-4ce0-ad99-7437fcc5612a,2022-06-17,J45,Asthma,sertraline,Creatinine,0.82
0c67a7a2-a4c4-43da-9852-b8678e605b25,b95edb52-bf34-456a-918d-474395f29343,2017-06-09,R51,Headache,ibuprofen,Cholesterol,143.49
0db7871f-c05a-4c34-8ae6-f08a4873ae6d,716761d3-1c1b-4db2-8cc7-fb0d91fad38e,2018-07-03,M54,Back pain,metformin,Cholesterol,278.5
7c9fa0d3-59ef-4d61-adf5-b67921adf1a9,716761d3-1c1b-4db2-8cc7-fb0d91fad38e,2016-03-14,F32,Major depressive disorder,metformin,Creatinine,0.41
b4715398-bfa7-4ab4-9cc4-25ebe8c854e9,716761d3-1c1b-4db2-8cc7-fb0d91fad38e,2020-07-20,J45,Asthma,albuterol,Creatinine,0.57
cd0703be-4eb0-48c2-abb5-43b084db1208,2be828cb-f154-4f47-9fd4-507765c38174,2015-09-24,R51,Headache,lisinopril,Cholesterol,170.91
95543753-0e4c-4dcf-97d0-50968249fd16,2be828cb-f154-4f47-9fd4-507765c38174,2024-07-29,F32,Major depressive disorder,sertraline,WBC,3.76
770c2b5e-28ea-44e1-adbe-2dfd1ba4acd0,2be828cb-f154-4f47-9fd4-507765c38174,2019-12-12,I10,Essential (primary) hypertension,sertraline,HbA1c,13.17
564c7265-24c3-4be3-8882-735af3b6a266,f2a56572-0553-4705-b379-b301666e4cdb,2023-12-20,R51,Headache,albuterol,WBC,7.24
5a64ff80-9631-4e06-8f81-08d235d601f3,82bbba94-e991-4d27-8cf8-c6ec073809fa,2022-05-11,J45,Asthma,sertraline,WBC,7.83
7deabec6-25c7-4ec9-ba8c-704615d6c348,82bbba94-e991-4d27-8cf8-c6ec073809fa,2022-09-10,E11,Type 2 diabetes mellitus,sertraline,Cholesterol,132.37
940d8deb-3ac9-4bb4-8cfa-58b25fd0f679,82bbba94-e991-4d27-8cf8-c6ec073809fa,2021-09-30,R51,Headache,sertraline,HbA1c,7.91
9c203d14-1582-4be1-94c1-1a604eb1dae0,176b750b-a6b1-4538-9d4e-e084682e918e,2024-06-21,I10,Essential (primary) hypertension,albuterol,HbA1c,5.77
655ecf1d-9f59-4336-9150-64294f141c12,176b750b-a6b1-4538-9d4e-e084682e918e,2020-12-28,R51,Headache,albuterol,HbA1c,6.02
fe5ac207-ed45-4e5e-87b1-fbef74af3106,95cbe75c-2c42-45aa-94c6-1bf1ed13724a,2020-05-03,R51,Headache,albuterol,HbA1c,8.5
7820e009-dee9-457d-b407-86bf17c5a6c9,95cbe75c-2c42-45aa-94c6-1bf1ed13724a,2019-07-18,F32,Major depressive disorder,atorvastatin,WBC,5.92
720e1317-1a48-4fa1-b390-9ade5812cdab,0b86f098-1baa-4b03-a291-fb569c466def,2020-02-01,R51,Headache,atorvastatin,Cholesterol,126.28
83b9ada1-7740-423f-b27c-5ab26f68b43d,0b86f098-1baa-4b03-a291-fb569c466def,2024-07-03,E11,Type 2 diabetes mellitus,lisinopril,WBC,6.1
2b1dfd96-10fd-40ad-a9c4-a9d49dce39ea,0b86f098-1baa-4b03-a291-fb569c466def,2025-07-24,R51,Headache,lisinopril,HbA1c,10.94
0435ba7e-234a-4270-8f46-e21f1f2fd3c2,0b86f098-1baa-4b03-a291-fb569c466def,2021-11-16,F32,Major depressive disorder,ibuprofen,HbA1c,8.63
41bed114-5ccd-4c24-81d2-d990aabb9052,36b5cee5-8e1d-4901-8db8-758c3250b0dc,2022-07-20,F32,Major depressive disorder,metformin,Cholesterol,149.55
fa85628f-6ca9-4264-a6c6-7e2628c49cfe,36b5cee5-8e1d-4901-8db8-758c3250b0dc,2024-01-02,R51,Headache,ibuprofen,WBC,5.25
477f3923-5f26-4d13-98e2-b13abf256692,36b5cee5-8e1d-4901-8db8-758c3250b0dc,2017-02-11,E11,Type 2 diabetes mellitus,albuterol,WBC,9.0
9abad833-e68f-4e31-8383-63529e149fd4,9dc8b292-bddc-40c1-b800-1bf9ae6504d0,2023-06-28,F32,Major depressive disorder,atorvastatin,HbA1c,11.16
8ccf13f4-e01f-4da9-b10b-0904aed67088,9dc8b292-bddc-40c1-b800-1bf9ae6504d0,2020-01-30,M54,Back pain,lisinopril,WBC,11.93
dcb25b78-739c-4722-ae0a-36b8c660bee4,9dc8b292-bddc-40c1-b800-1bf9ae6504d0,2019-01-31,R51,Headache,atorvastatin,WBC,5.06
00d1316e-30c5-413a-9a0a-00de0279c287,9dc8b292-bddc-40c1-b800-1bf9ae6504d0,2024-03-25,F32,Major depressive disorder,metformin,Creatinine,1.98
e130113a-43bc-4faa-a82d-7b0f1cc0d7fb,e42ae778-2121-4353-8c1c-3bd8d5b3ff2b,2020-12-06,E11,Type 2 diabetes mellitus,ibuprofen,WBC,3.82
89d96348-bf96-40d6-875d-8c59e492edcf,e42ae778-2121-4353-8c1c-3bd8d5b3ff2b,2025-02-21,F32,Major depressive disorder,sertraline,Creatinine,1.52
54b57643-24a4-4b8b-a07d-888ae3fb49af,9cac24b5-61e3-4aa9-9158-ec67680f480d,2023-03-24,J45,Asthma,sertraline,Cholesterol,112.27
813a84c3-7217-4501-ae29-7e9b5b9d91e0,9cac24b5-61e3-4aa9-9158-ec67680f480d,2020-12-03,R51,Headache,metformin,Creatinine,0.58
8cf3e1a3-6f73-47b6-a71d-c60374fd9d5c,600a952d-bcf3-4cac-98bd-fd2b0588a689,2022-07-26,J45,Asthma,atorvastatin,Cholesterol,149.39
82e19843-8ea5-4a2e-99bd-23ac86422d24,600a952d-bcf3-4cac-98bd-fd2b0588a689,2025-03-07,I10,Essential (primary) hypertension,metformin,HbA1c,5.0
247b868f-2066-4c50-ad27-7c06ddbf49e4,600a952d-bcf3-4cac-98bd-fd2b0588a689,2017-05-12,J45,Asthma,lisinopril,Creatinine,1.16
c8eff96e-cd8e-4f6a-ace8-942e9392ea96,aaffd0b0-6f27-4420-892f-aaef543298c1,2024-08-01,F32,Major depressive disorder,lisinopril,Creatinine,1.92
5b645caf-8e5c-4e5c-b2b3-ed4eeaf752b9,aaffd0b0-6f27-4420-892f-aaef543298c1,2021-08-20,J45,Asthma,albuterol,HbA1c,5.42
37a6e156-4489-4433-8128-e976eade9181,aaffd0b0-6f27-4420-892f-aaef543298c1,2025-07-24,R51,Headache,ibuprofen,WBC,5.98
2a90df66-62e9-4665-8bf6-9b40f93eac73,aaffd0b0-6f27-4420-892f-aaef543298c1,2017-05-26,J45,Asthma,atorvastatin,Creatinine,0.78
28dfa5ec-5235-4b29-b1f5-9238da79b6f1,aaffd0b0-6f27-4420-892f-aaef543298c1,2022-08-14,I10,Essential (primary) hypertension,ibuprofen,Cholesterol,117.45
6e9fe007-8c71-4069-9930-fb306d411fc9,79c97590-7de1-473d-996f-90599626675b,2024-04-01,R51,Headache,atorvastatin,HbA1c,4.89
1603dda0-85e6-4cdf-9a48-552cae4d8d4d,00c48864-4bae-4a9b-9e1f-7b98474a0e16,2023-07-20,R51,Headache,sertraline,HbA1c,5.21
75c80a91-e0fd-4e6d-bbc5-2a2bbbffb867,00c48864-4bae-4a9b-9e1f-7b98474a0e16,2019-08-02,M54,Back pain,albuterol,Creatinine,1.56
b70bfbee-58b9-4b2e-8d14-0db091cdfff0,eec440cf-1820-42f9-8068-b4a736dfce0a,2019-09-24,R51,Headache,lisinopril,HbA1c,5.71
13b7634a-8c09-42a2-ad54-c1e2701c8cff,eec440cf-1820-42f9-8068-b4a736dfce0a,2021-01-09,M54,Back pain,atorvastatin,Creatinine,1.83
cd422206-8a94-431c-8800-4b5151a9e283,024b68be-8c5a-4ec0-8710-9e094b4b4a8c,2021-10-26,J45,Asthma,sertraline,HbA1c,13.15
35f9a4f0-cae3-49b1-8bc1-4d8c5c3f16ac,024b68be-8c5a-4ec0-8710-9e094b4b4a8c,2024-12-14,F32,Major depressive disorder,sertraline,HbA1c,6.09
459ca99e-155c-45f6-927b-fe0128f8d798,024b68be-8c5a-4ec0-8710-9e094b4b4a8c,2022-08-22,R51,Headache,lisinopril,Creatinine,0.47
b0095102-3710-41e0-8290-9df87bd07dd2,024b68be-8c5a-4ec0-8710-9e094b4b4a8c,2019-05-13,E11,Type 2 diabetes mellitus,atorvastatin,WBC,9.67
28334ca2-bba0-4bf3-98c2-085d7609339a,024b68be-8c5a-4ec0-8710-9e094b4b4a8c,2021-04-03,F32,Major depressive disorder,atorvastatin,HbA1c,6.07
6525dc71-2f4f-4174-8bcf-4e684a2e3db1,f71c329b-6fba-420e-beef-e70477702ecd,2021-05-28,M54,Back pain,sertraline,Cholesterol,221.44
5fafdbcb-ced5-4814-b9be-c0c2dee1316d,f71c329b-6fba-420e-beef-e70477702ecd,2023-05-24,I10,Essential (primary) hypertension,metformin,WBC,8.15
a9e9fff1-ace5-4e38-aba1-fa284bbde427,f71c329b-6fba-420e-beef-e70477702ecd,2019-01-27,R51,Headache,metformin,Cholesterol,200.76
9f34d39c-0520-4421-be44-f2136781346c,f71c329b-6fba-420e-beef-e70477702ecd,2017-08-19,M54,Back pain,albuterol,Creatinine,1.76
f21512e1-7d66-4fcb-8643-995fc7fe49f5,f71c329b-6fba-420e-beef-e70477702ecd,2022-05-23,R51,Headache,albuterol,HbA1c,6.13
afdbe3b0-43f2-4f0e-8746-d3b67b39b753,c69f29ab-9c41-49dd-a998-6359b2845fd6,2019-09-24,I10,Essential (primary) hypertension,albuterol,HbA1c,10.58
2ffe359d-ba40-4ce7-bba6-b20db6017139,dbbdc9e3-9983-4705-906e-0d74612af6da,2024-03-22,J45,Asthma,metformin,WBC,11.91
02b3a845-143a-4425-85e1-a79b5c33042f,dbbdc9e3-9983-4705-906e-0d74612af6da,2023-05-11,M54,Back pain,metformin,HbA1c,10.66
6b580bb8-81da-440e-b7d0-64cdaf55e97f,dbbdc9e3-9983-4705-906e-0d74612af6da,2018-08-14,M54,Back pain,albuterol,Creatinine,0.53
90fe83aa-646f-4e42-88f3-7f1c62ab4d06,d6a4cc52-99b4-4136-835a-13e46c01f403,2022-10-02,R51,Headache,lisinopril,Cholesterol,279.67
8f24ea72-4ab2-4947-be5c-c9461fc400d9,d6a4cc52-99b4-4136-835a-13e46c01f403,2022-05-29,J45,Asthma,metformin,HbA1c,12.33
fccf187e-be1d-4a2b-a064-497c4cb44f03,d6a4cc52-99b4-4136-835a-13e46c01f403,2023-04-03,R51,Headache,albuterol,WBC,5.3
94e5d3a9-7030-4ede-9d86-46cd01784687,d6a4cc52-99b4-4136-835a-13e46c01f403,2025-07-15,M54,Back pain,atorvastatin,HbA1c,11.36
c4e4148d-a036-444b-be77-da534e111f22,d6a4cc52-99b4-4136-835a-13e46c01f403,2017-12-30,F32,Major depressive disorder,atorvastatin,Creatinine,1.79
3409c54f-ba7f-418f-9c24-db0a54453fc7,ea07750c-bce2-4994-810e-b2ca57d3cc4f,2019-07-15,I10,Essential (primary) hypertension,sertraline,WBC,5.92
223baed3-1f9e-449b-94c0-975ba7336dbd,ea07750c-bce2-4994-810e-b2ca57d3cc4f,2023-06-05,M54,Back pain,atorvastatin,Cholesterol,131.13
a36bfbcb-81a7-4bde-aaf1-f08d9bd5ab4b,ea07750c-bce2-4994-810e-b2ca57d3cc4f,2023-02-11,R51,Headache,atorvastatin,Cholesterol,173.73
31de72f6-4bda-4f0a-b415-06b856498933,ea07750c-bce2-4994-810e-b2ca57d3cc4f,2020-05-04,E11,Type 2 diabetes mellitus,sertraline,WBC,7.13
17249a18-d494-4386-8c0e-ba4948773eae,ea07750c-bce2-4994-810e-b2ca57d3cc4f,2016-07-26,I10,Essential (primary) hypertension,lisinopril,Cholesterol,288.67
90f94d1b-d04b-4251-bcbb-76e5992cfd70,a0a7f7e1-dfc4-417d-814f-6612afd3010f,2018-06-14,J45,Asthma,metformin,Creatinine,0.66
be611186-89aa-42b4-a9b0-d438a565a6b8,a0a7f7e1-dfc4-417d-814f-6612afd3010f,2023-09-21,F32,Major depressive disorder,atorvastatin,WBC,3.63
69fbb4e0-0224-48be-b7fe-a65b24ee22b9,aa145a3c-a0e1-4163-840c-f0387d25167d,2020-12-06,I10,Essential (primary) hypertension,sertraline,Cholesterol,120.05
e30b7a3a-d039-48f3-adb5-1fec80d1c4ad,6a261437-558b-43f1-8800-fbae394b1979,2024-03-04,R51,Headache,metformin,HbA1c,8.09
b88d3f96-9458-4b0c-8ce0-4d85e331139b,6a261437-558b-43f1-8800-fbae394b1979,2025-06-25,E11,Type 2 diabetes mellitus,metformin,HbA1c,5.76
78bbb4e1-ee70-4ef0-8e1c-579575e83bc3,6a261437-558b-43f1-8800-fbae394b1979,2017-01-28,E11,Type 2 diabetes mellitus,albuterol,WBC,11.45
17535608-1fb3-4d37-a735-db627c664701,6a261437-558b-43f1-8800-fbae394b1979,2018-12-27,E11,Type 2 diabetes mellitus,metformin,HbA1c,9.65
5c7b47f6-761a-41a0-9028-863cf00bb09c,6a261437-558b-43f1-8800-fbae394b1979,2016-07-15,J45,Asthma,atorvastatin,HbA1c,6.42
de23aeaf-2073-47e0-a13d-c71399291dcd,3ab7a347-76bc-41ca-a2e0-74f88a15df10,2017-03-12,M54,Back pain,sertraline,WBC,5.77
14f156c4-6749-4a13-8c9d-c57c80ccd5c6,3ab7a347-76bc-41ca-a2e0-74f88a15df10,2020-05-05,I10,Essential (primary) hypertension,lisinopril,HbA1c,9.66
96e835b0-4f43-40bc-9d2f-25337b4b0bfc,3ab7a347-76bc-41ca-a2e0-74f88a15df10,2022-09-18,R51,Headache,ibuprofen,HbA1c,4.7
ac5fa449-0d08-4317-8b33-26d8e7974b8e,3ab7a347-76bc-41ca-a2e0-74f88a15df10,2025-03-19,E11,Type 2 diabetes mellitus,ibuprofen,Creatinine,0.56
9c23b84e-90a7-40dc-abfe-aba487a767ad,36d821bf-5895-42a5-a62e-08839ac0845a,2024-02-15,E11,Type 2 diabetes mellitus,lisinopril,HbA1c,6.65
a1459f7f-569f-48bd-8388-20be44192019,36d821bf-5895-42a5-a62e-08839ac0845a,2021-05-23,I10,Essential (primary) hypertension,albuterol,Creatinine,0.76
094c739f-6420-4315-8ce9-7fd43a17c135,36d821bf-5895-42a5-a62e-08839ac0845a,2015-11-09,R51,Headache,sertraline,HbA1c,9.17
2bfcb0b4-215e-4864-8058-b5f24013bae9,36d821bf-5895-42a5-a62e-08839ac0845a,2024-06-23,I10,Essential (primary) hypertension,metformin,Creatinine,0.97
761340f7-e461-4709-a40f-3a51edb0d426,f894f032-b77a-4148-8dbc-883cb630d9cd,2021-12-21,E11,Type 2 diabetes mellitus,albuterol,HbA1c,13.01
816ebb11-f278-458f-b158-e03ae30cb84e,f894f032-b77a-4148-8dbc-883cb630d9cd,2018-12-07,I10,Essential (primary) hypertension,lisinopril,Cholesterol,206.1
15e43b1f-0f48-4b80-81c2-c80d70907def,f894f032-b77a-4148-8dbc-883cb630d9cd,2018-12-27,I10,Essential (primary) hypertension,atorvastatin,Cholesterol,130.04
020d9ecc-1594-4b34-9ca2-f34d453a2a9e,f894f032-b77a-4148-8dbc-883cb630d9cd,2018-03-25,R51,Headache,albuterol,Creatinine,0.96
aac306ce-3754-4b1c-a173-c9810194d53d,f894f032-b77a-4148-8dbc-883cb630d9cd,2024-07-19,J45,Asthma,sertraline,Creatinine,1.89
f50e515c-617c-448b-a19a-9131235de0cb,86076888-9e20-451a-8162-934ab906f278,2016-11-12,E11,Type 2 diabetes mellitus,lisinopril,WBC,5.88
bed90b70-24cb-4a25-9fe7-e37b8bc7f1ea,0190f0f0-ab38-4413-9b29-6521ae21bf78,2020-09-14,R51,Headache,sertraline,HbA1c,5.58
5e97ca00-7056-4656-975f-653a1f150fed,0190f0f0-ab38-4413-9b29-6521ae21bf78,2020-12-02,R51,Headache,albuterol,WBC,3.81
288b4167-1ae1-43d2-b881-64b096405a0d,0190f0f0-ab38-4413-9b29-6521ae21bf78,2024-04-13,I10,Essential (primary) hypertension,sertraline,Creatinine,0.91
cba9470d-d14c-4d71-8338-ed11a3acbc57,0190f0f0-ab38-4413-9b29-6521ae21bf78,2020-12-16,F32,Major depressive disorder,atorvastatin,Cholesterol,220.35
bfe1aa3a-cc05-4243-80fe-4a2d9cff323a,08fdf474-eb74-44cb-8bb2-057e4db36d7b,2024-02-29,R51,Headache,lisinopril,Cholesterol,183.73
40f7ebbe-a64f-4174-bd3c-f58ed0f90227,08fdf474-eb74-44cb-8bb2-057e4db36d7b,2020-02-20,M54,Back pain,ibuprofen,Cholesterol,206.49
e7ed9316-56be-45d5-b6db-7f519018af27,08fdf474-eb74-44cb-8bb2-057e4db36d7b,2016-07-02,I10,Essential (primary) hypertension,sertraline,HbA1c,10.02
853a16a3-f847-4a99-bb10-2157ed5a1e26,715d34a1-b478-4c9a-a194-510faf763325,2019-10-21,M54,Back pain,atorvastatin,WBC,9.33
609a1bc6-bae5-407b-9e65-80e6ad0eb1f8,715d34a1-b478-4c9a-a194-510faf763325,2023-01-28,J45,Asthma,metformin,WBC,11.95
03f5ae9b-018c-4c22-8282-bf28e11a3146,715d34a1-b478-4c9a-a194-510faf763325,2025-07-09,J45,Asthma,ibuprofen,Cholesterol,291.52
4a66a828-c7c5-47b6-88af-5f7401dac16e,715d34a1-b478-4c9a-a194-510faf763325,2024-06-23,E11,Type 2 diabetes mellitus,albuterol,Creatinine,1.76
7880da12-3839-4e68-aec5-ecdd01caa4d9,82a387ba-b397-4b42-88c6-848baa38a260,2022-05-29,F32,Major depressive disorder,lisinopril,Cholesterol,148.5
d94a8c31-8073-4e5d-9090-9a47b10e5c03,82a387ba-b397-4b42-88c6-848baa38a260,2016-06-06,I10,Essential (primary) hypertension,metformin,WBC,4.06
1d35d5fd-1d72-4870-ad5c-0c3a9b8b8902,354fc99a-8a37-4479-bd17-d81d386f8c73,2021-06-24,R51,Headache,metformin,Cholesterol,174.34
30e0ff1c-2fa9-4591-a46b-7f390f45d971,354fc99a-8a37-4479-bd17-d81d386f8c73,2017-11-06,E11,Type 2 diabetes mellitus,atorvastatin,HbA1c,9.03
b97d000b-eb89-4849-b884-6b993742497b,2a46028c-1e46-4c1e-ac9a-da655504a2a7,2015-12-14,I10,Essential (primary) hypertension,metformin,WBC,6.29
5b0cd5a4-20a9-4382-b74a-5e93cbeced25,2a46028c-1e46-4c1e-ac9a-da655504a2a7,2024-10-29,I10,Essential (primary) hypertension,metformin,HbA1c,9.91
f7a1204a-4df8-4416-94ec-90fbef170c5f,2a46028c-1e46-4c1e-ac9a-da655504a2a7,2016-08-03,F32,Major depressive disorder,lisinopril,WBC,7.23
85bc4a45-56e1-4116-a91e-6efd58018552,2a46028c-1e46-4c1e-ac9a-da655504a2a7,2024-02-22,R51,Headache,ibuprofen,Creatinine,1.15
75312e01-219f-4ee8-b130-8119ab2cbfa8,2a46028c-1e46-4c1e-ac9a-da655504a2a7,2017-08-11,J45,Asthma,sertraline,HbA1c,7.22
2f955642-f8b7-4a9a-9764-abe1795a5443,25aebc48-ef05-4752-b7ee-98e59d36d3e3,2025-01-15,R51,Headache,metformin,WBC,7.53
5ea74454-07c4-4f7e-9f67-c6ea44109ba1,25aebc48-ef05-4752-b7ee-98e59d36d3e3,2025-08-04,F32,Major depressive disorder,sertraline,Cholesterol,210.83
f0e77163-2d02-4f03-9249-ad9b23b49fe7,8f3b6291-7d57-4034-bac4-8f3b5ff6962f,2019-04-19,M54,Back pain,albuterol,WBC,6.81
8c2fd0b2-7efe-46b6-9674-b6c4cbb0bcbd,8f3b6291-7d57-4034-bac4-8f3b5ff6962f,2023-12-15,J45,Asthma,metformin,Cholesterol,295.59
e2848d83-0a12-4388-ba7a-4dabfaf89dd6,8f3b6291-7d57-4034-bac4-8f3b5ff6962f,2024-04-23,R51,Headache,lisinopril,Cholesterol,223.81
942f7d3a-9cbb-4b6e-9589-76a2eed4ee59,968b1a66-8631-4fb2-9075-1c74f9265e58,2021-04-25,I10,Essential (primary) hypertension,atorvastatin,HbA1c,12.26
e1f90c1e-f759-4818-bb3a-94c912239b2a,968b1a66-8631-4fb2-9075-1c74f9265e58,2020-06-17,F32,Major depressive disorder,albuterol,Cholesterol,265.45
f67da557-41df-41e1-bac3-3906297178d4,280b087d-7f6e-40c8-873d-8fd681f62c5a,2025-02-06,J45,Asthma,atorvastatin,Cholesterol,138.95
c82a93ff-619f-49d8-972d-4826cc1bbf48,280b087d-7f6e-40c8-873d-8fd681f62c5a,2024-06-30,E11,Type 2 diabetes mellitus,metformin,Creatinine,1.37
fcf32c38-fd25-40b2-95f4-ebaba573aec9,8b94f1fc-222b-478d-bf34-d720f8b27262,2025-05-26,I10,Essential (primary) hypertension,albuterol,WBC,7.87
12f340c0-db59-469e-9575-1b2cb3f5e6f3,8b94f1fc-222b-478d-bf34-d720f8b27262,2024-12-24,I10,Essential (primary) hypertension,ibuprofen,HbA1c,11.69
918a295f-2fd2-47fe-a1e7-a8e4f1fd1f93,8b94f1fc-222b-478d-bf34-d720f8b27262,2022-03-31,I10,Essential (primary) hypertension,ibuprofen,WBC,8.75
2c788a02-df74-4adc-857e-15769e567ecc,db38162d-ce3e-48db-ae2a-a0863557cdf7,2023-01-07,J45,Asthma,metformin,HbA1c,9.86
2d12b754-663a-436d-a3dd-d9d82c0859c1,506654a3-8d90-4f03-8174-fa52705a1ead,2025-03-14,E11,Type 2 diabetes mellitus,albuterol,HbA1c,13.46
c06fa490-80d1-4711-9fe4-57944fd963d8,506654a3-8d90-4f03-8174-fa52705a1ead,2025-08-14,J45,Asthma,albuterol,Cholesterol,200.04
ec1db7f9-4547-4cfc-8d8c-465560792d5d,506654a3-8d90-4f03-8174-fa52705a1ead,2022-03-09,F32,Major depressive disorder,atorvastatin,Creatinine,1.96
ce321ec9-a281-4828-af37-183c40206128,506654a3-8d90-4f03-8174-fa52705a1ead,2017-10-31,R51,Headache,metformin,Creatinine,1.05
7056b11d-c09e-4872-ad21-c227a3765a06,47f2a21b-50a8-4853-9b60-32d83fd2ff4d,2024-07-31,M54,Back pain,lisinopril,HbA1c,10.08
b8890b07-053c-4ff5-9890-356b50949247,47f2a21b-50a8-4853-9b60-32d83fd2ff4d,2021-06-05,F32,Major depressive disorder,ibuprofen,HbA1c,7.26
fdb4a5b3-2687-410f-81cb-c00917125520,47f2a21b-50a8-4853-9b60-32d83fd2ff4d,2024-01-06,R51,Headache,sertraline,HbA1c,12.91
4b703d13-30be-443c-9262-aeddbd74dbcf,47f2a21b-50a8-4853-9b60-32d83fd2ff4d,2024-08-31,R51,Headache,lisinopril,WBC,10.27
9778df8d-85cc-491d-bf63-a31f6dd2e224,47f2a21b-50a8-4853-9b60-32d83fd2ff4d,2018-05-18,I10,Essential (primary) hypertension,atorvastatin,WBC,11.94
9be49d00-460c-401e-ab26-66b9bec53e30,8f6c561c-4342-4a0c-8003-9a948a91933a,2019-12-04,R51,Headache,ibuprofen,Creatinine,1.12
d0c42a94-2036-4dbc-870c-0320dcd27f6a,8f6c561c-4342-4a0c-8003-9a948a91933a,2024-03-29,J45,Asthma,albuterol,Creatinine,1.4
db7959e7-1f65-4196-99a1-40598699d0a0,8f6c561c-4342-4a0c-8003-9a948a91933a,2020-11-18,E11,Type 2 diabetes mellitus,atorvastatin,Cholesterol,147.82
403abd47-6322-4154-9875-0c7eff9e95a8,8f6c561c-4342-4a0c-8003-9a948a91933a,2018-11-13,M54,Back pain,metformin,WBC,8.1
1ac22fdf-9add-4afd-b10d-f23af4c3afd6,8f6c561c-4342-4a0c-8003-9a948a91933a,2020-02-19,E11,Type 2 diabetes mellitus,metformin,WBC,9.9
c692bd16-bceb-47c5-b8a9-5b25922f085f,1bf140d8-9803-45a4-9d30-2c53fbe5fbe0,2019-07-30,E11,Type 2 diabetes mellitus,sertraline,HbA1c,8.82
619ef3b8-c29a-4fbc-9acb-f3a37e4235fd,1bf140d8-9803-45a4-9d30-2c53fbe5fbe0,2023-10-23,J45,Asthma,lisinopril,HbA1c,7.16
b9f27424-19f1-4559-936a-c4a3de166047,1bf140d8-9803-45a4-9d30-2c53fbe5fbe0,2021-08-21,J45,Asthma,metformin,HbA1c,6.2
0bcb87fe-95b5-4e30-83bd-09d6d6d18087,a6005b47-83f6-4fe2-bf37-780c453c205a,2022-10-27,F32,Major depressive disorder,albuterol,Cholesterol,230.06
8f7877c6-ab90-4cc5-b3b7-ea5fb124f5ae,a6005b47-83f6-4fe2-bf37-780c453c205a,2024-02-20,E11,Type 2 diabetes mellitus,ibuprofen,Cholesterol,107.92
fea34573-0c61-466a-a4d5-d94f453d3e06,a6005b47-83f6-4fe2-bf37-780c453c205a,2016-01-30,J45,Asthma,sertraline,Cholesterol,271.4
2ce7f201-d3f0-45f6-8d24-f78b431eb6c0,a6005b47-83f6-4fe2-bf37-780c453c205a,2018-01-30,I10,Essential (primary) hypertension,sertraline,Creatinine,1.22
d6124ad6-9e4c-4414-a0d5-c2b9b05d8b23,cfa3adac-3db0-41e9-8f07-e198bce3fb2e,2022-03-13,J45,Asthma,metformin,Cholesterol,201.19
f44b1f39-85fc-4d67-867e-9fc7eae48d79,cfa3adac-3db0-41e9-8f07-e198bce3fb2e,2022-10-07,R51,Headache,metformin,HbA1c,11.54
ff97b097-cc81-4cff-9730-e70eceeac712,cfa3adac-3db0-41e9-8f07-e198bce3fb2e,2022-12-20,R51,Headache,ibuprofen,HbA1c,5.97
9b8a7249-5950-48a5-877e-c7d225127629,cfa3adac-3db0-41e9-8f07-e198bce3fb2e,2024-07-13,J45,Asthma,sertraline,WBC,8.13
8da06762-23fa-417c-b226-010aa698f2b3,cfa3adac-3db0-41e9-8f07-e198bce3fb2e,2016-02-20,E11,Type 2 diabetes mellitus,lisinopril,Cholesterol,274.83
1d8ebc9f-7dac-490c-a37b-fc1ff316990f,dc7ef45c-7352-4f3c-a2eb-898e4082c4da,2021-10-19,F32,Major depressive disorder,sertraline,Cholesterol,121.82
106e7f6e-3181-4188-bf14-28cb968b0cf8,afe056f1-4656-4a73-9cb4-3e800f0a7972,2017-07-04,E11,Type 2 diabetes mellitus,sertraline,Cholesterol,139.89
84ca3e1d-1d75-42cb-8687-341f09b56908,afe056f1-4656-4a73-9cb4-3e800f0a7972,2022-01-10,E11,Type 2 diabetes mellitus,albuterol,Creatinine,1.99
144dfbae-6142-473b-bc70-f2349eacf166,74be7bf8-3aa7-4952-9b5f-2b513b193cf2,2023-05-01,R51,Headache,atorvastatin,Cholesterol,122.87
227155c7-7171-4112-85c2-45b99d8e6cb8,74be7bf8-3aa7-4952-9b5f-2b513b193cf2,2020-08-13,E11,Type 2 diabetes mellitus,ibuprofen,WBC,11.54
8c617da8-4894-47b8-8a79-3507cea98cd5,74be7bf8-3aa7-4952-9b5f-2b513b193cf2,2024-01-30,R51,Headache,lisinopril,Creatinine,1.31
b7fb5235-cf9b-4574-bba1-af1eff0acf02,74be7bf8-3aa7-4952-9b5f-2b513b193cf2,2018-12-21,F32,Major depressive disorder,metformin,Creatinine,1.66
b0a634c1-b651-4ee2-8dad-6f1126f72fb4,c9c843fc-7faa-4fcd-ab5b-54b3184998b2,2023-04-27,E11,Type 2 diabetes mellitus,lisinopril,HbA1c,13.55
29f925a7-45f4-4a67-ad0f-6fc6bd865100,c9c843fc-7faa-4fcd-ab5b-54b3184998b2,2018-01-17,F32,Major depressive disorder,albuterol,Creatinine,1.42
acc85e2f-4ab5-4a0a-9fff-78940345e1a6,c9c843fc-7faa-4fcd-ab5b-54b3184998b2,2024-10-10,I10,Essential (primary) hypertension,metformin,Creatinine,1.05
b2e07655-6d4f-4351-b33b-a0066d23efdd,c9c843fc-7faa-4fcd-ab5b-54b3184998b2,2022-05-15,R51,Headache,sertraline,Cholesterol,204.96
14369afc-16b0-4d7e-9aa1-c59b9a6713fb,a98f7f02-8a0d-43e1-a5f5-aae0e2155b9e,2023-08-26,E11,Type 2 diabetes mellitus,metformin,Cholesterol,168.4
7ee9b94e-ef7d-4e0e-9687-6cf3d897760f,a98f7f02-8a0d-43e1-a5f5-aae0e2155b9e,2017-04-07,J45,Asthma,lisinopril,WBC,6.14
28fd6b36-44bf-4b78-95af-92ebae983003,a98f7f02-8a0d-43e1-a5f5-aae0e2155b9e,2021-01-05,F32,Major depressive disorder,sertraline,WBC,11.69
9d117c00-104e-4978-ad03-07c2c4b7ac5e,068e8591-4272-41e5-830e-0f9b1dc5d548,2021-09-26,R51,Headache,ibuprofen,Cholesterol,264.6
f4a6a03b-126f-406a-8064-e0dd07dd50e7,068e8591-4272-41e5-830e-0f9b1dc5d548,2019-06-04,M54,Back pain,lisinopril,HbA1c,11.37
33d4ceca-520f-4815-b5b9-95133da2fd9a,068e8591-4272-41e5-830e-0f9b1dc5d548,2019-03-24,M54,Back pain,lisinopril,Creatinine,1.46
31074529-f6d5-41d2-a8ed-f0a177c61e11,068e8591-4272-41e5-830e-0f9b1dc5d548,2016-06-23,R51,Headache,atorvastatin,Creatinine,0.42
58e4be5d-4327-4065-882f-6d239a8bdb88,0dc54eb9-2d55-49fd-8f84-7675ecb0c3ad,2024-01-22,F32,Major depressive disorder,albuterol,HbA1c,12.02
e8f0b13a-cdbf-4075-a344-899f122eb47b,0dc54eb9-2d55-49fd-8f84-7675ecb0c3ad,2018-02-26,F32,Major depressive disorder,albuterol,HbA1c,13.89
e4de6d58-7a9c-4c63-bb26-26c279f88a4e,0dc54eb9-2d55-49fd-8f84-7675ecb0c3ad,2016-05-18,I10,Essential (primary) hypertension,atorvastatin,Cholesterol,227.78
32756bb4-c40b-4d5e-987c-e4d74437dbb7,0dc54eb9-2d55-49fd-8f84-7675ecb0c3ad,2019-03-24,E11,Type 2 diabetes mellitus,metformin,WBC,9.71
64f7f859-3df9-46c4-8acd-a0db4cd56826,50a8e0fd-d395-4b6f-b2f5-3d474cff03da,2020-12-31,R51,Headache,ibuprofen,WBC,8.41
6e757068-415b-4131-99a4-0cf4a2d13861,50a8e0fd-d395-4b6f-b2f5-3d474cff03da,2023-04-16,J45,Asthma,lisinopril,WBC,11.75
a08856b1-3727-4841-b479-83325fcb0af2,14ec5bee-0b71-4060-9488-8a13724cd9ff,2025-07-21,J45,Asthma,albuterol,HbA1c,7.37
eaa7807f-c975-4c80-b323-6ab187f04776,14ec5bee-0b71-4060-9488-8a13724cd9ff,2022-04-09,M54,Back pain,metformin,Cholesterol,229.78
b072efa9-5d96-4590-9225-548b0b7fd531,14ec5bee-0b71-4060-9488-8a13724cd9ff,2020-08-07,F32,Major depressive disorder,sertraline,Creatinine,0.96
e7f94a18-a75c-4331-9749-f7e8a0aeed20,14ec5bee-0b71-4060-9488-8a13724cd9ff,2019-08-19,F32,Major depressive disorder,ibuprofen,Creatinine,0.58
3744d8a1-d749-4b60-b6f0-d414bb59a37a,14ec5bee-0b71-4060-9488-8a13724cd9ff,2023-09-28,F32,Major depressive disorder,sertraline,Creatinine,0.68
712c1c8c-b540-4662-ae87-978cecc01adf,256250fc-7e5c-453e-a645-1b40c03120a8,2023-11-21,M54,Back pain,sertraline,Cholesterol,157.01
42df11aa-952c-4183-8c83-6e978f0476ea,256250fc-7e5c-453e-a645-1b40c03120a8,2018-04-26,R51,Headache,atorvastatin,Cholesterol,226.82
1a549b3a-2609-493c-ab2b-89499393878c,256250fc-7e5c-453e-a645-1b40c03120a8,2017-11-03,M54,Back pain,metformin,HbA1c,12.16
ee9ff14d-c61d-4e34-96b0-a1f81e77cf8c,256250fc-7e5c-453e-a645-1b40c03120a8,2024-07-19,E11,Type 2 diabetes mellitus,atorvastatin,HbA1c,10.35
6d65068f-0595-46aa-88f3-0819cc99cac8,256250fc-7e5c-453e-a645-1b40c03120a8,2021-02-06,E11,Type 2 diabetes mellitus,sertraline,HbA1c,10.52
2de5d132-232e-4fa7-9561-56799d14262d,4fa59162-3a0b-4fe0-b07f-e50d64783a1e,2019-03-13,E11,Type 2 diabetes mellitus,atorvastatin,Creatinine,1.76
47d5ed3f-e0d9-422a-a493-7d1bef453206,4fa59162-3a0b-4fe0-b07f-e50d64783a1e,2023-05-04,I10,Essential (primary) hypertension,sertraline,Cholesterol,122.9
bdbe5adc-a9cf-47d1-990d-5d1ff9abb88a,4fa59162-3a0b-4fe0-b07f-e50d64783a1e,2016-02-10,F32,Major depressive disorder,metformin,Creatinine,1.95
df9e6b27-4c71-4002-abff-2e5b8b37af11,4fa59162-3a0b-4fe0-b07f-e50d64783a1e,2020-07-05,F32,Major depressive disorder,atorvastatin,Cholesterol,101.52
b29f1bf7-c6e1-40a7-9afb-66e1c8d49ff4,4fa59162-3a0b-4fe0-b07f-e50d64783a1e,2021-07-06,I10,Essential (primary) hypertension,ibuprofen,Creatinine,0.83
c99a10bc-b75d-4ee6-8e57-495c7a141a57,1b810ff8-35f6-44f6-a44c-aa4e9388a726,2022-04-07,F32,Major depressive disorder,atorvastatin,WBC,3.04
a7badd46-2683-4896-9705-e417f7718569,1b810ff8-35f6-44f6-a44c-aa4e9388a726,2021-01-23,E11,Type 2 diabetes mellitus,metformin,HbA1c,5.96
bc997101-d16f-40be-af59-3efc170508bd,1b810ff8-35f6-44f6-a44c-aa4e9388a726,2021-07-07,M54,Back pain,atorvastatin,Creatinine,0.94
d394a6f8-4e1e-4121-98a9-11478ed5ebc3,eba573f8-3360-49f2-9510-4aff9bfb0f87,2020-11-21,I10,Essential (primary) hypertension,ibuprofen,Cholesterol,138.53
75f6b326-c4a6-4363-b022-632163c5b742,eba573f8-3360-49f2-9510-4aff9bfb0f87,2018-06-27,F32,Major depressive disorder,metformin,Cholesterol,125.77
029f7a05-e5d2-45dc-a628-5d945b6f68c2,eba573f8-3360-49f2-9510-4aff9bfb0f87,2018-07-30,F32,Major depressive disorder,atorvastatin,WBC,6.63
7e05d085-af25-4ef2-b3fd-c7a525a86efd,eba573f8-3360-49f2-9510-4aff9bfb0f87,2022-02-22,M54,Back pain,lisinopril,Cholesterol,146.19
6b256e3c-3c78-4084-9be7-daf7ef48d3d3,eba573f8-3360-49f2-9510-4aff9bfb0f87,2017-10-01,I10,Essential (primary) hypertension,ibuprofen,HbA1c,10.5
1987bafb-90ac-4b9b-afcd-d0a79d809628,8237a312-d016-4c58-b73a-2cdda2edcc18,2016-04-04,R51,Headache,albuterol,WBC,11.54
c1a9c6b7-6ff5-4f81-b254-09dfce2f7c22,8237a312-d016-4c58-b73a-2cdda2edcc18,2023-06-06,E11,Type 2 diabetes mellitus,metformin,HbA1c,8.66
8daf066c-3c17-4e06-949e-b8a4cff9876f,8237a312-d016-4c58-b73a-2cdda2edcc18,2018-08-30,M54,Back pain,lisinopril,HbA1c,10.37
e5b6b743-41b6-42c3-8b80-9089d86a9e29,8237a312-d016-4c58-b73a-2cdda2edcc18,2019-08-14,E11,Type 2 diabetes mellitus,ibuprofen,Cholesterol,105.06
643e5ca4-3660-4503-8eea-2105838a16f6,78b5e763-e5c9-45bd-b658-4d2a5ca21485,2020-08-16,R51,Headache,atorvastatin,Creatinine,0.7
8299bb8c-9899-4cf7-8293-cbb80d02d8ae,78b5e763-e5c9-45bd-b658-4d2a5ca21485,2018-05-25,I10,Essential (primary) hypertension,albuterol,WBC,7.82
635f837d-8aff-4e35-a758-d8f17c074279,ed608021-8e84-4670-ae0f-015234a64c02,2017-07-27,F32,Major depressive disorder,albuterol,HbA1c,7.11
b66c7906-31f6-4382-bfff-f8f114cef1ad,ed608021-8e84-4670-ae0f-015234a64c02,2024-02-07,R51,Headache,metformin,HbA1c,5.55
14e9df9c-8145-4f08-aaaa-90de9600cb66,ef661cd2-2c41-4d43-bf22-2d70650c96ec,2024-05-03,E11,Type 2 diabetes mellitus,lisinopril,Creatinine,0.82
fdb7371d-8bfb-4d50-8356-ceede0b077cd,ef661cd2-2c41-4d43-bf22-2d70650c96ec,2023-09-09,E11,Type 2 diabetes mellitus,metformin,Cholesterol,268.92
fcd55f7b-7dd5-4794-9209-6ef78c2b00f4,ef661cd2-2c41-4d43-bf22-2d70650c96ec,2016-04-24,I10,Essential (primary) hypertension,sertraline,HbA1c,9.16
0be6385a-ed70-4cdf-9a2d-53048835fa53,ef661cd2-2c41-4d43-bf22-2d70650c96ec,2025-06-20,F32,Major depressive disorder,metformin,Cholesterol,291.84
81a433c4-502d-4721-97ac-827e9dfd0c0c,ef661cd2-2c41-4d43-bf22-2d70650c96ec,2024-11-09,I10,Essential (primary) hypertension,atorvastatin,Cholesterol,175.05
ca49ce17-476e-4b54-b43e-eb0b87be0cf1,a417799d-540e-40bd-921c-ad4edccfc560,2018-08-10,F32,Major depressive disorder,lisinopril,WBC,5.69
ef678a21-59bf-4be3-8e72-0217d361e146,a417799d-540e-40bd-921c-ad4edccfc560,2023-09-17,R51,Headache,ibuprofen,HbA1c,5.61
7a416ef4-5522-4959-b9a3-2e4b13c4d885,a417799d-540e-40bd-921c-ad4edccfc560,2021-11-13,J45,Asthma,sertraline,HbA1c,6.0
51751da2-7c45-400d-ba94-fd665c563eed,00ba3cf6-078e-4660-af5a-1104fb63efce,2024-05-07,I10,Essential (primary) hypertension,ibuprofen,HbA1c,9.59
b7590ff9-7f28-4c89-bd9e-b8a24a0b8070,00ba3cf6-078e-4660-af5a-1104fb63efce,2019-11-27,M54,Back pain,lisinopril,WBC,10.8
f8e68c8d-cfdc-4096-90ff-6455e609e0f1,00ba3cf6-078e-4660-af5a-1104fb63efce,2024-06-04,I10,Essential (primary) hypertension,metformin,Creatinine,0.62
541b911f-15c6-474c-85d1-3e65b853f7e4,1911aed3-50e2-4b54-a73c-73b292adcc37,2017-07-21,R51,Headache,lisinopril,Creatinine,0.84
8817e665-9654-4a86-bf0c-70260ba24843,a6f0a58d-b5c6-4807-84d7-3a9f15da9c24,2024-09-06,J45,Asthma,atorvastatin,Creatinine,1.15
568c029a-9d20-4ced-ab9f-6711998dfff7,a6f0a58d-b5c6-4807-84d7-3a9f15da9c24,2016-08-22,F32,Major depressive disorder,sertraline,Cholesterol,284.47
40399200-d666-4d77-ba99-93fee4b29339,b887432d-1289-44d4-91bb-264013c0f2b3,2023-10-10,I10,Essential (primary) hypertension,atorvastatin,Creatinine,1.94
e14c12f3-c5e1-4bd9-902a-ef8097c7ae38,b887432d-1289-44d4-91bb-264013c0f2b3,2024-07-23,M54,Back pain,ibuprofen,Creatinine,0.67
8a3d6868-d54e-49f0-9f92-86f03e600371,b887432d-1289-44d4-91bb-264013c0f2b3,2023-05-28,R51,Headache,sertraline,Cholesterol,276.57
9b753333-433d-4285-874d-08e749d34316,85ffe333-f980-4579-b4d2-5222f22279d7,2019-01-10,R51,Headache,albuterol,Creatinine,1.4
2255d63c-9daa-4cd0-84e9-e13893bdd84d,85ffe333-f980-4579-b4d2-5222f22279d7,2018-11-26,F32,Major depressive disorder,sertraline,WBC,8.1
80d7069e-a210-4d34-bca2-a2c06d5e52e8,85ffe333-f980-4579-b4d2-5222f22279d7,2021-07-09,R51,Headache,metformin,Cholesterol,133.45
2599aa81-d0dc-4deb-bf54-1a91abd998ef,85ffe333-f980-4579-b4d2-5222f22279d7,2025-05-02,M54,Back pain,albuterol,Cholesterol,158.69
157cad14-306a-4654-abaf-adb292127e35,59bf4e8b-bd36-46a3-a710-1aff5d0b6f68,2021-10-06,F32,Major depressive disorder,metformin,HbA1c,6.21
07ba8d24-5dc8-46f2-906f-728dfb1f71f2,59bf4e8b-bd36-46a3-a710-1aff5d0b6f68,2022-02-04,F32,Major depressive disorder,lisinopril,Creatinine,0.79
f588f3c1-5ee3-41ea-a941-0ff06fa2eca1,59bf4e8b-bd36-46a3-a710-1aff5d0b6f68,2023-04-20,R51,Headache,albuterol,Creatinine,0.63
f9b0068e-e26d-4e97-8076-f4d4a9a144f0,59bf4e8b-bd36-46a3-a710-1aff5d0b6f68,2022-03-10,E11,Type 2 diabetes mellitus,metformin,Creatinine,1.5
abe0958b-85e0-4da0-b6e8-6e150e842330,59bf4e8b-bd36-46a3-a710-1aff5d0b6f68,2017-09-03,J45,Asthma,lisinopril,Cholesterol,213.49
b40c057a-3185-4bc6-a569-38c8c2017ac1,f63cbc23-9404-4359-b44c-288a062caa3f,2023-02-08,M54,Back pain,metformin,Cholesterol,156.72
0bf16b44-8f59-48c4-abca-725dbe7210ee,f63cbc23-9404-4359-b44c-288a062caa3f,2023-05-02,M54,Back pain,lisinopril,HbA1c,9.83
9eb23173-e965-48fa-a2d8-25110b03d46b,f63cbc23-9404-4359-b44c-288a062caa3f,2017-09-06,M54,Back pain,atorvastatin,HbA1c,9.95
1ea2a902-ec2c-4f2d-bc90-3d9aab210601,f7391ec7-34a9-462a-9e23-549551b7dbca,2018-01-23,F32,Major depressive disorder,albuterol,Creatinine,0.72
f63601d8-ded6-4f51-9705-e0909743fbea,f7391ec7-34a9-462a-9e23-549551b7dbca,2025-02-26,F32,Major depressive disorder,sertraline,HbA1c,13.91
4405f70d-37b5-4cb9-afda-45fc3017faea,f7391ec7-34a9-462a-9e23-549551b7dbca,2020-12-27,E11,Type 2 diabetes mellitus,metformin,Cholesterol,134.23
dc9ac381-a192-4388-8928-04c2f7beefb6,f7391ec7-34a9-462a-9e23-549551b7dbca,2022-01-18,M54,Back pain,sertraline,WBC,8.19
5142dd09-311f-4759-a33b-f52ef38fd65f,c8762ad1-b0bd-468c-8b4e-774b86d37142,2025-07-06,R51,Headache,ibuprofen,HbA1c,13.16
2e20da21-6384-4c56-83ea-f5ab015406c8,c8762ad1-b0bd-468c-8b4e-774b86d37142,2022-07-11,I10,Essential (primary) hypertension,sertraline,HbA1c,13.01
9ea5065a-0fb7-4f45-a3d6-905bd63d7e9b,c8762ad1-b0bd-468c-8b4e-774b86d37142,2019-10-19,E11,Type 2 diabetes mellitus,albuterol,HbA1c,5.16
5da9a9ca-f735-44fe-8ae4-7b76237555b5,06f8887b-a9c3-4220-8311-72e74c492353,2016-05-28,F32,Major depressive disorder,atorvastatin,Creatinine,0.84
2116411a-dabb-4a1b-8a57-bbf6824fb713,9e33c32b-5bc1-468a-8e2a-bdeefdfd5db4,2021-03-23,E11,Type 2 diabetes mellitus,ibuprofen,Creatinine,1.19
9fe74c6f-3964-464e-8bd5-4c8f680e03c5,9e33c32b-5bc1-468a-8e2a-bdeefdfd5db4,2025-03-09,F32,Major depressive disorder,albuterol,Cholesterol,198.67
bd310b22-e362-46ab-8468-2f95438f9ca2,9e33c32b-5bc1-468a-8e2a-bdeefdfd5db4,2018-07-11,E11,Type 2 diabetes mellitus,albuterol,HbA1c,4.78
3020c9a8-3a82-4170-a6a1-e38f4af7767c,c9eeadef-64a1-4808-a8de-881acc9a3a14,2016-06-15,E11,Type 2 diabetes mellitus,lisinopril,HbA1c,13.94
6505c71c-acd3-4eff-af16-0c27860dc785,bf8fbdff-f769-4e30-8c11-44c90de85b83,2023-03-05,I10,Essential (primary) hypertension,metformin,WBC,9.52
3ae457b2-7105-4dc9-abeb-a4925587e811,bf8fbdff-f769-4e30-8c11-44c90de85b83,2016-08-08,J45,Asthma,ibuprofen,HbA1c,13.37
0f057c00-5b37-4b16-b3e4-761147eab5fd,bf8fbdff-f769-4e30-8c11-44c90de85b83,2015-12-24,E11,Type 2 diabetes mellitus,albuterol,HbA1c,5.55
27dc468f-a0ba-4fcc-975c-494af9eefc6e,bf8fbdff-f769-4e30-8c11-44c90de85b83,2022-04-20,E11,Type 2 diabetes mellitus,albuterol,Creatinine,1.5
9b4909d6-cc9a-483a-a006-2186569fb9e9,c4d018e1-d316-476f-8827-4fb506edc531,2022-09-08,R51,Headache,lisinopril,WBC,8.25
98b2fb54-ab1e-464d-b66b-5172d8b35daa,c4d018e1-d316-476f-8827-4fb506edc531,2024-05-14,I10,Essential (primary) hypertension,albuterol,WBC,9.78
6b5e2b5c-0a6a-4bce-aa43-25d8df9b8bb3,c4d018e1-d316-476f-8827-4fb506edc531,2015-10-04,F32,Major depressive disorder,atorvastatin,Cholesterol,233.65
94b30363-869d-4af1-af09-176b6eda1548,c4d018e1-d316-476f-8827-4fb506edc531,2019-11-11,M54,Back pain,lisinopril,Cholesterol,232.25
1541b1bd-5606-4598-be17-31c0f9bdd8b8,000b410c-7d9a-49b4-9425-c8858cd7cb8a,2022-02-07,R51,Headache,sertraline,WBC,3.83
8cb3db74-c9f5-4ad0-bd31-4e3f198d6cb7,000b410c-7d9a-49b4-9425-c8858cd7cb8a,2017-02-13,J45,Asthma,atorvastatin,HbA1c,7.85
918850cf-8f9b-449c-aca0-bd96cac4ca90,000b410c-7d9a-49b4-9425-c8858cd7cb8a,2016-05-05,I10,Essential (primary) hypertension,atorvastatin,WBC,9.25
e63f59f1-864f-412a-b554-6ae7983d834f,e9e066e8-554b-48a1-879d-0625c45145f8,2020-03-02,E11,Type 2 diabetes mellitus,lisinopril,HbA1c,10.87
2803aa4f-5a80-493c-9fcc-ba7d5d561443,72fe0e8e-607e-444f-b2d7-3818e1318560,2016-07-14,F32,Major depressive disorder,lisinopril,Cholesterol,120.91
3f709c4c-5c59-400b-9b5d-4be13d5942cf,72fe0e8e-607e-444f-b2d7-3818e1318560,2023-05-17,M54,Back pain,ibuprofen,Creatinine,1.62
8c372281-fa40-4bc9-9043-696a5f09f26b,72fe0e8e-607e-444f-b2d7-3818e1318560,2022-03-20,R51,Headache,sertraline,WBC,10.63
d6e189a1-9e16-40ba-9707-8528023a588e,72fe0e8e-607e-444f-b2d7-3818e1318560,2024-07-12,I10,Essential (primary) hypertension,lisinopril,Creatinine,1.02
ce024eee-6e1c-4cfd-a9f0-3ddd6c498566,a1901e4e-de91-4289-9638-37087179ab04,2015-12-25,M54,Back pain,ibuprofen,WBC,10.02
499b9e3a-21b3-4638-8bf2-28ec76c8c1b6,a1901e4e-de91-4289-9638-37087179ab04,2023-08-10,E11,Type 2 diabetes mellitus,albuterol,Cholesterol,132.84
632be98b-61b2-4c8e-8c08-a6ff950410db,a1901e4e-de91-4289-9638-37087179ab04,2022-04-08,M54,Back pain,atorvastatin,HbA1c,5.9
4886cf8b-2bfc-4c1c-8a0d-e0b1b55fa489,a1901e4e-de91-4289-9638-37087179ab04,2015-11-21,E11,Type 2 diabetes mellitus,atorvastatin,HbA1c,6.79
9a782371-eb0e-4f3a-bf7a-d45de1bf51da,1e8e8adc-39df-4855-8e05-d5b3ebc2017a,2023-08-13,J45,Asthma,metformin,Cholesterol,232.38
71e17b1f-2768-4cd2-b1a1-dc836b620e80,1e8e8adc-39df-4855-8e05-d5b3ebc2017a,2020-08-20,J45,Asthma,albuterol,HbA1c,13.31
3a1e3ad7-2b74-4a37-9a1c-5c2b408e9b5e,1e8e8adc-39df-4855-8e05-d5b3ebc2017a,2024-10-08,J45,Asthma,sertraline,WBC,4.36
c655b341-839a-42e0-bfc8-5feeff2c688a,1e8e8adc-39df-4855-8e05-d5b3ebc2017a,2020-01-31,F32,Major depressive disorder,ibuprofen,Creatinine,0.49
4597a0f7-ae0f-4b83-ae31-3e9fecf29ac7,6d97adef-4ed5-407e-bd76-72605ba5b26a,2021-07-26,E11,Type 2 diabetes mellitus,metformin,Cholesterol,246.4
9c9a722b-2e53-40da-bb23-4464a85d66b1,6d97adef-4ed5-407e-bd76-72605ba5b26a,2020-12-22,I10,Essential (primary) hypertension,albuterol,WBC,6.62
611a2bb0-d14e-4d27-a8b7-6ac9f86dd175,6d97adef-4ed5-407e-bd76-72605ba5b26a,2019-01-19,J45,Asthma,ibuprofen,Cholesterol,203.72
06bd3318-6b9a-4670-95b0-44717d176cdc,dbc17d9e-c566-4594-b4a3-aaf0b9866e3b,2018-01-27,E11,Type 2 diabetes mellitus,atorvastatin,WBC,11.63
a2b30a1a-ce98-47b3-b073-fed8d2398590,bfa409ca-f162-4454-9782-f57fd1f6bd56,2024-06-03,E11,Type 2 diabetes mellitus,metformin,Creatinine,0.78
fa07c50a-ed77-45f8-90e1-8d95acc6c817,bfa409ca-f162-4454-9782-f57fd1f6bd56,2019-09-30,E11,Type 2 diabetes mellitus,albuterol,WBC,10.94
97b106f3-04d0-436a-82c9-e25f9576660b,ab737efa-5084-44b5-a2ed-74233c48660c,2021-04-26,F32,Major depressive disorder,metformin,WBC,9.61
944e4906-01d2-4ef3-986e-4d25c41ca899,ab737efa-5084-44b5-a2ed-74233c48660c,2015-11-07,R51,Headache,albuterol,Cholesterol,141.14
7debbfb4-696f-429a-a50e-85c9e8f3966e,ab737efa-5084-44b5-a2ed-74233c48660c,2016-11-25,I10,Essential (primary) hypertension,albuterol,Creatinine,1.53
2e2ebc57-d662-4278-b276-63b507324c9e,ab737efa-5084-44b5-a2ed-74233c48660c,2022-06-26,R51,Headache,metformin,HbA1c,6.26
2894d5a6-88b4-4b6d-bcd5-238c13147096,6544169c-7ec3-41cf-992f-1db93af01b33,2020-05-14,R51,Headache,albuterol,WBC,4.53
9272e5fa-729b-4a11-9db5-4ee99f6115c2,6544169c-7ec3-41cf-992f-1db93af01b33,2018-01-26,E11,Type 2 diabetes mellitus,lisinopril,WBC,5.99
981dd58f-f419-42ce-8281-d59b752ab841,6544169c-7ec3-41cf-992f-1db93af01b33,2020-08-10,I10,Essential (primary) hypertension,metformin,Cholesterol,185.58
465900cd-fd3f-4dac-9e5a-0a04d7025ac8,6544169c-7ec3-41cf-992f-1db93af01b33,2025-06-24,I10,Essential (primary) hypertension,albuterol,HbA1c,6.12
8b11a50a-4d0e-4229-80ad-3e715cae6861,6544169c-7ec3-41cf-992f-1db93af01b33,2017-03-09,E11,Type 2 diabetes mellitus,ibuprofen,Creatinine,1.95
96b84cd7-5df2-4edd-b1fe-34e59259acb8,71761c1f-084f-4d50-ab37-a587c9ce5aaa,2025-09-13,F32,Major depressive disorder,lisinopril,Cholesterol,121.88
b6ebe9c9-e19b-4857-8a7d-58b7a35b1ea6,71761c1f-084f-4d50-ab37-a587c9ce5aaa,2016-07-12,E11,Type 2 diabetes mellitus,ibuprofen,Creatinine,1.74
12400233-0c88-4a70-a334-c9d9ec86f040,71761c1f-084f-4d50-ab37-a587c9ce5aaa,2019-10-28,M54,Back pain,lisinopril,WBC,9.98
8708e9f6-8393-4467-8c3b-9fb484dfd0c3,71761c1f-084f-4d50-ab37-a587c9ce5aaa,2024-08-04,J45,Asthma,atorvastatin,Creatinine,1.12
e6557539-522f-4d56-9fc0-4cf035880953,71761c1f-084f-4d50-ab37-a587c9ce5aaa,2017-06-22,J45,Asthma,ibuprofen,Creatinine,1.46
fb186b24-ad06-4846-93d4-a06752b1ba64,6fe3222e-ca6a-4100-8a27-1170739f29b7,2021-08-17,F32,Major depressive disorder,metformin,Creatinine,0.88
089271f7-6392-4adb-9432-c1ed14aecf9b,6fe3222e-ca6a-4100-8a27-1170739f29b7,2021-12-21,M54,Back pain,atorvastatin,Cholesterol,122.55
990abc90-3f28-4b97-aacf-6b0442e7ef7c,6fe3222e-ca6a-4100-8a27-1170739f29b7,2018-01-09,M54,Back pain,atorvastatin,HbA1c,5.91
db0fe69c-dbdc-4c8c-a8ca-401cc5c5698d,b730b977-2363-41a6-8d6b-d6b8d6afe3c2,2016-02-10,I10,Essential (primary) hypertension,atorvastatin,WBC,6.21
69ab73d2-c625-424b-b98d-9bede16ead91,b730b977-2363-41a6-8d6b-d6b8d6afe3c2,2025-05-14,I10,Essential (primary) hypertension,ibuprofen,Cholesterol,171.88
78d9baf1-f882-4c12-a197-766e933cac11,b730b977-2363-41a6-8d6b-d6b8d6afe3c2,2017-05-14,E11,Type 2 diabetes mellitus,lisinopril,Cholesterol,227.75
b0881134-bcf2-48a1-8eee-005c87eaa6fb,b730b977-2363-41a6-8d6b-d6b8d6afe3c2,2022-08-23,R51,Headache,atorvastatin,Cholesterol,297.47
ac24927d-6362-4a22-8cb2-93cbb585470c,28524135-f91d-4f94-b49a-440e41907257,2023-10-02,J45,Asthma,atorvastatin,Creatinine,1.82
26df3ff3-6a4f-4510-867f-5184e9d9a0fd,28524135-f91d-4f94-b49a-440e41907257,2021-04-30,M54,Back pain,sertraline,Creatinine,0.89
437ea13a-5f8e-4ee1-9953-55c73b8697f7,28524135-f91d-4f94-b49a-440e41907257,2025-04-02,M54,Back pain,ibuprofen,Creatinine,1.73
09d3ec7a-d0a2-4930-94c3-c2e23564a083,28524135-f91d-4f94-b49a-440e41907257,2024-05-02,F32,Major depressive disorder,sertraline,Creatinine,0.86
e5656613-3046-494c-bcea-855953da39e4,28524135-f91d-4f94-b49a-440e41907257,2025-08-14,F32,Major depressive disorder,atorvastatin,WBC,7.2
245d3dd9-66d6-433b-987b-d8f927b263f6,68ca2675-8464-4559-b69e-9396792e58d3,2019-11-06,J45,Asthma,ibuprofen,WBC,5.73
d8167c7a-3f8d-479e-9dfd-0469cb7b7f96,68ca2675-8464-4559-b69e-9396792e58d3,2022-06-25,E11,Type 2 diabetes mellitus,albuterol,HbA1c,8.81
f91bdba7-5282-447a-8f3c-dabcf0a511ef,99d7af23-292c-4ae3-912b-c1605c633966,2022-07-16,M54,Back pain,metformin,HbA1c,9.14
259a6c9f-118b-4b6c-bd72-949938c688e0,99d7af23-292c-4ae3-912b-c1605c633966,2025-08-28,F32,Major depressive disorder,albuterol,HbA1c,4.97
8fe43add-6db0-41d7-868b-08d87c60ac17,2d03f1e4-26f5-45e7-af9c-3341ed397822,2021-10-14,J45,Asthma,ibuprofen,WBC,11.58
6a8f6626-6d29-4231-ba29-68b661422664,2d03f1e4-26f5-45e7-af9c-3341ed397822,2017-09-18,J45,Asthma,lisinopril,WBC,6.89
3d2a6cc3-099d-4010-86c2-0c8e4e9cf3aa,6eb04cc5-3b9c-4a58-b3c9-bb298fd241ee,2022-06-14,I10,Essential (primary) hypertension,metformin,Cholesterol,286.59
69159763-a3fd-4969-9186-f7728f01442a,231152fb-3e03-46ce-8b84-e0f748e72892,2016-08-11,R51,Headache,atorvastatin,Cholesterol,184.51
0b289812-c058-46ec-9ac2-7810ea653d31,231152fb-3e03-46ce-8b84-e0f748e72892,2024-08-12,J45,Asthma,albuterol,Creatinine,0.68
c51ef3d1-966f-4595-b1e9-2c5b36671c08,eb3749d0-cbaf-4786-9b47-919dba54278a,2018-02-06,J45,Asthma,ibuprofen,WBC,9.15
29284ed9-07f4-4bea-a2c9-63832ac1a8f3,eb3749d0-cbaf-4786-9b47-919dba54278a,2023-06-23,J45,Asthma,lisinopril,Cholesterol,210.86
c5dcf923-7f35-4f22-9051-4446f73979ce,eb3749d0-cbaf-4786-9b47-919dba54278a,2022-05-03,J45,Asthma,metformin,Creatinine,1.31
291de292-6b4e-4dd7-ad2a-2ce5c5575e9e,eb3749d0-cbaf-4786-9b47-919dba54278a,2018-09-01,F32,Major depressive disorder,ibuprofen,WBC,6.38
61db144d-4509-487c-87e5-f78f2c64f386,32a6d615-d190-4258-9feb-a1d038df674e,2024-08-20,I10,Essential (primary) hypertension,ibuprofen,Cholesterol,238.83
4aca9c2d-a358-4224-b817-c2eb654278a0,32a6d615-d190-4258-9feb-a1d038df674e,2020-01-24,R51,Headache,atorvastatin,Creatinine,1.15
9a366625-64ba-4878-b72e-3ba7e3e5e1f7,32a6d615-d190-4258-9feb-a1d038df674e,2020-12-01,F32,Major depressive disorder,sertraline,Cholesterol,192.26
d712d118-d65e-465b-a010-4e562f824c2c,32a6d615-d190-4258-9feb-a1d038df674e,2019-06-12,E11,Type 2 diabetes mellitus,sertraline,HbA1c,11.68
75c0e7c4-a35f-40ec-a112-1f14069b4d7e,1edb504e-fa5d-42a8-b95d-dbff6cc7c4c2,2022-04-28,I10,Essential (primary) hypertension,ibuprofen,Creatinine,0.6
ff65d232-54d7-44f1-af8e-1bb4b71ec591,1edb504e-fa5d-42a8-b95d-dbff6cc7c4c2,2019-08-15,M54,Back pain,albuterol,HbA1c,11.68
11862f65-34d7-47b4-9d9e-42e8433dafc9,1edb504e-fa5d-42a8-b95d-dbff6cc7c4c2,2021-04-23,I10,Essential (primary) hypertension,sertraline,HbA1c,8.9
50649087-6c54-4233-a5eb-20b85f27ac7c,1edb504e-fa5d-42a8-b95d-dbff6cc7c4c2,2017-02-26,M54,Back pain,sertraline,HbA1c,5.3
adac03d2-adc6-4bbc-8eda-cc70d9b5eb7b,1edb504e-fa5d-42a8-b95d-dbff6cc7c4c2,2022-09-07,R51,Headache,metformin,Creatinine,1.35
00f8073d-ef9d-46c3-90f8-3a114b37acb5,207e3a2d-eae7-49e4-ad69-3cb87fc4fecc,2019-05-16,F32,Major depressive disorder,atorvastatin,Creatinine,1.78
b0cade5f-eccf-47ba-bb91-1d889672be1f,207e3a2d-eae7-49e4-ad69-3cb87fc4fecc,2024-05-08,R51,Headache,ibuprofen,HbA1c,11.16
6f072abc-c34c-4fe5-97a3-61ad55ea28d3,207e3a2d-eae7-49e4-ad69-3cb87fc4fecc,2019-12-04,I10,Essential (primary) hypertension,ibuprofen,Cholesterol,127.28
ef49bd16-1286-4885-8140-9f7e704e5a8b,3e1ecb68-c9d5-4025-8cb6-702dd567c54f,2022-05-04,R51,Headache,albuterol,HbA1c,12.15
e8679ffe-1f17-435b-a4c7-b10b30f04780,3e1ecb68-c9d5-4025-8cb6-702dd567c54f,2018-09-20,R51,Headache,lisinopril,HbA1c,5.14
f9543bb6-4182-4244-9dfa-4ac9e21cdcd3,22c40a86-d41f-480e-8b99-da912d721468,2018-12-10,E11,Type 2 diabetes mellitus,ibuprofen,HbA1c,6.85
59d400ab-6bbb-4e03-a385-d1afd9c269a6,22c40a86-d41f-480e-8b99-da912d721468,2024-07-20,F32,Major depressive disorder,metformin,Cholesterol,178.14
d17dda27-231e-4753-83dc-a3e56a9dd0cd,01eb2992-8995-4234-b14a-17e65a7e6eb8,2022-05-08,F32,Major depressive disorder,sertraline,WBC,10.38
267376c9-6f45-4810-9c89-0c42189af80b,7f85ebc9-72ac-4a30-b3c6-0c5744416595,2022-10-17,M54,Back pain,atorvastatin,Cholesterol,271.86
70f8951f-b3ee-47ee-a293-0d16ced2fc5e,7f85ebc9-72ac-4a30-b3c6-0c5744416595,2018-10-17,E11,Type 2 diabetes mellitus,sertraline,WBC,8.73
bba01a89-89ef-4ed1-b134-d7e527399560,7f85ebc9-72ac-4a30-b3c6-0c5744416595,2023-08-23,I10,Essential (primary) hypertension,atorvastatin,WBC,4.54
9ccef777-dccf-4811-a90e-12c377c8dacf,7f85ebc9-72ac-4a30-b3c6-0c5744416595,2017-05-25,R51,Headache,ibuprofen,WBC,7.29
248b12cd-a808-4358-a7d0-1fb7a9c76d50,7f85ebc9-72ac-4a30-b3c6-0c5744416595,2022-06-18,J45,Asthma,atorvastatin,HbA1c,13.61
dbb642df-c158-4a2a-94d0-899340145290,2774b6f5-e7a9-447f-915c-027d3764f108,2021-08-05,R51,Headache,albuterol,Cholesterol,177.16
e0fbe6a4-5fe7-4458-b5b6-eb521235b821,2774b6f5-e7a9-447f-915c-027d3764f108,2016-09-28,E11,Type 2 diabetes mellitus,sertraline,Cholesterol,262.7
4af71f9d-4ebf-4630-a8a7-92f954d4ae07,2774b6f5-e7a9-447f-915c-027d3764f108,2024-01-20,E11,Type 2 diabetes mellitus,albuterol,Cholesterol,124.03
e33b2f3c-d9b2-4cdd-aad8-af4f26bb7623,2774b6f5-e7a9-447f-915c-027d3764f108,2021-05-06,E11,Type 2 diabetes mellitus,ibuprofen,Creatinine,0.45
32309adf-ce82-4ada-94cf-678378c837eb,b50d40e2-d95f-42dd-9eec-5349c13e0265,2020-09-23,E11,Type 2 diabetes mellitus,albuterol,WBC,7.21
cc16ed53-d097-4912-9341-a91223415aa5,b50d40e2-d95f-42dd-9eec-5349c13e0265,2017-08-09,F32,Major depressive disorder,albuterol,HbA1c,13.83
e0630b20-0759-4d8a-93f8-9e3c27208909,b50d40e2-d95f-42dd-9eec-5349c13e0265,2021-09-13,M54,Back pain,ibuprofen,WBC,6.14
258089b9-0e82-4ded-9a2d-2b32a52fdd2d,b50d40e2-d95f-42dd-9eec-5349c13e0265,2017-10-17,M54,Back pain,sertraline,HbA1c,6.16
c98cb3ee-3838-4235-8da0-04f41a3f9a8a,b50d40e2-d95f-42dd-9eec-5349c13e0265,2024-01-06,J45,Asthma,atorvastatin,Creatinine,1.14
71c92904-6c40-4269-9110-525131ef8fcb,8e78fb5e-d64d-404d-9184-351823ed07e6,2022-08-04,R51,Headache,albuterol,Cholesterol,113.64
67288d90-9eac-4c32-9a13-d6c588dda992,8e78fb5e-d64d-404d-9184-351823ed07e6,2016-04-20,R51,Headache,sertraline,Cholesterol,292.51
2cd10247-6a42-472b-b934-4d00e9b88805,089692f0-3e07-406d-a8f3-b4dbbb2f0eb1,2018-04-28,I10,Essential (primary) hypertension,ibuprofen,Creatinine,0.61
0ad56e32-a7c8-4973-999f-866705c0cb0b,089692f0-3e07-406d-a8f3-b4dbbb2f0eb1,2022-01-29,M54,Back pain,ibuprofen,Creatinine,1.34
523a3d5c-8738-41dd-af91-26ad749cbc55,089692f0-3e07-406d-a8f3-b4dbbb2f0eb1,2016-05-28,F32,Major depressive disorder,metformin,HbA1c,4.78
9ab1643d-3ee6-4ae7-8350-668a92004d45,089692f0-3e07-406d-a8f3-b4dbbb2f0eb1,2017-06-30,I10,Essential (primary) hypertension,lisinopril,HbA1c,10.82
0c989966-2afe-41f5-9f67-7e335bbc9dcb,089692f0-3e07-406d-a8f3-b4dbbb2f0eb1,2020-02-11,R51,Headache,sertraline,Creatinine,1.62
82867ec4-e808-47c4-bf5f-321c23a38eb2,78194018-f4e6-48c4-99dc-860353797b8f,2024-07-13,I10,Essential (primary) hypertension,atorvastatin,Cholesterol,251.16
1c094d14-36c8-494a-ac5f-766fc35cf642,78194018-f4e6-48c4-99dc-860353797b8f,2021-01-01,E11,Type 2 diabetes mellitus,metformin,Creatinine,0.58
b9cd188d-699c-470a-9ded-3042785c8404,1bff074d-abe3-493f-8a1d-d833686bc0df,2020-10-05,J45,Asthma,ibuprofen,HbA1c,13.27
1c0e9c1c-6002-4796-addb-9da2dbecc72a,dbf100dd-448b-487e-9fd0-daa50122cf24,2024-07-04,R51,Headache,sertraline,Cholesterol,126.64
b0df4774-39db-4010-9ced-95011d4e769b,dbf100dd-448b-487e-9fd0-daa50122cf24,2018-07-26,M54,Back pain,ibuprofen,WBC,4.76
92c7d956-e2cb-47d9-8777-5daba8d268e1,dbf100dd-448b-487e-9fd0-daa50122cf24,2020-03-16,F32,Major depressive disorder,atorvastatin,Creatinine,0.76
7784a023-c4f5-4b22-a9c3-4f090ff3c47d,d06bab6b-1a74-454d-a067-e530483b994f,2020-11-05,M54,Back pain,lisinopril,HbA1c,10.03
ba531e4c-8e4a-442c-9948-aaf36a8d156d,d06bab6b-1a74-454d-a067-e530483b994f,2018-08-29,R51,Headache,metformin,WBC,3.3
9066fd8c-8c32-4c1c-8626-c66573a12e54,9f488747-ecd1-4c23-9388-4ecc63d0c802,2025-08-27,J45,Asthma,sertraline,HbA1c,7.74
f0c84413-d8ba-4453-abf3-4c70848c8fcb,9f488747-ecd1-4c23-9388-4ecc63d0c802,2018-01-23,R51,Headache,atorvastatin,Cholesterol,138.03
9f97e421-db8e-44e1-9346-d832d32388e2,9f68e7b2-d8ee-4966-bb82-2fefb4f89c26,2019-04-26,F32,Major depressive disorder,ibuprofen,Creatinine,0.97
0c934543-6f0b-496c-8b69-d9544bf6beea,9f68e7b2-d8ee-4966-bb82-2fefb4f89c26,2019-06-13,I10,Essential (primary) hypertension,metformin,Cholesterol,185.5
923956d6-c995-4560-8e4a-ec26f35fde21,a8a6f767-5549-4ef0-b2ad-1007201218b9,2015-11-30,E11,Type 2 diabetes mellitus,ibuprofen,HbA1c,5.71
57d679e5-8e37-498f-9411-3dbd088b4635,a8a6f767-5549-4ef0-b2ad-1007201218b9,2019-11-30,J45,Asthma,metformin,HbA1c,9.24
57bf1b43-2cb6-413e-8769-43a9606ce546,a8a6f767-5549-4ef0-b2ad-1007201218b9,2025-02-19,M54,Back pain,ibuprofen,Creatinine,0.44
4965f63c-2866-4a27-a598-7b918c0389c0,a8a6f767-5549-4ef0-b2ad-1007201218b9,2016-07-02,J45,Asthma,albuterol,Cholesterol,240.65
9a0ed99e-9873-4d98-b57d-9db042cb2922,1d314f26-134c-4e66-b3d7-92aef43b13e9,2015-12-06,I10,Essential (primary) hypertension,albuterol,HbA1c,9.58
7f3a797d-fb8f-43ec-9637-4c500f31b9c8,17b16b05-8177-4878-8137-1b295007e92d,2016-02-23,M54,Back pain,ibuprofen,Creatinine,1.04
fd0d9038-9e9d-44c6-9f47-e5eacc113235,17b16b05-8177-4878-8137-1b295007e92d,2025-01-28,M54,Back pain,atorvastatin,HbA1c,10.04
8d280a85-47d7-4af7-9a8b-1249145b4ad8,49862e4f-af7b-4293-9a8f-a5ca3589575f,2018-05-22,E11,Type 2 diabetes mellitus,metformin,Creatinine,1.07
97243f21-9fb9-4122-95c5-6a4ff34a4906,49862e4f-af7b-4293-9a8f-a5ca3589575f,2023-06-19,J45,Asthma,metformin,WBC,4.84
5abcadf6-bd0a-4d12-a1ed-3e461dd3ddb7,49862e4f-af7b-4293-9a8f-a5ca3589575f,2016-07-21,R51,Headache,albuterol,HbA1c,6.74
c954a365-eb5a-4124-b035-fada40bc55bd,74d5d358-f076-40fa-9e5e-19c5575f7257,2016-09-05,M54,Back pain,ibuprofen,HbA1c,7.79
a4366281-a1a8-403c-9823-f1e88b1e933c,61e1ea58-4795-4c9b-b495-bf1463a912c5,2021-01-17,M54,Back pain,atorvastatin,HbA1c,12.93
af17cbf5-d7b9-4b82-a555-481a7a2fa491,b0d75a19-7c0d-43d7-8247-553c67de611b,2024-04-05,J45,Asthma,atorvastatin,HbA1c,5.49
0a41ddc1-6a0e-4f99-b4f8-2ed31908848f,b0d75a19-7c0d-43d7-8247-553c67de611b,2020-02-22,M54,Back pain,lisinopril,Creatinine,1.09
43a64624-7ab9-4f32-9c78-d18207dd5e2a,b0d75a19-7c0d-43d7-8247-553c67de611b,2022-04-24,I10,Essential (primary) hypertension,metformin,HbA1c,4.75
2ef5865a-8c9a-4259-a3ca-d604bcd6a3f8,b0d75a19-7c0d-43d7-8247-553c67de611b,2016-12-11,I10,Essential (primary) hypertension,ibuprofen,Cholesterol,236.39
75dc8cd9-37dd-4e34-b904-141c20d30eb4,3b482855-b735-4e18-8d1c-0efa65373e7f,2019-07-08,F32,Major depressive disorder,metformin,Cholesterol,253.14
763e9fc8-7bf7-4643-946d-6ba8e5bbb436,2e600b8d-ecf3-4df2-afa7-758d4d8b87e3,2020-11-22,R51,Headache,sertraline,WBC,4.04
2e0cac94-29b6-4de1-a1d4-c74bfca30e88,2e600b8d-ecf3-4df2-afa7-758d4d8b87e3,2024-05-22,M54,Back pain,albuterol,Creatinine,0.71
c50fa02d-cc4e-4571-9732-eee6b7e23740,22c87bd7-223e-4c53-b2cb-ae7bc08093b6,2025-01-23,I10,Essential (primary) hypertension,lisinopril,HbA1c,10.09
31c06a94-cb4b-4b94-9f98-50cbc830bb8f,22c87bd7-223e-4c53-b2cb-ae7bc08093b6,2023-03-02,F32,Major depressive disorder,atorvastatin,HbA1c,13.91
f91bc6b7-6537-4019-8a21-fde2cf71f0ad,22c87bd7-223e-4c53-b2cb-ae7bc08093b6,2025-07-18,R51,Headache,lisinopril,HbA1c,5.23
59f78baa-5011-4364-979d-2e2cb85ff437,22c87bd7-223e-4c53-b2cb-ae7bc08093b6,2024-04-16,F32,Major depressive disorder,lisinopril,Creatinine,0.47
bd047839-1bdc-45fe-b12b-0849d56f8729,32289d3e-6f2b-42a9-a80f-f60a29b69080,2018-12-16,R51,Headache,lisinopril,Creatinine,0.61
0d7779bd-ed26-4ea0-9bbf-36ce05e7c088,32289d3e-6f2b-42a9-a80f-f60a29b69080,2021-04-02,F32,Major depressive disorder,atorvastatin,HbA1c,10.74
99004c3e-62b3-4fc9-a5f0-bb3f9e59ace5,32289d3e-6f2b-42a9-a80f-f60a29b69080,2024-11-09,J45,Asthma,ibuprofen,WBC,7.45
795ac15e-86e0-478d-a39f-0b5861380d5b,bd025dae-f324-475e-9418-85482dae25c0,2016-01-31,I10,Essential (primary) hypertension,sertraline,Creatinine,1.91
5b0260df-2bc8-4c4b-b65e-2b6b588b5518,bd025dae-f324-475e-9418-85482dae25c0,2016-12-18,M54,Back pain,albuterol,WBC,7.74
68ce215c-afec-4f42-9b63-2db30d9b669b,bd025dae-f324-475e-9418-85482dae25c0,2022-09-18,J45,Asthma,atorvastatin,HbA1c,5.01
62c9479b-5eff-4a0a-a259-986bfcce5828,3b8bcaeb-5cbf-4f21-8b7c-f5b776b00d1d,2017-10-20,M54,Back pain,sertraline,Creatinine,0.53
705dff77-cdb3-48e9-a012-cc25fb5354db,3b8bcaeb-5cbf-4f21-8b7c-f5b776b00d1d,2024-03-05,M54,Back pain,lisinopril,Creatinine,1.59
e7093af7-5038-41a8-9666-d22b241c74fb,3b8bcaeb-5cbf-4f21-8b7c-f5b776b00d1d,2023-05-08,E11,Type 2 diabetes mellitus,albuterol,WBC,3.32
fad48bf1-f4af-4e5e-855b-0b92890a003a,3b8bcaeb-5cbf-4f21-8b7c-f5b776b00d1d,2023-01-29,R51,Headache,sertraline,Cholesterol,290.61
ba012572-2a3b-40c8-891e-181ec6b1ec30,e42a99a6-6213-4178-aad3-f217c4597b72,2020-02-13,E11,Type 2 diabetes mellitus,albuterol,Creatinine,1.34
a2628a56-d06f-4e7a-8cc1-04dcfd3105cc,49f077df-a914-4988-897e-967ffbdb31c3,2016-06-08,E11,Type 2 diabetes mellitus,metformin,Creatinine,1.77
cfdfba62-c7b9-468c-965d-a0caecde590b,49f077df-a914-4988-897e-967ffbdb31c3,2021-05-29,F32,Major depressive disorder,metformin,Cholesterol,176.93
c5d3ca29-77c1-4e4e-b21a-484cc28878c9,49f077df-a914-4988-897e-967ffbdb31c3,2025-03-20,I10,Essential (primary) hypertension,lisinopril,Cholesterol,136.89
14e547e7-231d-459f-b71a-0391e121a30b,9777b609-e4aa-498b-afd0-0e094c85b426,2019-09-28,E11,Type 2 diabetes mellitus,atorvastatin,Creatinine,0.45
a518b93b-c188-4d98-a392-dbd015446500,9777b609-e4aa-498b-afd0-0e094c85b426,2017-02-26,J45,Asthma,metformin,Creatinine,1.88
198879a1-b5a0-4f6e-a4c5-e24e4d7c9673,9777b609-e4aa-498b-afd0-0e094c85b426,2022-10-08,M54,Back pain,lisinopril,HbA1c,7.74
ca11daf2-c06a-4239-9245-54abe6706c81,9777b609-e4aa-498b-afd0-0e094c85b426,2016-05-31,M54,Back pain,sertraline,Cholesterol,256.52
3c9f6185-5ab3-4093-b07d-5a2099df4986,4533d3ab-d7ae-444e-b2aa-0b1393aa4aa8,2016-08-28,E11,Type 2 diabetes mellitus,ibuprofen,Cholesterol,290.49
39fa122a-7bbb-4b22-8f17-83f005f732c2,c3c27798-5608-4852-b295-2e5562aa1dc5,2016-02-01,M54,Back pain,sertraline,Cholesterol,214.52
c9c2fb2e-1b4d-4811-a734-0e38ced9f766,c3c27798-5608-4852-b295-2e5562aa1dc5,2019-05-05,M54,Back pain,albuterol,WBC,11.64
64824f84-2041-4fc4-9091-923ea5f84f20,c3c27798-5608-4852-b295-2e5562aa1dc5,2020-06-21,R51,Headache,lisinopril,WBC,11.17
a2f5b35f-bd51-4a4b-9814-8743f73cc36d,02dca251-6e7a-48da-b655-d6bb1848431b,2016-09-29,R51,Headache,albuterol,HbA1c,13.99
c3b2d75c-e581-428d-ab9a-1c57200235a3,02dca251-6e7a-48da-b655-d6bb1848431b,2017-01-23,M54,Back pain,albuterol,Creatinine,1.31
0c972ab1-17aa-473f-85fb-ca815c90b6cf,02dca251-6e7a-48da-b655-d6bb1848431b,2025-04-12,M54,Back pain,albuterol,Creatinine,0.83
24e0d512-6aaf-4907-8504-2250d9ecc677,5fd4e819-045c-4a85-b537-a6adaa84a156,2016-12-09,R51,Headache,ibuprofen,HbA1c,5.68
85415f7f-9c26-45ef-8b7a-57613d78a96c,5fd4e819-045c-4a85-b537-a6adaa84a156,2019-05-04,R51,Headache,albuterol,Creatinine,1.76
b20976aa-aa30-4d53-a1b9-3c289aeece15,5fd4e819-045c-4a85-b537-a6adaa84a156,2020-09-26,F32,Major depressive disorder,metformin,Cholesterol,101.77
6eb72b80-8515-4588-a9c1-98ff6593c49b,33d2a10d-4817-4338-9672-c1bf83d44054,2021-09-09,F32,Major depressive disorder,atorvastatin,WBC,6.68
ce08aed8-4a43-4509-bd8c-f65388c9d0c1,df878418-4912-42fd-a740-b2c0fc9b9c95,2024-10-27,J45,Asthma,ibuprofen,Creatinine,1.93
14c6b34e-734b-4659-a17f-1d147db1eb36,df878418-4912-42fd-a740-b2c0fc9b9c95,2020-10-09,I10,Essential (primary) hypertension,albuterol,Creatinine,0.82
6d2962b1-2f01-4ef8-801f-c883b83d506f,df878418-4912-42fd-a740-b2c0fc9b9c95,2020-02-29,I10,Essential (primary) hypertension,lisinopril,WBC,4.32
c4002205-508d-4552-be0d-a1cd41f48777,df878418-4912-42fd-a740-b2c0fc9b9c95,2018-10-13,R51,Headache,metformin,WBC,4.03
913555d6-0de9-45a6-bae8-daead25e26b6,df878418-4912-42fd-a740-b2c0fc9b9c95,2025-04-13,I10,Essential (primary) hypertension,atorvastatin,Cholesterol,215.98
142060cc-fc22-49f4-ba21-7a8de0b78928,21c7d585-97eb-416d-a157-edeb6b9b0ce1,2019-07-05,R51,Headache,lisinopril,HbA1c,13.54
7495bd67-5cf2-485d-b5e4-30128a70135c,d09b6ea1-a351-49ff-881d-69bc454a787f,2022-10-29,E11,Type 2 diabetes mellitus,atorvastatin,Creatinine,1.26
d290e02d-c48a-41e7-877a-db364a691944,d09b6ea1-a351-49ff-881d-69bc454a787f,2025-03-18,M54,Back pain,lisinopril,Creatinine,0.57
01cadf46-b6e7-4a36-9755-f0a220aaa0fd,d09b6ea1-a351-49ff-881d-69bc454a787f,2020-01-11,F32,Major depressive disorder,metformin,HbA1c,6.75
52841ac4-ddd4-4e9a-9cbf-18564255bc8f,1a4543c4-f46b-4b99-b7bb-e5711dddb504,2019-04-26,J45,Asthma,atorvastatin,Cholesterol,114.28
712e7349-8cd3-4344-a96d-c80e6be68885,1a4543c4-f46b-4b99-b7bb-e5711dddb504,2020-12-06,J45,Asthma,lisinopril,HbA1c,7.6
ef72194d-077d-4b6d-9828-396a0465a143,1a4543c4-f46b-4b99-b7bb-e5711dddb504,2016-11-15,J45,Asthma,albuterol,Cholesterol,279.48
2de3a5fb-efe4-4f84-9f77-79810fed8b68,ab039530-2263-4842-adc9-4b96801d9ab8,2020-06-08,J45,Asthma,ibuprofen,HbA1c,6.02
a56dd427-f472-45a7-ad10-04555dea926e,ab039530-2263-4842-adc9-4b96801d9ab8,2025-03-19,J45,Asthma,lisinopril,HbA1c,5.51
b20aa80d-d9b1-48aa-91ee-37376a64cc76,ab039530-2263-4842-adc9-4b96801d9ab8,2023-05-05,J45,Asthma,ibuprofen,Creatinine,1.9
0a53109b-7241-45af-a5ad-d71299e57f3c,7285e429-ea9b-4f07-981a-a952dc7175e6,2016-05-25,M54,Back pain,metformin,WBC,6.43
fcedafd2-e7cf-4277-8db5-0150d73ccc13,7285e429-ea9b-4f07-981a-a952dc7175e6,2018-06-07,E11,Type 2 diabetes mellitus,metformin,WBC,8.09
3c5e373a-3dfe-4791-bba6-cc3b7c08999b,7285e429-ea9b-4f07-981a-a952dc7175e6,2019-04-10,R51,Headache,ibuprofen,Cholesterol,207.79
de84d94b-3748-4e44-8e40-63449f2ac1e5,7285e429-ea9b-4f07-981a-a952dc7175e6,2024-05-09,M54,Back pain,metformin,Cholesterol,231.84
e1e19535-bb75-4370-b145-3d9fc1aa7998,8a73f489-b613-4be9-9b9e-277647818892,2020-10-07,J45,Asthma,albuterol,WBC,10.52
be93567b-e07b-46d5-a63c-1d4b47f66d24,8a73f489-b613-4be9-9b9e-277647818892,2022-06-05,I10,Essential (primary) hypertension,albuterol,WBC,10.19
a3ae7c44-6217-47d0-8c8b-f79925aff745,8a73f489-b613-4be9-9b9e-277647818892,2021-08-27,I10,Essential (primary) hypertension,sertraline,Creatinine,1.6
07d28c8d-ceaa-46aa-96af-6b6968aa0a97,8a73f489-b613-4be9-9b9e-277647818892,2024-06-02,R51,Headache,lisinopril,Cholesterol,246.56
38ed1387-8c4a-468a-8017-3ae69deb5576,8a73f489-b613-4be9-9b9e-277647818892,2015-11-04,F32,Major depressive disorder,albuterol,HbA1c,7.84
a490bc67-8b43-424d-8cf3-fce0d3374bae,8cd31f55-7533-4017-bb0c-61eb1ee25ec4,2024-11-08,J45,Asthma,atorvastatin,Cholesterol,221.04
38e642d2-88d5-4a35-a158-583b1dbd015f,8cd31f55-7533-4017-bb0c-61eb1ee25ec4,2020-09-05,F32,Major depressive disorder,lisinopril,WBC,11.33
ed09d47b-7f79-42bc-9000-94fd682bf7bd,8cd31f55-7533-4017-bb0c-61eb1ee25ec4,2022-12-19,F32,Major depressive disorder,atorvastatin,WBC,8.45
110d9b95-6556-477c-ac8e-d915b2d61a74,8cd31f55-7533-4017-bb0c-61eb1ee25ec4,2016-10-15,J45,Asthma,albuterol,Creatinine,0.59
01cb4f27-ee84-40f7-8e8f-56496eeaf79a,8cd31f55-7533-4017-bb0c-61eb1ee25ec4,2021-02-17,F32,Major depressive disorder,ibuprofen,WBC,8.18
9db12914-35fc-41d7-8e7c-5197cc7a462f,323e870e-d86d-43fd-86ca-f9c86366a228,2023-09-12,F32,Major depressive disorder,metformin,WBC,4.09
0a9b3c86-bc83-4478-944b-504f12d5055d,323e870e-d86d-43fd-86ca-f9c86366a228,2022-10-05,M54,Back pain,atorvastatin,Cholesterol,248.57
d460c1e8-a9bf-4452-bc31-c0e048397d92,313806a1-3e45-426d-bf0d-3e22ac80273a,2015-12-18,E11,Type 2 diabetes mellitus,sertraline,HbA1c,11.06
34523794-628a-4575-8166-a5cc833cefbe,313806a1-3e45-426d-bf0d-3e22ac80273a,2024-11-22,I10,Essential (primary) hypertension,ibuprofen,Cholesterol,280.85
e76a8f9c-805a-4efc-8682-3e0f5148d300,9d60b5b8-e037-4ad4-9a9a-065a84d59c35,2024-04-13,F32,Major depressive disorder,atorvastatin,WBC,9.41
c3e2eb32-587e-4faf-a0ca-cf03e534dcce,9d60b5b8-e037-4ad4-9a9a-065a84d59c35,2024-05-18,J45,Asthma,albuterol,HbA1c,13.94
6bcfc1cb-b8b5-41fd-9c5d-f4b942a2c939,9d60b5b8-e037-4ad4-9a9a-065a84d59c35,2025-03-16,E11,Type 2 diabetes mellitus,atorvastatin,Creatinine,1.92
112f1b75-8e8a-4a75-a158-e13d546abb48,e72b54dd-06cf-405a-b235-7e7eaf5d02f0,2018-08-22,F32,Major depressive disorder,atorvastatin,Cholesterol,157.86
c0ceab58-fe05-490a-a1bd-4b56fae66645,e72b54dd-06cf-405a-b235-7e7eaf5d02f0,2020-05-12,R51,Headache,lisinopril,WBC,9.51
13038c15-0bc7-42be-b0ff-08f287bd53f3,e72b54dd-06cf-405a-b235-7e7eaf5d02f0,2019-02-07,M54,Back pain,metformin,WBC,11.06
68fe0b5a-95bc-450d-a763-9a5e371d97a9,e72b54dd-06cf-405a-b235-7e7eaf5d02f0,2019-01-21,M54,Back pain,albuterol,Cholesterol,175.87
c1c71b30-b311-44ae-849e-5f971696069b,b3e904c2-fb46-4d0d-838a-584cb1a472bd,2023-09-25,M54,Back pain,atorvastatin,Creatinine,1.91
41734489-7aec-45be-897e-4d379a8ad0ec,b3e904c2-fb46-4d0d-838a-584cb1a472bd,2024-08-17,I10,Essential (primary) hypertension,albuterol,Cholesterol,168.22
99746d35-7c43-4b8c-9d42-e0aa709098a1,b3e904c2-fb46-4d0d-838a-584cb1a472bd,2019-05-22,M54,Back pain,ibuprofen,Cholesterol,157.05
a62b97d6-a6fd-467b-9784-defe04bc701f,b3e904c2-fb46-4d0d-838a-584cb1a472bd,2021-05-28,J45,Asthma,lisinopril,WBC,3.38
df4d1648-635d-4d15-8a78-a51b6950f547,5d7f7718-8639-4cf5-98bc-690697294829,2020-11-19,M54,Back pain,albuterol,Creatinine,0.56
ab286e6f-697a-43bb-97b7-8cf9d279d3f0,5d7f7718-8639-4cf5-98bc-690697294829,2022-07-09,I10,Essential (primary) hypertension,metformin,Creatinine,0.84
c1a3089e-d568-426f-ac6d-63a939ca8621,b5ad45cf-4c66-4be3-b354-ce109d6bb77f,2023-03-16,I10,Essential (primary) hypertension,albuterol,Creatinine,1.98
4c77f7c9-8cab-488a-8e56-307d4f7d57ea,b5ad45cf-4c66-4be3-b354-ce109d6bb77f,2017-04-06,E11,Type 2 diabetes mellitus,lisinopril,Creatinine,0.63
3604127b-c031-4a48-adfb-deb94c221fa3,b5ad45cf-4c66-4be3-b354-ce109d6bb77f,2023-05-24,M54,Back pain,ibuprofen,WBC,3.25
eaa7075e-a1a8-43f6-ba23-e443dd0282e2,b5ad45cf-4c66-4be3-b354-ce109d6bb77f,2025-04-08,M54,Back pain,ibuprofen,WBC,3.06
ce9743ca-2c10-46ad-be05-a47b0369158a,8176a1dd-1194-4f12-87a9-7628ff90922c,2021-07-27,I10,Essential (primary) hypertension,albuterol,Cholesterol,246.42
07ad5e89-d980-4432-88d9-7c483678978f,dd0f5c7a-e24f-4fe9-94f7-3fdf643a0272,2024-04-19,F32,Major depressive disorder,albuterol,HbA1c,11.3
a06ed429-2030-46a2-9015-653f4a5812c9,dd0f5c7a-e24f-4fe9-94f7-3fdf643a0272,2016-03-28,E11,Type 2 diabetes mellitus,sertraline,Cholesterol,198.65
13e820c6-6e12-4801-99e6-3e2506cfdf22,dd0f5c7a-e24f-4fe9-94f7-3fdf643a0272,2024-09-27,I10,Essential (primary) hypertension,albuterol,HbA1c,13.7
5a1ab7f3-96b9-49fe-b84b-750e05580d8b,dd0f5c7a-e24f-4fe9-94f7-3fdf643a0272,2016-09-13,E11,Type 2 diabetes mellitus,atorvastatin,WBC,9.55
02b9b0d6-bc8e-44d2-abed-df6feee3650c,dd0f5c7a-e24f-4fe9-94f7-3fdf643a0272,2022-01-17,I10,Essential (primary) hypertension,ibuprofen,Creatinine,0.84
f375a476-1b26-4b59-99c2-4746f6d46b74,1fe6ad3a-f381-47b6-ad1a-16ac3d955eab,2018-03-06,E11,Type 2 diabetes mellitus,atorvastatin,Creatinine,1.83
c757e487-e5ec-4337-91b6-9f744c966919,1fe6ad3a-f381-47b6-ad1a-16ac3d955eab,2025-04-13,F32,Major depressive disorder,metformin,Creatinine,0.7
3766c9c9-50b5-4856-8d3e-59c568050251,1fe6ad3a-f381-47b6-ad1a-16ac3d955eab,2019-06-15,R51,Headache,atorvastatin,HbA1c,13.52
0812aff0-30c5-4ac4-8e14-281a26eb5595,1fe6ad3a-f381-47b6-ad1a-16ac3d955eab,2018-09-05,E11,Type 2 diabetes mellitus,lisinopril,WBC,8.28
734cf299-831d-4537-bc31-60853746a685,1fe6ad3a-f381-47b6-ad1a-16ac3d955eab,2015-12-07,I10,Essential (primary) hypertension,atorvastatin,WBC,5.39
18a8b3d1-515f-40d9-9526-50fe13473bcd,15bccf59-6cd0-4035-98b6-837864bebf57,2020-04-12,I10,Essential (primary) hypertension,atorvastatin,Cholesterol,156.52
3930971e-046b-4f1a-8410-6c7af6ba8d24,15bccf59-6cd0-4035-98b6-837864bebf57,2023-06-27,R51,Headache,metformin,WBC,3.03
9d631193-f1eb-4746-9f15-e920e135e961,3761a5c2-1c2b-4d7e-b101-fd8f6bb46caf,2020-03-18,M54,Back pain,ibuprofen,WBC,9.39
b8b63eb1-07f5-418b-9291-6e04e09bd553,a8cc11be-25b4-458c-a94e-01db29a3291a,2021-01-09,R51,Headache,albuterol,Cholesterol,226.21
d023c5e9-559a-4a14-8be9-c414786eba02,9fe21c16-f172-4cf5-b253-110505eb4a16,2018-07-24,J45,Asthma,sertraline,WBC,10.9
abf72118-730e-415a-b508-a9540476b563,9fe21c16-f172-4cf5-b253-110505eb4a16,2016-04-14,I10,Essential (primary) hypertension,albuterol,Cholesterol,198.04
7d886f29-f49b-494c-837b-861eb2d0d785,54c7f133-1500-412b-b0a2-da58c53b9f6a,2019-01-04,J45,Asthma,ibuprofen,Cholesterol,159.08
7ad47eb3-d451-4cc1-b050-9b9e78da3293,54c7f133-1500-412b-b0a2-da58c53b9f6a,2023-04-05,E11,Type 2 diabetes mellitus,albuterol,Cholesterol,293.87
1ea4e620-9b22-4792-8a05-ff90aeca456d,54c7f133-1500-412b-b0a2-da58c53b9f6a,2022-01-24,I10,Essential (primary) hypertension,atorvastatin,Cholesterol,123.16
99657ad4-7458-414a-9e1a-bce3754584d6,54c7f133-1500-412b-b0a2-da58c53b9f6a,2020-07-02,J45,Asthma,atorvastatin,HbA1c,7.8
474f47f4-2494-426b-ac2a-b88f8497c8f4,f4f00110-b3cc-4768-9dbd-07670a2e6039,2017-10-23,I10,Essential (primary) hypertension,sertraline,Cholesterol,220.21
bdba761f-e227-43f0-979a-3ec7ee2dcd51,f4f00110-b3cc-4768-9dbd-07670a2e6039,2018-01-03,I10,Essential (primary) hypertension,metformin,Creatinine,0.83
9d2e022f-8cc2-4f7a-b8fb-cdbfe7a81021,f4f00110-b3cc-4768-9dbd-07670a2e6039,2023-04-20,F32,Major depressive disorder,metformin,Creatinine,0.82
b3d1cb70-366c-468f-b8bc-a7921757fd35,f4f00110-b3cc-4768-9dbd-07670a2e6039,2022-02-25,F32,Major depressive disorder,sertraline,Cholesterol,185.04
5b8b23e1-8494-44cf-8817-303e113d6c5f,68d83cd5-2ed3-468d-a838-cc8557e4b239,2025-02-06,J45,Asthma,sertraline,WBC,6.06
0ec45269-1ed2-4973-85fa-5954e9356f55,68d83cd5-2ed3-468d-a838-cc8557e4b239,2016-07-14,E11,Type 2 diabetes mellitus,albuterol,Cholesterol,181.96
c484a95f-3880-48b6-bb6c-954dc4b07d1e,68d83cd5-2ed3-468d-a838-cc8557e4b239,2019-04-18,I10,Essential (primary) hypertension,ibuprofen,WBC,10.02
82f34dc9-89aa-4f80-ac5d-06e8c56e2f9c,9e6dbb9b-701a-4071-a524-e609f97dcb82,2018-11-01,M54,Back pain,albuterol,WBC,8.44
5ffc9ae4-914b-466a-b0a9-19ad7b629a6a,1fecfabb-d699-4481-a735-4887d5173f30,2017-08-12,E11,Type 2 diabetes mellitus,sertraline,HbA1c,11.91
517f3e9c-c410-41c4-b5f2-cbf368b3aa6e,7686da3d-535b-470a-9ef0-41f1bba5635f,2021-10-04,M54,Back pain,metformin,HbA1c,9.43
c639bb4d-292a-430f-ab3f-97ca7237f9ac,7686da3d-535b-470a-9ef0-41f1bba5635f,2021-08-26,M54,Back pain,lisinopril,WBC,10.54
d31bacc3-70dd-4522-b17e-b2ef00e83c1a,7686da3d-535b-470a-9ef0-41f1bba5635f,2021-04-11,R51,Headache,lisinopril,Creatinine,1.68
273af8a9-672b-4873-a215-a3282abcb1dd,7312bba9-7117-46f5-9317-2a7625a9129a,2021-12-30,F32,Major depressive disorder,lisinopril,WBC,11.46
37e0d660-362e-429a-b54a-cdfa58290cbb,7312bba9-7117-46f5-9317-2a7625a9129a,2025-04-23,E11,Type 2 diabetes mellitus,ibuprofen,HbA1c,9.26
6c51162f-93f3-4c42-a760-b66e93d8646d,7312bba9-7117-46f5-9317-2a7625a9129a,2016-11-02,F32,Major depressive disorder,metformin,WBC,5.55
50cc5bee-b3b4-4554-baa6-58f3a6487c1d,0cea7ff7-af97-464f-9de3-5869d33911d7,2023-02-18,R51,Headache,atorvastatin,WBC,3.3
ea14d300-e47d-4e34-b0cb-753f87626653,31d3a7e6-e0b0-49e5-89c7-4d71139ab1f0,2016-08-05,F32,Major depressive disorder,atorvastatin,Cholesterol,126.24
fcd1bba6-b28e-4ec6-acef-1d52b909f296,ac38cbfe-c7e5-49c9-a307-376f86b7a681,2016-01-18,E11,Type 2 diabetes mellitus,metformin,HbA1c,9.29
b7fd5c08-1b98-4c10-8202-b5d4472a9c12,ac38cbfe-c7e5-49c9-a307-376f86b7a681,2017-10-28,R51,Headache,sertraline,HbA1c,4.64
adbd4341-6e7c-4996-9d4b-0f835588d5a1,ac38cbfe-c7e5-49c9-a307-376f86b7a681,2016-05-27,M54,Back pain,ibuprofen,WBC,3.86
fc4b2f2f-111c-4b8f-87e7-b02ed2d358bc,a5ba4612-7f96-49f9-bb46-6ea2ada04786,2016-10-28,F32,Major depressive disorder,lisinopril,Creatinine,1.66
f17f696a-a116-4d9e-b8ec-6a593b028032,a5ba4612-7f96-49f9-bb46-6ea2ada04786,2020-12-11,M54,Back pain,atorvastatin,HbA1c,7.37
2e6585c1-0ce9-4a4f-b119-ddc43926d995,a5ba4612-7f96-49f9-bb46-6ea2ada04786,2020-07-26,I10,Essential (primary) hypertension,metformin,Creatinine,1.95
854bc090-c21c-42dd-ab83-ec84e516f999,a5ba4612-7f96-49f9-bb46-6ea2ada04786,2019-04-02,F32,Major depressive disorder,sertraline,Creatinine,1.09
d1204db3-f9fa-4bf1-81fc-67229e49afd8,a5ba4612-7f96-49f9-bb46-6ea2ada04786,2023-03-22,F32,Major depressive disorder,ibuprofen,Creatinine,1.17
38e19b8c-15a5-43da-af62-626031c19b9d,c0719f70-6dae-475a-a468-1937251de7ab,2020-01-12,I10,Essential (primary) hypertension,sertraline,HbA1c,13.93
348e04e5-3ee3-4f6f-b13c-85bccd39ef13,c0719f70-6dae-475a-a468-1937251de7ab,2017-07-21,F32,Major depressive disorder,albuterol,HbA1c,8.8
9f81540b-d654-4a71-a920-85d20fa56d43,c0719f70-6dae-475a-a468-1937251de7ab,2019-03-27,E11,Type 2 diabetes mellitus,sertraline,WBC,7.02
71343957-7056-4275-9306-295fa5652020,c0719f70-6dae-475a-a468-1937251de7ab,2020-05-14,M54,Back pain,metformin,Creatinine,0.93
827966b9-195f-4e79-b2f2-789aa4491792,c0719f70-6dae-475a-a468-1937251de7ab,2016-08-19,R51,Headache,metformin,HbA1c,9.83
0407cc24-a41f-40a9-89ba-5f540b85f8de,3c27954a-fef6-498d-b769-ec6845491fbd,2016-01-06,F32,Major depressive disorder,ibuprofen,WBC,3.75
dab166ec-49bf-4795-838e-faecdeb8d397,3c27954a-fef6-498d-b769-ec6845491fbd,2021-03-11,M54,Back pain,sertraline,WBC,3.53
8b8ba4b8-a62b-48f5-8b81-d362de1fdaa5,840ac9c7-0008-4d0a-8b39-24b8f83893c3,2022-11-20,F32,Major depressive disorder,albuterol,Creatinine,1.73
d7c8d5b3-d9df-4a66-ae92-069cf7429866,840ac9c7-0008-4d0a-8b39-24b8f83893c3,2025-04-21,J45,Asthma,atorvastatin,Cholesterol,274.29
79574969-54be-4fe4-8cdf-6da904b95ad1,840ac9c7-0008-4d0a-8b39-24b8f83893c3,2022-09-15,R51,Headache,lisinopril,Cholesterol,209.12
9637203f-3082-4b9c-ae5d-45484164e69f,840ac9c7-0008-4d0a-8b39-24b8f83893c3,2022-03-15,R51,Headache,lisinopril,Creatinine,1.14
9b8d994b-7411-43b0-9eef-8217b66b4f24,7b3d06cc-db68-419f-916e-1e0091af2bce,2019-12-11,M54,Back pain,atorvastatin,HbA1c,13.25
a98c8f21-4517-47e2-8368-013651f5f6ef,7b3d06cc-db68-419f-916e-1e0091af2bce,2020-12-09,R51,Headache,metformin,Cholesterol,125.46
d2f57a1f-09ec-4127-859d-e4fb45aeddf7,7b3d06cc-db68-419f-916e-1e0091af2bce,2025-07-24,I10,Essential (primary) hypertension,ibuprofen,HbA1c,6.08
5120b439-1605-4ea2-8113-5ac9ecd45edc,7b3d06cc-db68-419f-916e-1e0091af2bce,2020-10-21,E11,Type 2 diabetes mellitus,metformin,Cholesterol,199.04
201a71a7-9bc4-4b2a-9df2-34e9be85918d,329ae8f4-247a-4897-931c-bb15849a9154,2020-04-01,I10,Essential (primary) hypertension,atorvastatin,Cholesterol,179.88
971e3fc9-7762-4ff9-b80d-eb198dc52b72,329ae8f4-247a-4897-931c-bb15849a9154,2022-05-21,E11,Type 2 diabetes mellitus,sertraline,Creatinine,1.55
4649b194-024e-45b9-955a-dc437411195f,329ae8f4-247a-4897-931c-bb15849a9154,2015-11-04,R51,Headache,albuterol,Creatinine,1.38
26155ca2-34e7-4acb-88ef-3c2659f9f459,329ae8f4-247a-4897-931c-bb15849a9154,2021-07-18,M54,Back pain,atorvastatin,WBC,4.27
5fa78db0-04c1-4b48-8623-181579e59ed4,329ae8f4-247a-4897-931c-bb15849a9154,2019-11-05,R51,Headache,lisinopril,Creatinine,1.23
60b901eb-80d5-460c-8be7-04eb7d1df09e,dd20046f-8339-472e-916c-47a4112d7c22,2020-06-02,F32,Major depressive disorder,lisinopril,Creatinine,1.88
7808799a-aea8-445c-846a-258a0ed1fca2,dd20046f-8339-472e-916c-47a4112d7c22,2017-08-21,I10,Essential (primary) hypertension,lisinopril,Cholesterol,101.96
94361b7c-d85f-4175-83c2-16c95de6bf1c,dd20046f-8339-472e-916c-47a4112d7c22,2021-01-16,I10,Essential (primary) hypertension,lisinopril,Cholesterol,113.41
f6eed361-e285-4230-8ea6-2038db7d33cc,5d2fe0fe-3647-4f75-be68-032738f41c09,2022-03-20,R51,Headache,lisinopril,WBC,9.25
5e9e00a9-ec5e-49ac-93fd-67741be51131,e9990e4a-167a-4b54-a442-3d86754916ee,2020-07-27,J45,Asthma,metformin,HbA1c,10.44
866bb97d-8ac0-4125-b8c1-1893cc3b475d,e9990e4a-167a-4b54-a442-3d86754916ee,2019-01-18,I10,Essential (primary) hypertension,metformin,Creatinine,1.42
0ac027bc-27e3-47f8-b459-b7389b8fd961,e9990e4a-167a-4b54-a442-3d86754916ee,2015-10-22,I10,Essential (primary) hypertension,albuterol,HbA1c,13.31
7ea66dd1-87c7-48d5-8e0f-8cb69e85c25e,e9990e4a-167a-4b54-a442-3d86754916ee,2022-08-20,J45,Asthma,sertraline,Creatinine,0.99
8a8eec1b-a99e-4ccd-981d-b52ecb6d6063,e9990e4a-167a-4b54-a442-3d86754916ee,2017-02-10,F32,Major depressive disorder,albuterol,WBC,3.7
5b6d72de-fa7b-4e52-afdd-576a41a352eb,77899f57-9188-4f6e-848e-4e7905a750ad,2024-07-23,R51,Headache,lisinopril,Creatinine,0.69
bbd2b0f1-6c18-4575-aa11-8870f931e042,77899f57-9188-4f6e-848e-4e7905a750ad,2019-05-24,E11,Type 2 diabetes mellitus,lisinopril,Cholesterol,166.03
2bd7d4e9-5096-4348-8f9a-157b1138a50e,ce0cc66b-616f-4ac3-b35e-17a4eb480e36,2018-12-06,J45,Asthma,atorvastatin,Cholesterol,141.86
5a5846ee-9491-4ddd-8de3-087c6fd13ec3,ce0cc66b-616f-4ac3-b35e-17a4eb480e36,2025-09-07,I10,Essential (primary) hypertension,lisinopril,HbA1c,13.33
7b67c25a-4738-4f20-801e-17a6bf2f2de3,ce0cc66b-616f-4ac3-b35e-17a4eb480e36,2018-10-26,I10,Essential (primary) hypertension,lisinopril,WBC,7.28
2784a160-95e0-485b-b92b-2b980cc1691e,ce0cc66b-616f-4ac3-b35e-17a4eb480e36,2025-09-16,J45,Asthma,metformin,HbA1c,5.8
ac21d922-15d5-4e7f-bdd0-ea8929a328eb,ce0cc66b-616f-4ac3-b35e-17a4eb480e36,2016-08-29,F32,Major depressive disorder,sertraline,Cholesterol,165.42
33cecca2-e8d2-4cfc-bb3f-2da4cced4b0a,459ff22d-17f9-4e88-be60-34659f89c0ce,2017-03-11,E11,Type 2 diabetes mellitus,lisinopril,Cholesterol,175.46
6cb73b5d-be4b-4a0a-80ec-9e453970641c,459ff22d-17f9-4e88-be60-34659f89c0ce,2021-05-22,R51,Headache,sertraline,Creatinine,0.9
34680b1f-ec27-459c-876c-69c4d9369e33,459ff22d-17f9-4e88-be60-34659f89c0ce,2019-11-10,J45,Asthma,ibuprofen,HbA1c,12.89
f0c2d046-de1f-462a-b545-cf22e5591759,459ff22d-17f9-4e88-be60-34659f89c0ce,2016-04-08,I10,Essential (primary) hypertension,lisinopril,Creatinine,1.54
3fe69321-d1b4-4893-a771-15a7bcc4cd8a,459ff22d-17f9-4e88-be60-34659f89c0ce,2016-04-17,F32,Major depressive disorder,ibuprofen,Cholesterol,198.02
beb2fae5-25da-416c-9220-fcec8c546115,963259e1-4981-4539-ba3b-164de7dab5eb,2018-01-10,E11,Type 2 diabetes mellitus,ibuprofen,Cholesterol,230.42
fc32740d-b2a9-4e3f-9315-ba1c8460bfa1,963259e1-4981-4539-ba3b-164de7dab5eb,2023-09-19,E11,Type 2 diabetes mellitus,albuterol,Cholesterol,254.15
47d08309-c644-4899-8a72-3a58b262b62e,963259e1-4981-4539-ba3b-164de7dab5eb,2021-10-31,R51,Headache,sertraline,WBC,8.55
e33ca81b-a3fc-4c19-b7ba-b241f9118538,7dfe8069-7559-483f-807c-9cd8ab2a574e,2021-06-04,J45,Asthma,lisinopril,HbA1c,6.36
b9862fc6-fd80-494d-8b2e-3ab3c76f91a3,7dfe8069-7559-483f-807c-9cd8ab2a574e,2021-08-31,M54,Back pain,lisinopril,HbA1c,10.07
cd53e86c-f7aa-4af9-a3e8-a1eb5cd19385,814bd3c6-e6ad-4439-a3d2-eaecc99f036c,2024-08-28,J45,Asthma,albuterol,HbA1c,10.26
665d54c2-64e1-426c-ba64-bdc149fd6da5,814bd3c6-e6ad-4439-a3d2-eaecc99f036c,2025-05-03,R51,Headache,albuterol,Cholesterol,179.66
4646f890-ba91-4424-8ea4-bd63c6d5cb33,814bd3c6-e6ad-4439-a3d2-eaecc99f036c,2017-11-30,R51,Headache,albuterol,Creatinine,1.4
2d4e28e6-101f-414a-ab51-a0fc4cbc9753,b78f7b2c-e36b-4b5e-84f3-c651e7d55921,2016-06-24,E11,Type 2 diabetes mellitus,atorvastatin,Cholesterol,299.45
deb4de8e-eec8-41d4-a573-37a1e314a299,b78f7b2c-e36b-4b5e-84f3-c651e7d55921,2018-08-16,F32,Major depressive disorder,sertraline,WBC,7.26
fe884d1a-7ace-4839-9fa4-530a5b7f3c37,b78f7b2c-e36b-4b5e-84f3-c651e7d55921,2015-11-26,R51,Headache,ibuprofen,HbA1c,4.86
181d0d32-570c-4232-8fc9-25262c2c29d9,b78f7b2c-e36b-4b5e-84f3-c651e7d55921,2025-05-22,M54,Back pain,atorvastatin,WBC,9.35
83a3de2f-f727-433f-92ca-24aff1d1d6a2,b78f7b2c-e36b-4b5e-84f3-c651e7d55921,2023-09-24,I10,Essential (primary) hypertension,metformin,Cholesterol,266.81
bd541e8d-f72c-4806-b887-c1dd717a43d2,ef046231-06cb-45bc-9303-2852e598e0e3,2025-01-31,F32,Major depressive disorder,atorvastatin,HbA1c,7.49
f74681c1-8da8-494b-aa52-336be4a65dfa,83f40ca9-95ad-4f6e-9ff1-a7612da65ae2,2022-08-08,I10,Essential (primary) hypertension,atorvastatin,HbA1c,7.66
5b6aa59e-97cf-4ea0-8ec1-e6ed938ee56c,83f40ca9-95ad-4f6e-9ff1-a7612da65ae2,2018-03-06,J45,Asthma,atorvastatin,WBC,11.15
adc6d3e4-e7b0-4958-8efe-b39673e36421,83f40ca9-95ad-4f6e-9ff1-a7612da65ae2,2019-02-18,R51,Headache,albuterol,HbA1c,13.44
7aabb707-a4d1-43e4-9093-076157b2759c,83f40ca9-95ad-4f6e-9ff1-a7612da65ae2,2021-03-11,F32,Major depressive disorder,atorvastatin,HbA1c,5.12
5d018cc0-36d0-418b-a437-34710ba0be83,83f40ca9-95ad-4f6e-9ff1-a7612da65ae2,2016-06-17,M54,Back pain,lisinopril,Creatinine,0.53
1d49da17-7429-42a7-aad9-bc13ada89629,5fe4ce4a-0bb2-4c4f-a664-9e501807117b,2025-03-19,J45,Asthma,ibuprofen,WBC,9.2
4b393fad-52f6-460b-b7c1-a8245be87b62,5fe4ce4a-0bb2-4c4f-a664-9e501807117b,2021-02-14,I10,Essential (primary) hypertension,atorvastatin,HbA1c,7.46
bb4b2a7a-317b-4d3e-8dd5-805c1c6181dd,5fe4ce4a-0bb2-4c4f-a664-9e501807117b,2019-06-05,J45,Asthma,metformin,Creatinine,1.15
d186527a-1555-46a8-bcfb-f63d4bf02bb6,5fe4ce4a-0bb2-4c4f-a664-9e501807117b,2016-05-03,R51,Headache,metformin,Cholesterol,117.63
99b10287-2ddd-4a11-a4fc-ecf455011a4c,b97399bb-8bab-44c1-862c-683d1dd22bc5,2023-09-01,R51,Headache,metformin,WBC,5.86
8b30a65f-45c8-4c72-8248-929202069a93,7e25d5d3-b7de-4fb7-9d90-f82d20673b12,2017-02-11,I10,Essential (primary) hypertension,metformin,WBC,8.74
fdce7c70-3d3c-4dfe-8d5b-fc7f92354c2c,f6f53b6f-75df-44fe-a977-ed5cd89aca63,2024-10-20,R51,Headache,lisinopril,Creatinine,1.74
0d7dc464-46a6-4208-bd28-b07fcff10ca0,f6f53b6f-75df-44fe-a977-ed5cd89aca63,2018-07-06,I10,Essential (primary) hypertension,atorvastatin,WBC,5.79
73ff0caf-0cc0-4f57-8d10-3cd42375c301,f6f53b6f-75df-44fe-a977-ed5cd89aca63,2021-06-17,R51,Headache,albuterol,WBC,5.51
0aea251f-255b-4161-850f-a3f0cb4a330d,f6f53b6f-75df-44fe-a977-ed5cd89aca63,2019-05-18,J45,Asthma,sertraline,WBC,10.52
2dff9b9a-69b7-4138-b65c-c833db16c77f,fb32357f-cab0-4f84-bc00-796bdce9e708,2015-10-21,I10,Essential (primary) hypertension,lisinopril,Creatinine,0.81
2872eb1c-ea84-46d5-8b0f-6e4557057981,fb32357f-cab0-4f84-bc00-796bdce9e708,2020-10-13,J45,Asthma,metformin,Cholesterol,171.03
e3010366-660a-48d6-9f46-10c7fdcd2b86,fb32357f-cab0-4f84-bc00-796bdce9e708,2021-08-20,J45,Asthma,atorvastatin,Cholesterol,265.9
f29baafe-18b9-4d04-bbb4-df0fee0b0cea,3010eb78-d406-4ef6-b92b-1f2a67fbca0a,2025-04-20,M54,Back pain,sertraline,WBC,7.84
6fa257b9-cd53-4779-9328-697044d44d6f,3010eb78-d406-4ef6-b92b-1f2a67fbca0a,2023-05-09,R51,Headache,sertraline,Creatinine,1.43
410213ae-a6a7-4ea6-9dd5-54868011354e,e3499106-ce26-41ec-8b0b-12515b900e9d,2023-05-22,J45,Asthma,atorvastatin,Creatinine,0.55
c34ba215-64b8-435f-a133-e41bb92350e1,e3499106-ce26-41ec-8b0b-12515b900e9d,2017-01-15,I10,Essential (primary) hypertension,albuterol,WBC,7.21
7c422076-905d-4727-bc2f-5e3352d3ba16,e3499106-ce26-41ec-8b0b-12515b900e9d,2025-05-12,E11,Type 2 diabetes mellitus,ibuprofen,WBC,7.28
e7b6251f-b614-4a61-9d71-689903b5c97e,33aef435-6251-4bdb-9eb6-6d7b48c8b8d0,2019-02-18,J45,Asthma,albuterol,Cholesterol,231.66
bf7ddfbb-8ba7-4f4f-bc21-9ba84d3ab24c,33aef435-6251-4bdb-9eb6-6d7b48c8b8d0,2025-05-02,J45,Asthma,atorvastatin,HbA1c,10.48
afcdab2a-d7ff-435b-a7ff-1dd74308018d,33aef435-6251-4bdb-9eb6-6d7b48c8b8d0,2015-12-19,E11,Type 2 diabetes mellitus,lisinopril,Cholesterol,195.1
8860d943-f3a3-4a6b-9143-4ada0eb63162,33aef435-6251-4bdb-9eb6-6d7b48c8b8d0,2021-12-08,R51,Headache,metformin,WBC,11.22
d4a1462e-9a55-4aa0-bc1f-f3b884e5ca5c,9f8a497a-7c44-41e6-b7ce-16364bd0d6cd,2023-11-21,F32,Major depressive disorder,ibuprofen,WBC,9.77
d48bf0f2-f653-4fc9-92e2-24fa30f7a44c,9f8a497a-7c44-41e6-b7ce-16364bd0d6cd,2020-10-15,M54,Back pain,sertraline,Cholesterol,246.19
e5174bc6-eff9-47a1-8a52-464d10da5e69,9f8a497a-7c44-41e6-b7ce-16364bd0d6cd,2020-05-27,I10,Essential (primary) hypertension,albuterol,Creatinine,1.36
ad134e33-8cb0-463f-9d6f-1c9f4d8f383f,2fd00f31-1f90-4bb5-85b4-87b87252c081,2018-02-07,F32,Major depressive disorder,albuterol,HbA1c,13.72
47781bc1-0e3a-4e8c-a183-33cff62aa852,2fd00f31-1f90-4bb5-85b4-87b87252c081,2015-11-16,I10,Essential (primary) hypertension,ibuprofen,HbA1c,8.5
4c9628e4-8e4e-4377-850c-59a0ac451e3b,2fd00f31-1f90-4bb5-85b4-87b87252c081,2017-01-12,J45,Asthma,ibuprofen,Cholesterol,218.62
c483c5bf-4362-41f9-9bcf-4b54505a3dbb,2fd00f31-1f90-4bb5-85b4-87b87252c081,2023-11-16,M54,Back pain,lisinopril,Creatinine,1.82
0b560447-5e25-4e44-aeec-eb8dd393e783,7dae057e-6c21-42c2-939f-e49e9b729f2d,2023-06-28,M54,Back pain,lisinopril,WBC,8.97
2bb045b2-9ccd-499d-b0af-31488b20c884,7dae057e-6c21-42c2-939f-e49e9b729f2d,2016-11-14,E11,Type 2 diabetes mellitus,metformin,Creatinine,1.67
c24ae2ca-2967-4e3b-a41d-348a2688535a,7dae057e-6c21-42c2-939f-e49e9b729f2d,2024-02-16,J45,Asthma,sertraline,Cholesterol,133.07
ecdd12ce-09c4-43d3-be30-3e7970338b11,7dae057e-6c21-42c2-939f-e49e9b729f2d,2025-09-14,R51,Headache,lisinopril,WBC,10.95
795a37fc-b769-43b1-b0fd-ba78ea739e6c,7dae057e-6c21-42c2-939f-e49e9b729f2d,2022-05-02,J45,Asthma,metformin,WBC,5.13
214756b6-c050-492a-89d1-b55bcb015992,9e1581d1-3605-4b53-ac9d-2a1711bdd38f,2020-10-25,E11,Type 2 diabetes mellitus,atorvastatin,WBC,4.39
9fb73621-1147-40e1-bb16-fee05c47e353,9e1581d1-3605-4b53-ac9d-2a1711bdd38f,2019-06-27,J45,Asthma,metformin,Cholesterol,131.87
1c4a8a2f-d9ef-47d0-9568-af0d38cac6b2,7a12ccaf-c706-453b-96ab-2502592fe9c0,2020-06-07,M54,Back pain,atorvastatin,Cholesterol,239.76
4f05644c-2578-4b40-a655-71da5b686fca,7f821ee7-79ac-4893-89a0-c91fa8ce6e2a,2018-03-21,F32,Major depressive disorder,sertraline,WBC,9.87
dfdaa67d-9b6c-4825-80be-cadd36951e86,7f821ee7-79ac-4893-89a0-c91fa8ce6e2a,2024-08-21,F32,Major depressive disorder,lisinopril,Creatinine,1.62
556ff300-ee1e-4131-baf7-24a246ca5a23,7f821ee7-79ac-4893-89a0-c91fa8ce6e2a,2024-03-20,F32,Major depressive disorder,albuterol,Creatinine,1.71
a583fe40-e668-47b5-bb48-25ae3d213f09,7f821ee7-79ac-4893-89a0-c91fa8ce6e2a,2017-07-10,F32,Major depressive disorder,ibuprofen,Cholesterol,206.82
890520a8-d601-4819-980b-c51bdf381df5,135d611b-7448-4561-9c0e-145dd54c0995,2020-03-27,R51,Headache,atorvastatin,HbA1c,6.61
5e2ff79c-113b-44ed-8760-fe42abfebb8f,135d611b-7448-4561-9c0e-145dd54c0995,2018-11-21,I10,Essential (primary) hypertension,lisinopril,Creatinine,0.98
e50cdfde-4f0b-4b4b-be3e-b66c6943b699,135d611b-7448-4561-9c0e-145dd54c0995,2020-02-03,E11,Type 2 diabetes mellitus,ibuprofen,Cholesterol,282.92
201df755-c9a4-4a5a-aac6-cdce02b0d8ce,da5456d5-5d4c-4660-a400-2f506789b2ff,2024-03-01,F32,Major depressive disorder,lisinopril,HbA1c,6.51
d1503e5b-7b70-4cd4-a62a-240ab91cf35a,da5456d5-5d4c-4660-a400-2f506789b2ff,2020-10-30,E11,Type 2 diabetes mellitus,albuterol,Cholesterol,230.81
ba971c34-0987-467e-9625-233f149fdce7,6d2d5f57-d680-401c-bb04-6637db7ff6b6,2024-01-09,J45,Asthma,albuterol,Cholesterol,235.05
20b5ac17-4ca3-4ee3-8313-aa86c044b90b,6d2d5f57-d680-401c-bb04-6637db7ff6b6,2020-04-28,E11,Type 2 diabetes mellitus,albuterol,Cholesterol,135.9
c7acbc7c-eba1-4b28-b04a-bc60668d789e,6d2d5f57-d680-401c-bb04-6637db7ff6b6,2021-03-31,R51,Headache,ibuprofen,HbA1c,8.92
102b89ab-752f-43dc-864f-5024ff607dfc,6d2d5f57-d680-401c-bb04-6637db7ff6b6,2024-10-14,J45,Asthma,atorvastatin,HbA1c,10.73
9bbc8d1c-e9e6-4a2d-94df-bac8b07311bb,e71d3a4e-e905-4660-a2b4-fd618dba722a,2016-09-13,E11,Type 2 diabetes mellitus,lisinopril,Creatinine,0.61
a0906e60-ae9d-4356-85bf-e1ceb7f4ec50,e71d3a4e-e905-4660-a2b4-fd618dba722a,2020-01-11,F32,Major depressive disorder,atorvastatin,Cholesterol,102.32
1b7cc22e-5b28-48ab-b10f-854cd388d1d0,e71d3a4e-e905-4660-a2b4-fd618dba722a,2018-05-19,R51,Headache,sertraline,Cholesterol,254.27
9e6a852f-8a3a-4a59-af08-70b4a9521c0c,e71d3a4e-e905-4660-a2b4-fd618dba722a,2022-04-26,F32,Major depressive disorder,albuterol,HbA1c,10.23
b77098df-a2b0-4648-8c20-1d61666c3930,9ce87013-a76b-4304-ab20-b575c5b982ca,2020-01-31,J45,Asthma,sertraline,Creatinine,1.75
f7ea60e3-2dee-4e21-9d50-e5195c19298f,9ce87013-a76b-4304-ab20-b575c5b982ca,2021-08-15,E11,Type 2 diabetes mellitus,lisinopril,Cholesterol,206.34
d84c1343-d312-48cb-83ab-32bbd5ed01ef,9ce87013-a76b-4304-ab20-b575c5b982ca,2021-05-31,R51,Headache,metformin,WBC,3.06
c3d66e2c-b832-410f-9b01-c96308b13210,9ce87013-a76b-4304-ab20-b575c5b982ca,2017-10-11,M54,Back pain,albuterol,WBC,7.63
30a9407c-17ae-4e5d-8c81-78f4fc235b45,0c409baa-a466-4cdd-b1f7-6fcb39b2852d,2017-07-21,F32,Major depressive disorder,sertraline,HbA1c,8.92
60c38ed5-d0e9-4803-b407-1564ac9ec3f8,0c409baa-a466-4cdd-b1f7-6fcb39b2852d,2025-04-07,E11,Type 2 diabetes mellitus,sertraline,Cholesterol,173.42
cefc9dc6-0af0-4404-b700-a3f535c67cef,0c409baa-a466-4cdd-b1f7-6fcb39b2852d,2015-09-28,M54,Back pain,atorvastatin,Creatinine,0.8
de23a1bc-330a-4b60-9971-fc7a9a32f877,0c409baa-a466-4cdd-b1f7-6fcb39b2852d,2021-12-05,R51,Headache,albuterol,HbA1c,9.66
2878e358-43ba-4d55-a5ba-e81b8183a283,0c409baa-a466-4cdd-b1f7-6fcb39b2852d,2023-09-16,J45,Asthma,albuterol,Cholesterol,103.5
eb0093d5-0c49-437a-bb80-80ba5c417c58,f6e8560c-c95a-4cd3-b564-0194b5f61042,2022-05-17,R51,Headache,metformin,HbA1c,7.89
ac13b444-2546-4367-b884-dfce18e88da6,f6e8560c-c95a-4cd3-b564-0194b5f61042,2025-04-21,M54,Back pain,atorvastatin,Cholesterol,149.73
867e5aed-fa73-44be-b073-7242acd245d6,f6e8560c-c95a-4cd3-b564-0194b5f61042,2024-10-08,M54,Back pain,metformin,WBC,9.54
005c6e2f-7ccb-4281-ab7a-31a6633cdfb0,2d4ceb39-4f70-4cf7-9d1b-2342e237c9fa,2020-11-17,J45,Asthma,albuterol,Cholesterol,237.8
04c93dfe-d89e-4858-85b9-33c2f1f38a88,2d4ceb39-4f70-4cf7-9d1b-2342e237c9fa,2022-12-23,R51,Headache,ibuprofen,Cholesterol,108.13
55832d14-0db3-4c1d-aa9a-f97f3596edee,2d4ceb39-4f70-4cf7-9d1b-2342e237c9fa,2022-01-19,J45,Asthma,metformin,WBC,8.48
1ef7fefb-053f-453c-a44e-1e281378a21f,2d4ceb39-4f70-4cf7-9d1b-2342e237c9fa,2017-08-06,R51,Headache,metformin,Cholesterol,202.53
4b9f5aac-f96d-4bac-86e8-67fde121ce59,877a6c9b-ba3d-4c9e-b947-cb01d14abe3a,2021-12-04,R51,Headache,atorvastatin,Creatinine,1.08
9a64ec20-32da-4fa3-9862-31ef42237ce5,a47c4e62-b03d-4f6f-a642-c9c968e556df,2023-08-26,R51,Headache,albuterol,HbA1c,12.45
1ecab910-b4c4-4d78-bef3-279475552991,9048e4e8-deec-4ecc-a647-ebe466600eb5,2024-05-29,I10,Essential (primary) hypertension,ibuprofen,Creatinine,1.99
ef6b49e4-c00d-451e-a652-94380488a03c,9048e4e8-deec-4ecc-a647-ebe466600eb5,2018-10-23,M54,Back pain,ibuprofen,WBC,9.25
aa19b22a-479c-4911-89da-729a20030429,9048e4e8-deec-4ecc-a647-ebe466600eb5,2025-03-01,J45,Asthma,ibuprofen,Cholesterol,143.04
38002e68-4824-4a07-a2df-51c64f173d76,9048e4e8-deec-4ecc-a647-ebe466600eb5,2020-10-24,J45,Asthma,atorvastatin,WBC,5.49
3af7dedf-a480-4589-a460-4510dd68a52b,566c54f4-0ac1-4f89-99a8-9097bd56f9c1,2018-12-07,F32,Major depressive disorder,lisinopril,Creatinine,0.84
1b645106-c225-4d0e-860b-007be1c41ad4,b876589f-1ff5-466a-9552-cf5014bed18c,2023-05-23,E11,Type 2 diabetes mellitus,sertraline,WBC,5.47
0427ad64-19d5-403a-a4c1-e1b43c37c2bb,b876589f-1ff5-466a-9552-cf5014bed18c,2020-07-11,M54,Back pain,atorvastatin,Creatinine,0.56
d463b1f8-467f-48cb-b95a-ea2eb2402736,b876589f-1ff5-466a-9552-cf5014bed18c,2023-03-12,E11,Type 2 diabetes mellitus,atorvastatin,Creatinine,0.75
1e6b6c65-87c7-45e2-b97e-851579e5ccd0,b876589f-1ff5-466a-9552-cf5014bed18c,2018-11-09,J45,Asthma,atorvastatin,Cholesterol,217.58
836d7c80-c59c-42ba-b589-7a9ee7657796,fdb572fd-441b-455e-923c-9253a1ee45df,2022-01-10,M54,Back pain,sertraline,Cholesterol,285.97
9d7be915-e781-470c-ab42-e355ca7b0de2,fdb572fd-441b-455e-923c-9253a1ee45df,2025-07-28,J45,Asthma,albuterol,Creatinine,0.95
1f52a7c9-57bd-43e3-bedd-92840394ea4a,fdb572fd-441b-455e-923c-9253a1ee45df,2020-09-23,I10,Essential (primary) hypertension,sertraline,Cholesterol,142.13
e50dfb3f-9a35-47d8-891f-15df68b013d5,fdb572fd-441b-455e-923c-9253a1ee45df,2017-11-21,I10,Essential (primary) hypertension,atorvastatin,Cholesterol,151.14
65581c9e-434b-4912-83e5-4ffe2704881b,fdb572fd-441b-455e-923c-9253a1ee45df,2025-05-08,R51,Headache,ibuprofen,HbA1c,10.5
7e67f340-9337-42ac-8fa8-08fb791402d9,3aa637ab-8d4d-46f6-bb8f-fe3fe5c41da8,2021-11-03,E11,Type 2 diabetes mellitus,lisinopril,Creatinine,0.89
c659b848-b582-438f-81dc-82ea3b87cdbe,3aa637ab-8d4d-46f6-bb8f-fe3fe5c41da8,2017-04-17,J45,Asthma,sertraline,Cholesterol,105.91
467d0135-1fab-4518-a16e-81e205034b17,3aa637ab-8d4d-46f6-bb8f-fe3fe5c41da8,2018-09-15,M54,Back pain,lisinopril,Creatinine,1.3
a82714ab-b9b3-4741-8822-549ed21da4c4,3aa637ab-8d4d-46f6-bb8f-fe3fe5c41da8,2021-01-20,E11,Type 2 diabetes mellitus,albuterol,Cholesterol,297.94
962cd63c-ec86-4ff5-af13-b5a8a17d6b8d,3aa637ab-8d4d-46f6-bb8f-fe3fe5c41da8,2021-07-03,M54,Back pain,lisinopril,Cholesterol,221.42
03df4d34-4a1d-4bee-beda-f9a5af261331,677a46e0-8a3e-4df1-999e-8a39041f509b,2024-08-16,F32,Major depressive disorder,lisinopril,WBC,11.93
0598e6db-be52-440c-8af4-5d2273b9d41d,d5d3e42c-90ee-4b70-a6ef-6c3a1ac16846,2022-06-20,I10,Essential (primary) hypertension,lisinopril,Cholesterol,210.01
ea834c72-82d3-44ff-a500-a8642c226a5a,d5d3e42c-90ee-4b70-a6ef-6c3a1ac16846,2021-10-07,I10,Essential (primary) hypertension,sertraline,Creatinine,0.91
f07f2b9f-866f-42f4-a8d2-00fd4fcf6e2b,d5d3e42c-90ee-4b70-a6ef-6c3a1ac16846,2021-08-22,R51,Headache,metformin,Creatinine,1.2
af19e5f6-150c-4947-b9d4-e7aa54ecdef7,d5d3e42c-90ee-4b70-a6ef-6c3a1ac16846,2019-09-28,F32,Major depressive disorder,lisinopril,Cholesterol,198.97
cf0de6a2-ad3c-45b1-b740-0dee79784007,d5d3e42c-90ee-4b70-a6ef-6c3a1ac16846,2020-07-05,J45,Asthma,sertraline,WBC,11.32
b4869aed-6f3e-431c-85b1-11b254c2e4db,fba31654-0a02-42a5-b519-b133f3bbd1c9,2021-03-24,J45,Asthma,metformin,Creatinine,1.62
70f49676-c588-4a21-8c2b-f867b51f38d1,fba31654-0a02-42a5-b519-b133f3bbd1c9,2018-05-10,I10,Essential (primary) hypertension,atorvastatin,HbA1c,8.14
0d5dd94a-2fe0-4776-b0bf-e1f57e8eb61e,9806757b-2261-46c5-bc0f-321b2dfb2721,2021-01-08,F32,Major depressive disorder,lisinopril,HbA1c,10.38
992bef6a-26a4-4a99-9ed4-f0e90112bae6,9806757b-2261-46c5-bc0f-321b2dfb2721,2024-02-28,M54,Back pain,ibuprofen,HbA1c,10.2
45822524-e2ca-4d7e-81e9-e5b30c6e74b3,9806757b-2261-46c5-bc0f-321b2dfb2721,2017-07-03,F32,Major depressive disorder,metformin,Creatinine,1.38
f5ff03ab-808f-4f58-9f97-d442a2c509ce,9806757b-2261-46c5-bc0f-321b2dfb2721,2023-11-06,M54,Back pain,atorvastatin,Cholesterol,236.87
5a3853a4-543c-4a65-8446-a93aadd463b4,90ad6a65-9997-4763-a754-5d4ba0b500fe,2025-06-16,R51,Headache,ibuprofen,Cholesterol,210.41
5c578957-a4bc-46ec-afc9-f93466dc38ef,90ad6a65-9997-4763-a754-5d4ba0b500fe,2016-01-12,I10,Essential (primary) hypertension,lisinopril,Cholesterol,173.81
0b89e4ee-8f98-4278-8f30-23d4849970a7,90ad6a65-9997-4763-a754-5d4ba0b500fe,2015-11-27,I10,Essential (primary) hypertension,lisinopril,Cholesterol,287.43
9e0fe22c-7ad4-4bc1-a0f6-13c206759a75,85c0337f-032c-4562-bf4d-9b88589414df,2022-02-04,I10,Essential (primary) hypertension,albuterol,HbA1c,13.0
7f834d33-ba0e-466d-9eb4-5eeedb010e54,85c0337f-032c-4562-bf4d-9b88589414df,2023-05-24,M54,Back pain,sertraline,Cholesterol,149.01
0ed3fb84-c394-4823-923f-919d78c6d9e8,4e1bc370-3aa2-4378-8408-f309e4cbba2c,2020-09-26,I10,Essential (primary) hypertension,lisinopril,Cholesterol,200.04
af9284d1-35bc-4f04-803a-1e02c527205c,4e1bc370-3aa2-4378-8408-f309e4cbba2c,2024-06-19,M54,Back pain,albuterol,WBC,5.2
2f0dab3b-3bad-4318-ba3d-54c5fc22a735,4e1bc370-3aa2-4378-8408-f309e4cbba2c,2017-08-13,E11,Type 2 diabetes mellitus,metformin,HbA1c,10.98
3260cf99-c325-4813-894d-7b0acad8ddcb,4e1bc370-3aa2-4378-8408-f309e4cbba2c,2021-02-26,M54,Back pain,sertraline,Cholesterol,114.07
605ef579-35fd-447b-88bd-bfeef319aa3a,4e1bc370-3aa2-4378-8408-f309e4cbba2c,2021-01-13,J45,Asthma,atorvastatin,HbA1c,11.3
640db7d7-a130-4772-828b-78c4f7d8827e,43b8815a-23df-4bc1-976b-d86a1d7fdb38,2018-06-16,M54,Back pain,atorvastatin,HbA1c,8.67
cc22b376-ebf1-4785-88dd-a24d1289c55c,43b8815a-23df-4bc1-976b-d86a1d7fdb38,2016-06-06,R51,Headache,metformin,Creatinine,1.7
052c9819-37a0-4eb5-9a31-9fe75d65d8c7,43b8815a-23df-4bc1-976b-d86a1d7fdb38,2016-06-04,R51,Headache,metformin,Creatinine,1.04
72c09125-70ed-4fae-8dd0-1e28b7898520,43b8815a-23df-4bc1-976b-d86a1d7fdb38,2019-12-23,R51,Headache,atorvastatin,Cholesterol,185.72
b9c2dfe8-cdab-4185-8d69-35f10d025ee1,43b8815a-23df-4bc1-976b-d86a1d7fdb38,2024-04-27,E11,Type 2 diabetes mellitus,lisinopril,Creatinine,1.61
40b3215a-c37d-4ecf-ac77-d075d5703c08,92af3142-b225-4b3c-befc-114b1c85cbcd,2017-04-06,E11,Type 2 diabetes mellitus,atorvastatin,WBC,6.3
8d8d47b5-0f19-4e0e-ad9c-4d9a4d37546e,92af3142-b225-4b3c-befc-114b1c85cbcd,2018-05-08,J45,Asthma,lisinopril,WBC,10.16
206e28ff-1736-4918-a2d1-93f06a2af4da,92af3142-b225-4b3c-befc-114b1c85cbcd,2023-05-11,J45,Asthma,metformin,Creatinine,1.43
70724893-06ca-4084-891e-1d2499a0414a,92af3142-b225-4b3c-befc-114b1c85cbcd,2024-11-18,F32,Major depressive disorder,atorvastatin,Cholesterol,250.5
50308b59-fe3c-4304-821f-c3045eb435ce,92af3142-b225-4b3c-befc-114b1c85cbcd,2017-03-23,J45,Asthma,albuterol,Creatinine,1.5
157c79a4-3cfd-4f04-ba58-3ef433843f7b,6f0c1d61-2940-4b2a-a446-f1e51e6478c7,2016-11-18,F32,Major depressive disorder,atorvastatin,Creatinine,1.31
55997ad9-c7b2-4b00-89f1-ad04d1fa8398,6f0c1d61-2940-4b2a-a446-f1e51e6478c7,2019-01-18,E11,Type 2 diabetes mellitus,lisinopril,WBC,7.7
c5217544-395d-405b-bb05-0cf1c5e9de4e,6f0c1d61-2940-4b2a-a446-f1e51e6478c7,2025-06-03,I10,Essential (primary) hypertension,albuterol,Creatinine,1.54
8608e244-d9f0-46a9-bfc4-63e2d736101a,74a3beb8-f5a8-4fe3-aae9-321ed10b2817,2017-09-07,I10,Essential (primary) hypertension,ibuprofen,Creatinine,1.16
d697d989-7c8d-42c2-ba0e-b2f68fb571b0,74a3beb8-f5a8-4fe3-aae9-321ed10b2817,2020-10-12,R51,Headache,albuterol,WBC,9.69
20c55cac-b061-4173-8d4b-cbab98b0cf9d,74a3beb8-f5a8-4fe3-aae9-321ed10b2817,2017-12-01,I10,Essential (primary) hypertension,lisinopril,Creatinine,1.77
d406ca81-c9bb-42a9-b526-428ee59012c7,9497171d-62be-4720-b276-1fe20d36c69b,2018-07-28,I10,Essential (primary) hypertension,metformin,WBC,8.25
eed18d91-e919-490d-9b1b-d09050547daf,9497171d-62be-4720-b276-1fe20d36c69b,2024-01-19,M54,Back pain,metformin,Creatinine,0.98
bf017846-db12-4981-8315-c61f227b488c,9497171d-62be-4720-b276-1fe20d36c69b,2020-01-04,R51,Headache,ibuprofen,Cholesterol,195.39
8fb1d156-571a-4322-b8ca-8f3803cdc8fc,2f3d4ca2-dc0f-4608-984e-4d6cb26107db,2021-11-08,R51,Headache,lisinopril,Creatinine,1.24
7c1654d0-3bc0-4634-9a5a-4cfeab071da3,2f3d4ca2-dc0f-4608-984e-4d6cb26107db,2021-06-22,F32,Major depressive disorder,atorvastatin,WBC,10.84
7db2f415-a043-4fc4-b793-8bf45c1e2d93,5bb5d69b-248c-4465-b2c8-2f2740a3faaa,2023-09-30,F32,Major depressive disorder,sertraline,HbA1c,10.85
4b796fbd-ca08-4104-be6f-c7b1780223f6,5bb5d69b-248c-4465-b2c8-2f2740a3faaa,2024-12-26,J45,Asthma,lisinopril,Creatinine,0.73
05693e93-426b-4cc3-94ad-6825b5dfab31,5bb5d69b-248c-4465-b2c8-2f2740a3faaa,2024-01-12,J45,Asthma,ibuprofen,HbA1c,10.67
a1fd2648-d3d9-4adf-ac64-380779a926b7,5bb5d69b-248c-4465-b2c8-2f2740a3faaa,2021-09-18,F32,Major depressive disorder,sertraline,HbA1c,12.48
14ec4e67-cf01-4e26-a95e-6af7b70dd49b,98fa821e-53f0-4eb4-962e-a15878fd267c,2023-02-25,R51,Headache,lisinopril,Creatinine,1.46
623c5ace-20f5-4785-a1a1-cea9e330cda6,98fa821e-53f0-4eb4-962e-a15878fd267c,2021-03-30,R51,Headache,metformin,Creatinine,1.21
6b9d7888-9a24-439b-adef-b8fa23866081,98fa821e-53f0-4eb4-962e-a15878fd267c,2022-09-02,M54,Back pain,ibuprofen,HbA1c,13.72
227e7144-146f-4fa2-a6f1-07a543b54b5a,98fa821e-53f0-4eb4-962e-a15878fd267c,2025-01-31,F32,Major depressive disorder,ibuprofen,WBC,5.2
8b6bd2fd-cb0c-4f32-a2a6-fede9d073a1c,98fa821e-53f0-4eb4-962e-a15878fd267c,2016-10-09,R51,Headache,lisinopril,WBC,5.06
2d47935a-548d-4f88-b029-d7180700b19e,d9fa30dc-a80e-4383-b294-6b7dc5bae9fc,2023-09-22,E11,Type 2 diabetes mellitus,ibuprofen,Creatinine,1.28
d783395a-3c5e-4d9a-a32a-6b819bc040a0,d9fa30dc-a80e-4383-b294-6b7dc5bae9fc,2024-09-08,R51,Headache,lisinopril,HbA1c,13.11
e42f0169-44b7-48d4-be5b-cc49b562a592,d9fa30dc-a80e-4383-b294-6b7dc5bae9fc,2024-03-24,M54,Back pain,albuterol,HbA1c,6.47
2cac7ec9-61ce-4b68-a14d-a313eafef755,d9fa30dc-a80e-4383-b294-6b7dc5bae9fc,2022-12-23,M54,Back pain,ibuprofen,Cholesterol,192.85
d9e1fcf6-6a65-4283-b638-6ce56bdac1c0,771a8b86-9594-4d3c-9e7b-2fa975e6b5cc,2015-10-29,E11,Type 2 diabetes mellitus,albuterol,HbA1c,6.37
89f1a7ca-067a-46ca-beb3-476d3e1f53d8,771a8b86-9594-4d3c-9e7b-2fa975e6b5cc,2024-05-29,F32,Major depressive disorder,metformin,Cholesterol,139.48
de1d425c-79e5-4daf-ad5d-15ac9e48ddb7,771a8b86-9594-4d3c-9e7b-2fa975e6b5cc,2019-08-19,M54,Back pain,lisinopril,Cholesterol,159.99
93065d0a-02b9-469e-b32e-e032d0795500,771a8b86-9594-4d3c-9e7b-2fa975e6b5cc,2025-08-09,M54,Back pain,sertraline,HbA1c,11.34
690c6c29-ec4c-4f50-b024-9a0b18e25e4c,771a8b86-9594-4d3c-9e7b-2fa975e6b5cc,2020-09-30,R51,Headache,lisinopril,Cholesterol,298.45
75fe604f-920a-4940-a766-ebd31fe06c60,b7ad0795-51d2-4cc1-afcf-d177edd44e04,2017-04-02,F32,Major depressive disorder,ibuprofen,Creatinine,1.19
3039a677-c3fa-47fb-aa7f-0a4d8729b793,b7ad0795-51d2-4cc1-afcf-d177edd44e04,2023-09-25,J45,Asthma,ibuprofen,Cholesterol,202.84
b24fd42e-2adc-412c-9263-6925b77e8eb8,b7ad0795-51d2-4cc1-afcf-d177edd44e04,2018-06-23,J45,Asthma,albuterol,WBC,6.07
5ae4d75d-ec9e-43d6-ac02-c5ebd1c757d6,49548a44-8d21-464f-bced-8a3c697c10ee,2020-01-27,J45,Asthma,atorvastatin,Cholesterol,122.29
efad18d3-238b-4fc1-99e7-53ae2b59eb62,49548a44-8d21-464f-bced-8a3c697c10ee,2017-03-24,I10,Essential (primary) hypertension,sertraline,HbA1c,7.53
8d39a504-f936-4d66-8554-91f35a5543e7,49548a44-8d21-464f-bced-8a3c697c10ee,2019-12-31,F32,Major depressive disorder,sertraline,WBC,4.61
9a5493f6-53d6-4842-a5f5-253e2a9d5c17,49548a44-8d21-464f-bced-8a3c697c10ee,2017-03-09,F32,Major depressive disorder,atorvastatin,Creatinine,0.55
4bf67c26-56ae-43f5-99a8-5e4e3d78be36,49548a44-8d21-464f-bced-8a3c697c10ee,2016-01-18,F32,Major depressive disorder,albuterol,WBC,4.74
08bb96be-2348-4f78-880f-cfd570306b7d,ec268f5e-45ca-45e0-8191-d9b31a08e029,2017-02-27,I10,Essential (primary) hypertension,lisinopril,Creatinine,1.2
d51cf5c4-4060-4237-9fb3-0c7f1e6150d2,5bd65964-b1a3-4c50-814f-a22cefcedf74,2017-02-12,M54,Back pain,sertraline,HbA1c,11.01
368ed9a4-a8b2-4ffb-9b61-c97471e4f28d,5bd65964-b1a3-4c50-814f-a22cefcedf74,2018-11-17,I10,Essential (primary) hypertension,ibuprofen,WBC,5.91
cb57448d-5d98-4302-8c11-dab2d5b8f5ef,5bd65964-b1a3-4c50-814f-a22cefcedf74,2023-07-24,F32,Major depressive disorder,lisinopril,WBC,8.49
5a638c6b-b065-4e0b-b446-7bbe5589c8d3,2f4d4ab1-b9b8-470e-b776-13619a0221a3,2022-01-23,M54,Back pain,sertraline,Cholesterol,255.95
d5be66b5-cc34-40cd-bcb4-01dd56f89281,2f4d4ab1-b9b8-470e-b776-13619a0221a3,2022-09-10,I10,Essential (primary) hypertension,albuterol,Cholesterol,286.87
dad36b49-a002-47d4-92bf-f14176b96aca,a52b65ba-a877-4b2f-965b-bb9c667294e0,2021-07-22,I10,Essential (primary) hypertension,albuterol,Creatinine,1.56
c98bcd9f-322c-4e64-83fb-31c22b00c8a1,a52b65ba-a877-4b2f-965b-bb9c667294e0,2016-05-31,R51,Headache,albuterol,Cholesterol,161.6
e782086f-d8e4-4a24-b462-e1aff43a16de,a52b65ba-a877-4b2f-965b-bb9c667294e0,2019-05-25,F32,Major depressive disorder,sertraline,HbA1c,11.74
332ecbd1-cb72-4e49-a508-4348fedfb322,3a950715-9c1c-4127-93c7-f204af0bb033,2025-02-03,F32,Major depressive disorder,albuterol,WBC,11.77
df489128-e668-4fe0-9ffc-b14ed9b04bbe,3a950715-9c1c-4127-93c7-f204af0bb033,2017-02-10,J45,Asthma,metformin,WBC,4.88
ccf48393-55f2-42f6-ade5-d466c344b108,3a950715-9c1c-4127-93c7-f204af0bb033,2017-09-04,J45,Asthma,albuterol,Creatinine,0.44
42df0f5b-136f-4622-ab09-0e9752aa7965,3a950715-9c1c-4127-93c7-f204af0bb033,2020-12-01,F32,Major depressive disorder,albuterol,WBC,10.18
612c14b2-3c30-4894-90ac-61d9e8505d21,bb4dbf3c-f145-4c0e-b7b2-35ef2abf47a6,2020-01-27,F32,Major depressive disorder,albuterol,HbA1c,5.21
0c706203-4456-4fab-85c1-443eb403f4a2,bb4dbf3c-f145-4c0e-b7b2-35ef2abf47a6,2023-11-30,J45,Asthma,atorvastatin,Cholesterol,288.3
ca7d6fb0-3cb6-4125-9d4f-8ae871780f24,bb4dbf3c-f145-4c0e-b7b2-35ef2abf47a6,2019-01-24,F32,Major depressive disorder,metformin,Cholesterol,237.56
6d072cad-1f63-463e-aa72-4f426bf022c9,bb4dbf3c-f145-4c0e-b7b2-35ef2abf47a6,2017-10-16,F32,Major depressive disorder,lisinopril,Creatinine,1.98
937680cb-3012-4f12-ab5b-a059bb1cae17,bb4dbf3c-f145-4c0e-b7b2-35ef2abf47a6,2019-02-21,F32,Major depressive disorder,metformin,HbA1c,5.03
81a60aae-3467-49ab-9d6b-8292cca103bb,8d601e73-ecb3-488f-bc3e-1bd0f297d267,2022-08-14,M54,Back pain,albuterol,Cholesterol,284.72
a4327ca0-5d4e-484e-9dda-0386773da6df,8d601e73-ecb3-488f-bc3e-1bd0f297d267,2024-06-20,F32,Major depressive disorder,lisinopril,HbA1c,7.58
84a09dbb-38ff-4dc7-bc0d-d8b4cfc6d2a0,8d601e73-ecb3-488f-bc3e-1bd0f297d267,2017-01-07,R51,Headache,sertraline,WBC,10.87
9d9aaadc-ac2b-43fa-a686-f85c2ffd8d1e,645350e1-7f3a-412d-b98e-59867fd86159,2022-05-12,M54,Back pain,lisinopril,HbA1c,8.66
fa33a0b2-0eac-4e27-927c-68d541827551,645350e1-7f3a-412d-b98e-59867fd86159,2022-01-14,M54,Back pain,ibuprofen,Creatinine,1.29
d394efe0-357e-4ce3-9f80-22026f5f0626,645350e1-7f3a-412d-b98e-59867fd86159,2016-07-19,J45,Asthma,atorvastatin,HbA1c,5.83
59e8c69f-712f-4d0b-add0-440fd1eff1f8,645350e1-7f3a-412d-b98e-59867fd86159,2017-01-29,E11,Type 2 diabetes mellitus,atorvastatin,Creatinine,1.93
b813a090-a9fe-4f0d-bca5-94c4c34867c7,645350e1-7f3a-412d-b98e-59867fd86159,2021-08-30,F32,Major depressive disorder,atorvastatin,WBC,4.66
66be7e4d-7cd2-4afa-b00a-4e1f90655637,70b42fb3-6af9-48ac-8dfd-f23f649dff44,2023-02-28,F32,Major depressive disorder,albuterol,Creatinine,0.72
7f7a2c51-18f5-4616-9d2b-565839453d3c,70b42fb3-6af9-48ac-8dfd-f23f649dff44,2017-10-26,J45,Asthma,albuterol,HbA1c,5.83
377c89ff-10b8-4aae-9049-df191cf72a6b,70b42fb3-6af9-48ac-8dfd-f23f649dff44,2018-07-06,F32,Major depressive disorder,sertraline,Cholesterol,261.21
4d14cffc-caab-4973-9027-6fc274434cfb,70b42fb3-6af9-48ac-8dfd-f23f649dff44,2016-10-05,E11,Type 2 diabetes mellitus,ibuprofen,HbA1c,13.17
004a5b5e-bd44-454a-a11b-5fd0716f4f1c,c60cc713-da41-4df8-804e-a23ae7df1124,2021-07-11,E11,Type 2 diabetes mellitus,ibuprofen,Cholesterol,299.13
eeb4798e-4077-4865-8f54-2898dffc25ee,c60cc713-da41-4df8-804e-a23ae7df1124,2020-01-22,J45,Asthma,ibuprofen,Cholesterol,156.53
03bdd99c-7b52-4299-acda-05bfab44a86d,c60cc713-da41-4df8-804e-a23ae7df1124,2021-12-20,R51,Headache,metformin,HbA1c,9.87
9067bbec-7e02-44c0-a95e-7a6ea30aaf73,c60cc713-da41-4df8-804e-a23ae7df1124,2019-06-15,E11,Type 2 diabetes mellitus,ibuprofen,WBC,10.19
015ebf29-6cdb-44ae-9664-6a56eff05067,c60cc713-da41-4df8-804e-a23ae7df1124,2016-03-22,E11,Type 2 diabetes mellitus,ibuprofen,Cholesterol,222.01
57f31bf9-aa1b-4d31-be9a-5bb15a24e399,263cb19f-7ad7-4a41-a7d0-5b870b244377,2017-04-13,E11,Type 2 diabetes mellitus,atorvastatin,Cholesterol,263.55
70440b64-1751-40a0-9d34-6e70e7f759c1,263cb19f-7ad7-4a41-a7d0-5b870b244377,2020-06-28,F32,Major depressive disorder,atorvastatin,WBC,8.85
42919bc2-b5dd-4bfb-84a7-d713ea1a6c9b,c4da2ff8-0e1b-4fbc-9412-2477d74fe854,2023-09-04,R51,Headache,ibuprofen,Creatinine,1.13
b86df3bd-cce6-4580-b74b-ed396b404a41,e17c6b1a-96df-4662-9a2e-a5f3ae0ce96a,2015-09-28,E11,Type 2 diabetes mellitus,sertraline,Creatinine,0.41
c9fc124b-29f9-406e-99e9-8a786529ffb0,e17c6b1a-96df-4662-9a2e-a5f3ae0ce96a,2016-06-04,F32,Major depressive disorder,metformin,HbA1c,6.64
bb92ba7c-12d8-4e2c-80ae-37b3740636c0,e17c6b1a-96df-4662-9a2e-a5f3ae0ce96a,2020-12-03,I10,Essential (primary) hypertension,albuterol,WBC,8.26
902a1d6d-1250-4c7f-84a9-65698777f7a6,e17c6b1a-96df-4662-9a2e-a5f3ae0ce96a,2017-02-07,J45,Asthma,ibuprofen,Cholesterol,230.72
1f9c01a1-d6ca-405d-b011-2cb5809fa051,c6657be6-60ff-4f83-a235-0906a7ea9eff,2017-01-29,M54,Back pain,albuterol,WBC,4.7
b70354ed-2fa4-4870-a808-a5fac29acc0b,c6657be6-60ff-4f83-a235-0906a7ea9eff,2024-01-19,I10,Essential (primary) hypertension,albuterol,WBC,3.91
83316891-148c-4e13-a0ef-b8667505f9fb,1c50f847-1bfc-4425-81bb-e54fc23a53bf,2018-12-18,E11,Type 2 diabetes mellitus,lisinopril,Creatinine,1.93
11ad8d87-8a12-424e-bad5-0092bb84ce64,1c50f847-1bfc-4425-81bb-e54fc23a53bf,2022-01-15,J45,Asthma,lisinopril,WBC,4.82
bc8862fe-827c-407a-9496-2996bc8b26a5,1c50f847-1bfc-4425-81bb-e54fc23a53bf,2023-11-19,F32,Major depressive disorder,albuterol,WBC,11.43
e9a0b921-f962-45fa-a065-61ed6f892799,1c50f847-1bfc-4425-81bb-e54fc23a53bf,2023-04-12,J45,Asthma,metformin,WBC,10.9
dbb274f1-2783-4f8c-bd4a-8db11030fd9a,1c50f847-1bfc-4425-81bb-e54fc23a53bf,2020-10-13,E11,Type 2 diabetes mellitus,sertraline,HbA1c,8.72
267db7c4-fa0a-495e-b6cb-e178fa156679,79f7a051-0286-42f3-ab0f-bebe0373277d,2021-06-12,E11,Type 2 diabetes mellitus,sertraline,Cholesterol,179.84
5ccb9de3-1930-4d29-9760-24c63a65cd1c,79f7a051-0286-42f3-ab0f-bebe0373277d,2023-05-29,F32,Major depressive disorder,ibuprofen,HbA1c,5.38
3555558d-5b86-4314-b138-347324f73c60,73cbefc3-6ad8-4d21-a4b8-0c144f0fb5cc,2020-01-12,M54,Back pain,atorvastatin,HbA1c,6.05
7e04380f-272b-4f03-acdc-99a7a90bcc9b,73cbefc3-6ad8-4d21-a4b8-0c144f0fb5cc,2023-05-13,E11,Type 2 diabetes mellitus,sertraline,Creatinine,1.6
b60ba737-aad6-47ff-ac28-b8fa4cf53007,384c7a7e-4627-4e92-a8ec-88c09605372e,2021-01-21,I10,Essential (primary) hypertension,lisinopril,HbA1c,12.1
706d5896-80a6-429d-9460-3b59c1fdf833,384c7a7e-4627-4e92-a8ec-88c09605372e,2021-09-05,F32,Major depressive disorder,albuterol,HbA1c,13.48
8305bee9-ddcb-4bc5-85bc-68b073b6f526,384c7a7e-4627-4e92-a8ec-88c09605372e,2025-07-13,E11,Type 2 diabetes mellitus,sertraline,Cholesterol,180.06
bf2f0958-4260-44c2-90cb-a202eeb9f939,7ce68ee0-28e0-4534-b48e-41e8ec9e264a,2021-09-26,J45,Asthma,albuterol,HbA1c,8.62
cec68b39-010e-4dd6-8718-cc030b1ed5e9,1b0c1b08-72df-443d-9af2-98f90013fbe3,2023-02-21,R51,Headache,metformin,Cholesterol,275.19
10c1127f-fb15-4ae8-8a73-268524c728f9,1b0c1b08-72df-443d-9af2-98f90013fbe3,2025-07-15,J45,Asthma,atorvastatin,Creatinine,0.47
6fef19b0-66bf-4c04-8e79-80fada73e571,1b0c1b08-72df-443d-9af2-98f90013fbe3,2016-03-17,I10,Essential (primary) hypertension,lisinopril,HbA1c,5.72
105be802-f8c0-4b98-b445-5294028f9af0,447d4ba6-fcb3-4e57-8aaf-cfed05122704,2024-02-21,R51,Headache,sertraline,HbA1c,5.08
f123fcd7-55ce-49e3-842f-fa5476d8bac0,447d4ba6-fcb3-4e57-8aaf-cfed05122704,2016-09-18,I10,Essential (primary) hypertension,atorvastatin,Creatinine,0.99
be445992-5d0e-498a-890e-dd4a0eeffd1b,944d7504-247a-41c5-b549-17ed9a016adf,2016-06-24,I10,Essential (primary) hypertension,sertraline,WBC,4.57
0961d9b2-1057-42f5-aeda-47169dbabf34,944d7504-247a-41c5-b549-17ed9a016adf,2019-11-24,I10,Essential (primary) hypertension,atorvastatin,WBC,6.29
01294a0b-c709-4c8f-9602-5d77261f147a,944d7504-247a-41c5-b549-17ed9a016adf,2024-06-26,I10,Essential (primary) hypertension,metformin,Cholesterol,140.82
42757991-48f2-43d5-a76f-a2929ffb826c,944d7504-247a-41c5-b549-17ed9a016adf,2021-03-09,R51,Headache,albuterol,Creatinine,1.4
cce9445b-2837-49aa-b20c-4c701a703ee4,8c44ad93-a1ed-4af8-b46f-5f0f8ac26bbd,2016-12-05,E11,Type 2 diabetes mellitus,albuterol,HbA1c,12.94
2d05c828-1caa-4b09-9fe9-60b435d30a72,463750a1-3177-43e3-ac6d-26fcdad83cae,2017-06-21,I10,Essential (primary) hypertension,sertraline,HbA1c,9.63
cc38bedf-5aca-4e59-9a46-ff3a9a62180e,4af2417a-37b9-49aa-baed-d1c8bde9a62c,2017-08-11,M54,Back pain,lisinopril,WBC,3.9
bc223e15-6b4a-43bd-a9d5-a5d6bf3517d0,4af2417a-37b9-49aa-baed-d1c8bde9a62c,2021-10-20,I10,Essential (primary) hypertension,metformin,Cholesterol,297.64
8970a7f9-cef7-4e3b-870e-ed07f94f5ce9,4af2417a-37b9-49aa-baed-d1c8bde9a62c,2024-06-14,F32,Major depressive disorder,sertraline,Cholesterol,271.23
92234ef4-4377-4f8c-b3aa-6d0832a1a857,4af2417a-37b9-49aa-baed-d1c8bde9a62c,2019-09-11,F32,Major depressive disorder,lisinopril,HbA1c,7.46
6aeceedc-ab76-4043-baeb-65804d37fff9,4af2417a-37b9-49aa-baed-d1c8bde9a62c,2020-06-12,J45,Asthma,lisinopril,Creatinine,1.45
0cae8a09-a988-4d79-b966-ebfbc42cc074,fbd4cb96-7c90-4e3c-aa00-007698488980,2018-10-31,R51,Headache,atorvastatin,HbA1c,9.04
93bbcb0e-a2d3-4568-8fd1-580901ed7018,fbd4cb96-7c90-4e3c-aa00-007698488980,2017-04-26,M54,Back pain,lisinopril,WBC,4.97
716515e5-fe0d-494d-80f5-d389217ec0bd,fbd4cb96-7c90-4e3c-aa00-007698488980,2024-04-04,I10,Essential (primary) hypertension,lisinopril,HbA1c,11.56
b8b27efd-2473-44be-ae9b-98f5a6099826,d681e598-2823-42d4-8456-c22a8337b73b,2022-07-19,M54,Back pain,metformin,WBC,5.04
a7b23201-fe81-4575-8c33-16efc6c13c00,d681e598-2823-42d4-8456-c22a8337b73b,2023-08-23,R51,Headache,atorvastatin,Creatinine,0.93
e1625800-4b0c-43f3-bc8f-826cf572c5f9,d681e598-2823-42d4-8456-c22a8337b73b,2020-07-13,R51,Headache,ibuprofen,Creatinine,1.62
01a46d33-b398-42fe-9998-59f4653b45e2,d681e598-2823-42d4-8456-c22a8337b73b,2024-03-27,J45,Asthma,sertraline,Creatinine,1.46
4b24ae7a-fae9-4b3c-ad0d-e3be52aa689d,6ccb4621-30db-4564-928f-06a91abe3926,2017-06-15,E11,Type 2 diabetes mellitus,atorvastatin,Cholesterol,226.38
2da44132-aeef-4584-8d7c-9576a6bd451a,6ccb4621-30db-4564-928f-06a91abe3926,2016-10-21,I10,Essential (primary) hypertension,lisinopril,HbA1c,5.86
e41f1065-b091-4b46-bd8e-a7090dba18eb,6ccb4621-30db-4564-928f-06a91abe3926,2025-05-01,I10,Essential (primary) hypertension,lisinopril,Cholesterol,164.51
e04c1c23-6aac-4e5f-a0dd-f0b44a667f34,6ccb4621-30db-4564-928f-06a91abe3926,2019-04-19,F32,Major depressive disorder,sertraline,Creatinine,0.7
129a7296-9343-4371-bd7c-fd60f8c2b257,6ccb4621-30db-4564-928f-06a91abe3926,2015-12-18,M54,Back pain,sertraline,Cholesterol,298.54
85fe4598-724c-4c99-9533-e64a5b3cb858,839b8e67-664f-4888-b6a9-b35ad3d0587d,2018-09-30,J45,Asthma,ibuprofen,Cholesterol,123.56
feb81755-cdb2-48a4-8947-bfe1b31d0dc5,839b8e67-664f-4888-b6a9-b35ad3d0587d,2022-07-31,R51,Headache,ibuprofen,Creatinine,0.94
3948d53a-7a09-4b37-bee4-2d7d5857c8a1,839b8e67-664f-4888-b6a9-b35ad3d0587d,2023-08-16,J45,Asthma,albuterol,Cholesterol,254.4
877aff1d-b535-4c78-b0f5-bc77077cbfd5,839b8e67-664f-4888-b6a9-b35ad3d0587d,2020-08-05,R51,Headache,metformin,Creatinine,1.62
b474ef7a-212b-4c7a-a7d9-d568abdd0bfd,aff15ec8-6e10-40b7-89a4-05500ccf242d,2025-01-02,J45,Asthma,sertraline,HbA1c,13.67
4eedca0a-6369-4a24-8e0e-e9c3c8177e6d,aff15ec8-6e10-40b7-89a4-05500ccf242d,2024-04-18,E11,Type 2 diabetes mellitus,lisinopril,Cholesterol,266.02
c431ce5c-24d2-439b-8ae4-e74cffc588a6,aff15ec8-6e10-40b7-89a4-05500ccf242d,2024-05-13,M54,Back pain,atorvastatin,Creatinine,0.6
b70f45e7-3a2f-458d-97a2-fa4bd4968dc0,6a8a64f3-d6f7-4c19-8c49-4dfb9d0dbf1b,2022-04-09,F32,Major depressive disorder,sertraline,HbA1c,13.68
27190cf0-3001-4f91-bc81-27bef62e8307,6a8a64f3-d6f7-4c19-8c49-4dfb9d0dbf1b,2020-01-20,I10,Essential (primary) hypertension,sertraline,WBC,4.28
5f2415a1-61aa-43ac-a85d-523d87e508a4,6a8a64f3-d6f7-4c19-8c49-4dfb9d0dbf1b,2018-01-30,I10,Essential (primary) hypertension,metformin,WBC,9.6
cb5e6398-bc1d-4f09-80a2-b0844d5c2ed0,6b408736-9097-4ff3-b1f5-26dcf257cd02,2019-10-27,M54,Back pain,lisinopril,HbA1c,12.1
714c3581-d8ea-468a-853a-df2d3f0fe319,6b408736-9097-4ff3-b1f5-26dcf257cd02,2021-08-24,M54,Back pain,lisinopril,WBC,6.37
5433a0e6-6f3b-4f0a-a684-ddf9f0048376,6b408736-9097-4ff3-b1f5-26dcf257cd02,2024-08-03,R51,Headache,lisinopril,WBC,10.59
26265419-8e6d-4f67-ac9b-0393cb44bfc5,8fb56f59-73a9-4c2a-91b5-a50623693099,2019-08-25,M54,Back pain,sertraline,WBC,5.51
8e57ed8f-c025-41b3-91ef-9591fe7676ee,8fb56f59-73a9-4c2a-91b5-a50623693099,2021-03-21,J45,Asthma,sertraline,Cholesterol,278.75
a7a5db33-5bfb-414b-8ae7-f1f5d1042cf7,dce1b4c9-d908-4f5e-ae05-7fdd14ba2ac4,2022-02-07,I10,Essential (primary) hypertension,atorvastatin,Creatinine,0.4
9b3cdb72-2c9f-4a38-ab89-5aef61368c18,dce1b4c9-d908-4f5e-ae05-7fdd14ba2ac4,2022-11-23,R51,Headache,ibuprofen,Creatinine,0.73
82cdda45-4941-46c9-84c9-89d57c7cb061,dce1b4c9-d908-4f5e-ae05-7fdd14ba2ac4,2017-06-27,M54,Back pain,ibuprofen,HbA1c,5.06
e252662f-214a-47e2-b12b-0e6473fbb952,dce1b4c9-d908-4f5e-ae05-7fdd14ba2ac4,2021-02-10,I10,Essential (primary) hypertension,lisinopril,Cholesterol,264.49
2c1c5e37-47f0-48f4-80db-99805c02f869,db135455-f27a-4c1f-b286-174503a4ec03,2021-04-29,I10,Essential (primary) hypertension,atorvastatin,Cholesterol,178.2
e975bf0d-88ee-48d3-8519-2d7d7fc35a76,db135455-f27a-4c1f-b286-174503a4ec03,2023-07-18,I10,Essential (primary) hypertension,albuterol,HbA1c,6.65
137b8d59-a781-414e-bc12-3f8a5cf71df6,2f3c772f-7ab7-44b2-9485-33ca0292025b,2024-02-20,F32,Major depressive disorder,metformin,WBC,4.85
3a3f73e1-0ae3-4a29-b1dc-b07acc9121fe,2f3c772f-7ab7-44b2-9485-33ca0292025b,2024-02-12,R51,Headache,albuterol,Creatinine,0.42
d30ac4d7-bd8f-4671-b03e-19dc373aef89,2f3c772f-7ab7-44b2-9485-33ca0292025b,2024-05-25,M54,Back pain,albuterol,HbA1c,11.83
cb70143d-db61-4ea0-8d0b-baad19cca70a,5c310ae9-1e6c-4374-b5e2-82a37cfbd014,2020-06-06,I10,Essential (primary) hypertension,atorvastatin,Cholesterol,159.76
d2382a1d-4d26-40bb-9b62-ff715f84eb8b,5c310ae9-1e6c-4374-b5e2-82a37cfbd014,2024-04-24,M54,Back pain,atorvastatin,Cholesterol,130.74
1028c520-64f3-47bc-8c60-58eab8592c82,5c310ae9-1e6c-4374-b5e2-82a37cfbd014,2015-11-04,R51,Headache,albuterol,Creatinine,1.92
89a12471-2264-449e-9ac4-988f67632ef4,5c310ae9-1e6c-4374-b5e2-82a37cfbd014,2025-04-03,F32,Major depressive disorder,albuterol,HbA1c,10.46
20c87657-9245-446d-9f6e-4729bf408003,5c310ae9-1e6c-4374-b5e2-82a37cfbd014,2020-12-08,M54,Back pain,lisinopril,Cholesterol,251.69
3e6148c4-a3e7-41d3-bedf-20fef3f509eb,93802a40-0bfc-479e-a6e2-9a9633a41652,2019-11-07,E11,Type 2 diabetes mellitus,metformin,Creatinine,0.79
918622c4-1616-4ead-926a-64f67c8a0d7d,93802a40-0bfc-479e-a6e2-9a9633a41652,2016-03-07,R51,Headache,sertraline,Cholesterol,184.33
4719799a-1e61-4638-bb03-302ce2c3ee1e,1ccac167-4d0f-4b76-85ea-4c19e7adeff1,2016-01-05,J45,Asthma,atorvastatin,Creatinine,1.85
7f9f8f76-5bbf-4618-886a-f00cb4381803,a3f2d9a7-1389-47ad-a9c8-d3bf5d865719,2022-01-10,F32,Major depressive disorder,atorvastatin,Creatinine,1.97
81920c9a-be01-4694-b6eb-a10180d22014,a3f2d9a7-1389-47ad-a9c8-d3bf5d865719,2024-10-12,E11,Type 2 diabetes mellitus,metformin,Cholesterol,148.55
aff5130c-ef8f-487a-8b94-9023a3c98f31,a3f2d9a7-1389-47ad-a9c8-d3bf5d865719,2020-02-29,I10,Essential (primary) hypertension,ibuprofen,Cholesterol,233.13
c3fe226c-2444-4ba5-8be7-5106be478a33,a3f2d9a7-1389-47ad-a9c8-d3bf5d865719,2024-07-19,R51,Headache,sertraline,Cholesterol,221.33
d82802b4-3eae-4607-a575-a3bb0a893d27,a3f2d9a7-1389-47ad-a9c8-d3bf5d865719,2015-12-14,R51,Headache,sertraline,HbA1c,10.22
84cb932a-83f2-4220-943f-6e34339acdb3,05d37aac-809b-45d1-a3e6-462c33706c94,2016-04-24,R51,Headache,metformin,HbA1c,5.62
8b52e911-3e2e-496a-aa8f-5665d37b2398,05d37aac-809b-45d1-a3e6-462c33706c94,2017-02-22,I10,Essential (primary) hypertension,albuterol,Cholesterol,263.06
33701e75-747d-4a2d-8437-61729e2aefa3,05d37aac-809b-45d1-a3e6-462c33706c94,2017-08-28,R51,Headache,metformin,Creatinine,1.44
a6000a33-da35-4a24-a14c-47e99518f856,05d37aac-809b-45d1-a3e6-462c33706c94,2020-10-10,F32,Major depressive disorder,ibuprofen,HbA1c,13.43
f1b42b37-7af5-4884-a58a-af6d68d268ea,05d37aac-809b-45d1-a3e6-462c33706c94,2016-08-05,R51,Headache,atorvastatin,Cholesterol,233.81
807d84bf-e3e7-4b82-be0f-14c24c98978f,35314123-8ff0-43d0-945e-828de3c04f83,2023-04-17,M54,Back pain,lisinopril,HbA1c,10.49
6013d05b-14f3-4f91-8c78-842bf24ca90c,f13c01b3-7b05-4e32-aafb-a11f8e439b92,2024-08-09,J45,Asthma,sertraline,HbA1c,11.43
0ae7acf4-1aa1-4c71-9523-9a6cf435e90d,f13c01b3-7b05-4e32-aafb-a11f8e439b92,2016-03-09,J45,Asthma,albuterol,Creatinine,0.96
74818c87-7dfc-4158-a0c4-f50b43628839,f13c01b3-7b05-4e32-aafb-a11f8e439b92,2022-12-04,J45,Asthma,sertraline,HbA1c,7.58
9d54f76f-2c99-4a21-8741-9ecd27651a6e,b091f071-e830-46ed-8b0e-c3f931723147,2017-02-03,I10,Essential (primary) hypertension,lisinopril,Creatinine,1.59
97d2315a-0eee-4f33-bcaa-6bc1e28de5b7,b091f071-e830-46ed-8b0e-c3f931723147,2017-04-07,J45,Asthma,lisinopril,Cholesterol,271.33
0a7d6be7-9b8a-4ba9-94d4-b188edabd2a9,b091f071-e830-46ed-8b0e-c3f931723147,2021-12-20,J45,Asthma,ibuprofen,WBC,5.85
f80dcf98-8dd2-4248-b236-81a3276c0e36,49273f13-ed1a-451d-99c0-3f2e02cf46e1,2024-07-30,R51,Headache,metformin,Cholesterol,162.58
82697d4a-0db1-4dd0-a23c-0be12f8e443f,49273f13-ed1a-451d-99c0-3f2e02cf46e1,2020-02-20,R51,Headache,lisinopril,Cholesterol,140.43
fe492477-7931-4218-b424-ac812c1dd841,49273f13-ed1a-451d-99c0-3f2e02cf46e1,2016-02-11,R51,Headache,sertraline,Creatinine,0.94
253d11f7-e751-44a2-959d-1ac0a92ab0ad,06dfd51c-b2d5-4743-94d7-ccaac6af12ad,2021-08-29,I10,Essential (primary) hypertension,lisinopril,Creatinine,0.43
5a91c4e2-773e-4619-ae1f-e937b32b4f9a,06dfd51c-b2d5-4743-94d7-ccaac6af12ad,2023-08-02,M54,Back pain,albuterol,Creatinine,1.61
ce35409d-b858-43ad-895f-a3d0ec9d28cc,06dfd51c-b2d5-4743-94d7-ccaac6af12ad,2019-09-05,I10,Essential (primary) hypertension,sertraline,HbA1c,6.39
3b74dcd8-4ca3-4470-8a4b-0b8111fbfbe7,06dfd51c-b2d5-4743-94d7-ccaac6af12ad,2024-09-12,R51,Headache,ibuprofen,Cholesterol,270.44
ddad8d1d-7c12-404a-be7c-69a62c33b9ee,e4da720b-4e0f-4fc5-8dc7-1d584b8f962d,2017-09-07,J45,Asthma,ibuprofen,Creatinine,1.03
1e15e884-f433-42b4-ae93-a832fe4fee48,e4da720b-4e0f-4fc5-8dc7-1d584b8f962d,2021-05-24,E11,Type 2 diabetes mellitus,atorvastatin,Creatinine,1.38
739b2b06-762d-42d6-9728-4cdb1ec7da4e,42689858-f1ca-4a61-b320-998871361bf2,2022-01-30,I10,Essential (primary) hypertension,sertraline,HbA1c,6.84
913faf98-1528-4ac6-92c4-c509a43684be,fa2c08c3-f6fb-4944-b44e-1bb5de27800a,2018-03-24,J45,Asthma,metformin,Cholesterol,144.89
d4e35265-aa06-4782-9336-97456b02b73b,fa2c08c3-f6fb-4944-b44e-1bb5de27800a,2017-12-01,I10,Essential (primary) hypertension,lisinopril,WBC,6.96
85ac5a0e-9f93-4bd2-88b9-ed29b738664f,f5d6ec8d-75a2-494b-bf10-449041d43db2,2024-01-31,E11,Type 2 diabetes mellitus,albuterol,WBC,11.68
17c7ff23-4139-496d-81ac-4157da2d3ea6,f5d6ec8d-75a2-494b-bf10-449041d43db2,2016-02-05,M54,Back pain,sertraline,Cholesterol,182.91
e124ed6e-b0e2-4db1-8743-d0dd3340cb4b,5f6d2b21-82aa-4fff-8696-a76a41993b8c,2019-05-06,I10,Essential (primary) hypertension,sertraline,WBC,10.63
370f164a-e5f9-4d01-b66e-7661f9a01de7,5f6d2b21-82aa-4fff-8696-a76a41993b8c,2019-03-14,F32,Major depressive disorder,atorvastatin,Cholesterol,249.36
85a3a7fd-4dd5-4e14-b789-a3cc197cd6b9,5f6d2b21-82aa-4fff-8696-a76a41993b8c,2017-10-15,J45,Asthma,albuterol,Cholesterol,174.05
5c53e386-8755-4f9d-a907-79b332abc4cf,5f6d2b21-82aa-4fff-8696-a76a41993b8c,2023-01-30,J45,Asthma,ibuprofen,Creatinine,0.52
44bf4fc0-1e3b-47cf-8bcc-d1df3de0dc7f,5f6d2b21-82aa-4fff-8696-a76a41993b8c,2017-12-09,I10,Essential (primary) hypertension,albuterol,WBC,10.16
95b7a399-9366-454e-b967-b768bc9ae069,ddea6296-0348-44a0-bbe1-999ddd918198,2024-04-08,E11,Type 2 diabetes mellitus,ibuprofen,Cholesterol,207.07
eb9b12f6-2376-4beb-9939-b1494f783b96,ddea6296-0348-44a0-bbe1-999ddd918198,2024-07-15,M54,Back pain,lisinopril,Creatinine,1.55
96aadde6-7773-47cc-bfe8-bb2559ff957b,ddea6296-0348-44a0-bbe1-999ddd918198,2018-06-25,M54,Back pain,lisinopril,Cholesterol,153.83
905c2c8e-bdea-489c-ac10-4a513a2a7260,ddea6296-0348-44a0-bbe1-999ddd918198,2016-05-01,E11,Type 2 diabetes mellitus,sertraline,Cholesterol,199.43
b5971ede-c497-4ba0-befe-c5e0c212ab5e,ddea6296-0348-44a0-bbe1-999ddd918198,2020-10-27,E11,Type 2 diabetes mellitus,lisinopril,HbA1c,9.82
66e1dfdb-1379-4c57-8b75-619b7acaf987,c484bd01-d695-45ff-af85-86cfb72e3891,2018-06-03,E11,Type 2 diabetes mellitus,albuterol,Cholesterol,273.52
b5e46f14-bb93-4d5a-b968-b3c9d30864b2,c484bd01-d695-45ff-af85-86cfb72e3891,2024-01-21,E11,Type 2 diabetes mellitus,atorvastatin,Creatinine,0.5
e42cb728-c57c-4a11-86d7-b0bc6fdfd8b1,c484bd01-d695-45ff-af85-86cfb72e3891,2017-08-26,J45,Asthma,ibuprofen,Creatinine,1.92
c2d0c58f-646b-4295-bd39-b33ff1d316a2,c484bd01-d695-45ff-af85-86cfb72e3891,2017-07-21,E11,Type 2 diabetes mellitus,atorvastatin,Cholesterol,186.17
8810d14a-4895-443f-8485-661c6c349b0a,c484bd01-d695-45ff-af85-86cfb72e3891,2017-02-21,I10,Essential (primary) hypertension,sertraline,WBC,8.96
6f14988c-71df-4d12-8a9e-45ed262608cb,9d008143-447f-401a-a3e2-401f4175d556,2019-09-04,R51,Headache,atorvastatin,Creatinine,0.93
30432776-d588-4c36-a26c-7d7c79c93304,9d008143-447f-401a-a3e2-401f4175d556,2019-04-28,M54,Back pain,sertraline,WBC,9.9
a24eb711-c4b4-43e2-be2c-1b07d60973ae,9d008143-447f-401a-a3e2-401f4175d556,2018-01-27,M54,Back pain,albuterol,HbA1c,13.72
ffbd31d4-0f80-4d06-ba44-cf652889ccc6,4369144a-9cad-421e-9d3a-7eb18d84ba16,2017-09-23,J45,Asthma,ibuprofen,HbA1c,11.86
e750e66a-9649-496b-ba01-bd7402d167fc,3fb9e6bf-c9e6-401a-bc84-cecf934f8387,2018-10-30,E11,Type 2 diabetes mellitus,ibuprofen,Cholesterol,246.08
e0c5c072-e498-4282-b80a-b4263d6312f7,68bebd43-6986-42af-a5fa-a86d5bc31e77,2022-12-03,M54,Back pain,lisinopril,WBC,3.27
b3467871-f4f1-43aa-82fd-3d9a074ddffb,68bebd43-6986-42af-a5fa-a86d5bc31e77,2020-02-29,R51,Headache,metformin,Creatinine,0.54
11232230-b0bc-47f0-bee0-15ba59c7dfb7,0187ab5d-f6a9-4e93-a809-ac4590fd6d4e,2019-04-11,R51,Headache,atorvastatin,Cholesterol,260.98
57f977f8-539a-47f4-a93e-0bb30f709577,0187ab5d-f6a9-4e93-a809-ac4590fd6d4e,2021-06-09,R51,Headache,sertraline,WBC,10.63
76dc0b0f-12bd-4ba0-ac07-79ec5e6f9a68,0187ab5d-f6a9-4e93-a809-ac4590fd6d4e,2023-08-30,E11,Type 2 diabetes mellitus,albuterol,Creatinine,0.68
fbea6f28-fb0e-4876-bce2-b67ca69b652b,0187ab5d-f6a9-4e93-a809-ac4590fd6d4e,2020-11-20,J45,Asthma,sertraline,HbA1c,6.25
16c437c3-2047-4b3c-8581-91060846202e,cbf17cb9-e42d-4bfe-940c-35437e490b00,2023-06-19,I10,Essential (primary) hypertension,albuterol,HbA1c,7.73
00aa844b-da4f-4645-8451-b433a8bea127,cbf17cb9-e42d-4bfe-940c-35437e490b00,2017-04-13,E11,Type 2 diabetes mellitus,ibuprofen,Creatinine,0.43
0f25a833-0666-4471-8ce2-bd060ccc22e5,cbf17cb9-e42d-4bfe-940c-35437e490b00,2018-12-01,E11,Type 2 diabetes mellitus,ibuprofen,HbA1c,10.99
aea475cd-e937-4bf2-a36f-c2ce571861bd,cbf17cb9-e42d-4bfe-940c-35437e490b00,2024-08-22,I10,Essential (primary) hypertension,metformin,HbA1c,4.54
af44c9b8-83d3-4a89-bf23-1ed6c04b08a6,0cb1ee7a-89e3-40a1-adc2-87e9e2ab89d3,2022-04-12,E11,Type 2 diabetes mellitus,ibuprofen,Creatinine,1.77
667d17fa-2a8b-40c5-ba11-7d0d23d20966,0cb1ee7a-89e3-40a1-adc2-87e9e2ab89d3,2023-10-12,I10,Essential (primary) hypertension,atorvastatin,Cholesterol,136.36
6fc3ff19-6ec3-4f63-9552-886ff8fd755f,0cb1ee7a-89e3-40a1-adc2-87e9e2ab89d3,2023-04-07,J45,Asthma,metformin,WBC,8.4
f647c420-3662-4061-b9b9-5cd96b78666f,0cb1ee7a-89e3-40a1-adc2-87e9e2ab89d3,2019-04-11,I10,Essential (primary) hypertension,sertraline,WBC,7.57
9a93e615-0bb3-419e-822f-4cb45b7e949e,67edb0a1-2599-4bcd-bc80-c3561a476b44,2025-05-16,M54,Back pain,metformin,HbA1c,12.17
9462eeb3-79b6-4668-bfad-03b4212f9b61,67edb0a1-2599-4bcd-bc80-c3561a476b44,2022-03-21,J45,Asthma,metformin,Creatinine,1.49
e78facc8-dcb6-4723-a0fc-0090a7681aad,67edb0a1-2599-4bcd-bc80-c3561a476b44,2019-02-04,M54,Back pain,lisinopril,HbA1c,9.23
a9c50cdf-49a9-4265-aed2-bbc8c834bdd2,67edb0a1-2599-4bcd-bc80-c3561a476b44,2018-12-12,I10,Essential (primary) hypertension,ibuprofen,Creatinine,1.9
51d78293-d673-4205-bc5c-7cc1e376e2fd,92e20089-e37a-47e2-a106-1ba24460fa27,2016-05-21,F32,Major depressive disorder,sertraline,HbA1c,10.85
b6671f02-05ad-4723-b0f0-8945fff82767,92e20089-e37a-47e2-a106-1ba24460fa27,2024-12-23,J45,Asthma,lisinopril,Creatinine,0.63
9d0b1de1-2921-4696-82f5-6b1bd112ea28,92e20089-e37a-47e2-a106-1ba24460fa27,2016-07-18,F32,Major depressive disorder,lisinopril,Cholesterol,108.32
c6d7bc14-ff25-42c9-ad0d-575dec7c6dea,92e20089-e37a-47e2-a106-1ba24460fa27,2025-01-20,F32,Major depressive disorder,atorvastatin,HbA1c,12.55
7d2ad45c-9d3c-48cb-baee-83e287b9f905,92e20089-e37a-47e2-a106-1ba24460fa27,2024-09-10,R51,Headache,atorvastatin,Creatinine,1.86
5fbfcb1c-e40f-41e3-b07a-e6766749267a,81c39540-46de-4221-bf0c-1344ec9c5baf,2019-04-07,R51,Headache,ibuprofen,Cholesterol,251.38
57db1555-c010-45a8-9852-06b8a276095a,81c39540-46de-4221-bf0c-1344ec9c5baf,2018-07-02,I10,Essential (primary) hypertension,albuterol,Creatinine,0.62
c4234952-c93b-4601-9791-82bebef900f6,81c39540-46de-4221-bf0c-1344ec9c5baf,2017-02-24,I10,Essential (primary) hypertension,albuterol,Cholesterol,180.85
c1ceee75-5e1d-4977-baf2-840008ac1e1b,81c39540-46de-4221-bf0c-1344ec9c5baf,2021-06-26,E11,Type 2 diabetes mellitus,sertraline,HbA1c,9.17
9cbc42c5-a1a2-4fdf-a335-de0c1ddc6b57,81c39540-46de-4221-bf0c-1344ec9c5baf,2022-02-09,M54,Back pain,sertraline,Cholesterol,161.18
253fcf23-0a9b-4b59-b318-ca3abb1b2aa5,3168fa23-15f6-4570-9f2b-ba83f624d4b3,2017-01-25,R51,Headache,atorvastatin,HbA1c,9.51
1e4eca8f-ec0b-403d-aa0f-286b4fa9f4f9,3168fa23-15f6-4570-9f2b-ba83f624d4b3,2025-03-31,I10,Essential (primary) hypertension,metformin,Creatinine,1.83
3867ed45-1653-472a-9ee9-8ddb7c7ec9bc,3168fa23-15f6-4570-9f2b-ba83f624d4b3,2017-04-29,M54,Back pain,ibuprofen,WBC,8.77
1dc6cfd9-5266-459d-816a-9b8b9075c35f,a6bb537c-63af-4be5-88d5-4db257a3ec3a,2019-09-21,E11,Type 2 diabetes mellitus,metformin,Creatinine,1.02
5ecfa433-092d-4d3b-8179-c0759839b0a7,83e09cd4-5649-4939-91cb-01b39f3703e2,2019-09-07,E11,Type 2 diabetes mellitus,atorvastatin,Cholesterol,247.71
0d0d01dc-23a7-40a4-b49c-caf3b8c4bad8,83e09cd4-5649-4939-91cb-01b39f3703e2,2019-11-02,I10,Essential (primary) hypertension,ibuprofen,Creatinine,1.49
599a77cf-362a-456a-ae38-45184280b1fc,83e09cd4-5649-4939-91cb-01b39f3703e2,2025-03-18,I10,Essential (primary) hypertension,metformin,Cholesterol,289.99
b4872b14-c8fd-4455-a86b-eccb09e6b6b7,0300452c-b4b4-4ba9-8374-95b5fd1f9cf3,2017-09-21,J45,Asthma,metformin,WBC,7.46
dd49a3a5-f4f9-46f8-91ea-23fb47ac4e67,0300452c-b4b4-4ba9-8374-95b5fd1f9cf3,2019-04-23,R51,Headache,ibuprofen,HbA1c,4.93
09d767a3-3591-4024-9c89-9c0fd5914320,8fa9b9bc-06e1-4d00-ac87-7462afb6a494,2023-05-28,R51,Headache,metformin,Creatinine,0.41
04fb3929-7e1f-4c32-b9fa-f0e0bf90cc5f,8fa9b9bc-06e1-4d00-ac87-7462afb6a494,2023-01-07,R51,Headache,albuterol,WBC,11.88
5a451952-d293-4bce-8126-896206753c33,8fa9b9bc-06e1-4d00-ac87-7462afb6a494,2016-06-11,I10,Essential (primary) hypertension,albuterol,Cholesterol,108.95
9991ee24-b53f-4257-9467-b8cd903fb422,8fa9b9bc-06e1-4d00-ac87-7462afb6a494,2024-02-15,M54,Back pain,lisinopril,Creatinine,1.81
479b399a-8ee4-414c-8f92-23ee85d62767,3a1247b5-3fc5-44f6-adab-b558783f0c1a,2018-01-31,M54,Back pain,atorvastatin,Creatinine,0.73
fb9887af-d2c6-457a-8ce8-7d5e7674a8bc,3a1247b5-3fc5-44f6-adab-b558783f0c1a,2015-11-10,R51,Headache,atorvastatin,Creatinine,1.05
38f0fb66-e283-450e-b8b8-e530d4654c4d,3a1247b5-3fc5-44f6-adab-b558783f0c1a,2025-08-07,F32,Major depressive disorder,sertraline,Cholesterol,155.62
9a9cc87b-6630-465c-bb1c-7a4e9a5cc31c,3a1247b5-3fc5-44f6-adab-b558783f0c1a,2023-08-03,F32,Major depressive disorder,albuterol,HbA1c,10.45
e39a46fe-36ce-4180-85e8-2f58f9eb3a0d,3f00fba4-e75c-4d28-bf5c-aa2a856c5559,2025-03-30,R51,Headache,sertraline,WBC,8.97
eb7cdd4e-4ee2-4008-81bd-a46d1ddee2aa,3f00fba4-e75c-4d28-bf5c-aa2a856c5559,2023-03-19,E11,Type 2 diabetes mellitus,atorvastatin,HbA1c,5.6
492c94a1-bdd5-4f6c-8132-2a121d6f4f59,3f00fba4-e75c-4d28-bf5c-aa2a856c5559,2016-11-03,F32,Major depressive disorder,metformin,WBC,7.83
318d24a2-a4a6-44f6-8779-3c0f315beaaf,3f00fba4-e75c-4d28-bf5c-aa2a856c5559,2023-11-02,R51,Headache,albuterol,Cholesterol,156.96
f71d4344-87b9-4814-a9ce-7337c0262fe7,cf0a492a-6939-47bf-b5a9-56494c68362e,2022-07-09,M54,Back pain,albuterol,HbA1c,11.73
8bb4fd35-ab97-4029-a98e-6796ed831ab8,cf0a492a-6939-47bf-b5a9-56494c68362e,2021-04-14,I10,Essential (primary) hypertension,metformin,Cholesterol,140.16
68c40cc6-28e0-46b8-bb60-9047878a842b,cf0a492a-6939-47bf-b5a9-56494c68362e,2019-11-26,E11,Type 2 diabetes mellitus,sertraline,Cholesterol,121.87
24e261e5-9762-4d86-aeda-da48aee87d0d,960a9f71-c7c4-48f7-805d-a5416acfe040,2025-04-15,F32,Major depressive disorder,lisinopril,HbA1c,11.74
556e5154-1b9b-4495-a7a3-6e72c0890138,960a9f71-c7c4-48f7-805d-a5416acfe040,2016-09-01,E11,Type 2 diabetes mellitus,lisinopril,Cholesterol,223.06
75c3461a-f15b-4979-b6f6-24171b001aa7,b4b9f726-0420-4c46-adbe-02f0bc9a1689,2017-06-07,I10,Essential (primary) hypertension,sertraline,HbA1c,10.8
f6c7838d-7d6c-4a98-bbef-05a67087fa1a,b4b9f726-0420-4c46-adbe-02f0bc9a1689,2020-01-25,I10,Essential (primary) hypertension,lisinopril,Creatinine,0.47
5056fb17-995d-4a77-a55a-ca42bb03d5dd,b4b9f726-0420-4c46-adbe-02f0bc9a1689,2025-07-21,I10,Essential (primary) hypertension,albuterol,Creatinine,1.87
ed9df1f7-f74d-45bf-84ed-d13de4e56ea1,b4b9f726-0420-4c46-adbe-02f0bc9a1689,2021-10-14,F32,Major depressive disorder,lisinopril,HbA1c,8.22
4d0761d4-8c62-4919-b208-8026cf4bcf58,478c24ef-8d1a-48db-ac28-81873b12df41,2022-06-10,M54,Back pain,metformin,WBC,4.66
82c62778-0c7c-4769-9a80-ded35327e585,478c24ef-8d1a-48db-ac28-81873b12df41,2023-07-14,J45,Asthma,atorvastatin,Cholesterol,105.06
f43595cb-0a7c-4142-926c-28e34e55a515,63c1b018-012c-4010-87ef-b370ab649e11,2024-12-07,I10,Essential (primary) hypertension,ibuprofen,Creatinine,1.29
64481f11-1000-45b6-bd9d-f5dc48174bd1,63c1b018-012c-4010-87ef-b370ab649e11,2024-02-08,M54,Back pain,albuterol,HbA1c,5.56
5ba7b12e-bc42-4deb-bb4f-f34e8b5ba373,63c1b018-012c-4010-87ef-b370ab649e11,2024-12-25,F32,Major depressive disorder,ibuprofen,HbA1c,10.38
984cea15-d5ba-49a9-ba78-4ad6ff2d50d7,63c1b018-012c-4010-87ef-b370ab649e11,2023-10-23,R51,Headache,albuterol,Creatinine,0.46
96f38581-ab07-4392-93e7-5d18cdb67dae,00a570a5-8ea8-46ac-8856-164c38aea79c,2018-01-15,I10,Essential (primary) hypertension,metformin,Cholesterol,100.68
439a6f7d-9be3-4a1e-b3e8-dffe716979ab,4394260c-850a-4192-a65e-653f5df9cc4b,2016-08-03,F32,Major depressive disorder,ibuprofen,HbA1c,12.64
54db969a-859f-4de3-bb6d-44cfd72ff022,ebea4e90-42ae-49c7-bb85-ed6e668426b1,2019-05-24,M54,Back pain,metformin,HbA1c,10.66
ad4b2574-a6c0-4f7e-b0de-d212c905721b,e7a18528-ed3b-4fcd-9b6e-a7a07faea1f1,2019-04-22,R51,Headache,sertraline,Creatinine,1.5
514cb44e-3aaf-41e7-ae8d-3d106abe03f2,e7a18528-ed3b-4fcd-9b6e-a7a07faea1f1,2021-05-17,F32,Major depressive disorder,atorvastatin,WBC,9.15
da15ccf5-b75e-4432-bf57-5764283f7d20,e7a18528-ed3b-4fcd-9b6e-a7a07faea1f1,2018-11-04,J45,Asthma,albuterol,Cholesterol,195.83
238eca65-d26e-436c-befa-684f45ad4925,e7a18528-ed3b-4fcd-9b6e-a7a07faea1f1,2023-12-30,F32,Major depressive disorder,ibuprofen,Creatinine,0.76
1a48b9ef-eeb6-41e1-ac33-7ee739b0b758,0fba0c81-2806-4b94-9f72-4148b56b8e36,2018-07-27,R51,Headache,lisinopril,Cholesterol,299.83
2a67ac7c-6ca9-4d8d-bee2-b8df84335c4c,0fba0c81-2806-4b94-9f72-4148b56b8e36,2015-10-28,I10,Essential (primary) hypertension,albuterol,HbA1c,8.6
bb3da8b5-a1dd-4e88-a2c4-3948464c8b6e,0fba0c81-2806-4b94-9f72-4148b56b8e36,2022-05-08,I10,Essential (primary) hypertension,metformin,Cholesterol,182.07
6f585160-6351-4647-8ccd-4c59918db851,34bec65f-a8b6-4400-9a33-feb1144bbb04,2016-02-29,I10,Essential (primary) hypertension,sertraline,WBC,10.56
a4c949e8-d679-4400-ad3e-b2f465cee319,34bec65f-a8b6-4400-9a33-feb1144bbb04,2021-10-03,I10,Essential (primary) hypertension,sertraline,Cholesterol,276.72
7f62f5b4-b7af-4ac7-b969-236681ec7ede,34bec65f-a8b6-4400-9a33-feb1144bbb04,2020-07-19,R51,Headache,sertraline,Cholesterol,290.47
55b550a6-96d6-4be5-a71f-bc0e6e602893,34bec65f-a8b6-4400-9a33-feb1144bbb04,2020-07-07,J45,Asthma,albuterol,Creatinine,1.46
cc66fcb4-2e89-4538-89e8-9716584eaad3,34bec65f-a8b6-4400-9a33-feb1144bbb04,2024-03-21,R51,Headache,ibuprofen,WBC,5.21
908cb724-e0b0-4c89-bf2a-d83acb7164ee,758b23af-630f-412c-ad25-b3f6c48f12a5,2019-05-04,I10,Essential (primary) hypertension,atorvastatin,Creatinine,1.84
9c481966-85c0-4420-9622-416d82df9410,758b23af-630f-412c-ad25-b3f6c48f12a5,2019-07-26,F32,Major depressive disorder,albuterol,Creatinine,0.74
cf950dc0-eab4-4225-a20b-10ad0551cf22,a94ed8a9-6995-4e33-b090-2785b8cda570,2020-06-09,E11,Type 2 diabetes mellitus,ibuprofen,Cholesterol,160.06
5691e03b-829a-417a-89c9-2f7699babe2a,a94ed8a9-6995-4e33-b090-2785b8cda570,2016-05-16,M54,Back pain,sertraline,HbA1c,6.39
1a7a51b4-b9c5-414b-84ae-6af68cd27c67,6e033fbc-19c1-48d5-913e-c6373c3b9b16,2019-07-12,I10,Essential (primary) hypertension,atorvastatin,Cholesterol,287.42
bf0bf8e2-09a9-41c2-9c84-3dda4f428de6,6e033fbc-19c1-48d5-913e-c6373c3b9b16,2020-11-14,I10,Essential (primary) hypertension,sertraline,HbA1c,11.09
20cfe29c-93d3-47d4-b71f-e2e504cbc442,6e033fbc-19c1-48d5-913e-c6373c3b9b16,2021-05-21,M54,Back pain,atorvastatin,WBC,5.46
532e8748-089c-4fe8-89e6-58f89080b614,177d1ee1-90b6-4a66-86cf-611b807a3640,2017-02-01,I10,Essential (primary) hypertension,atorvastatin,Cholesterol,215.01
2b56601f-91a5-4e18-bc25-d1bb652f4e34,177d1ee1-90b6-4a66-86cf-611b807a3640,2016-09-24,I10,Essential (primary) hypertension,lisinopril,Cholesterol,163.3
5e79dd2f-c843-401a-adfe-2d174a44bd05,177d1ee1-90b6-4a66-86cf-611b807a3640,2022-12-16,R51,Headache,lisinopril,Cholesterol,163.24
3bb4be18-6c47-4743-b86b-3ac080c9e32e,177d1ee1-90b6-4a66-86cf-611b807a3640,2017-02-25,M54,Back pain,ibuprofen,HbA1c,10.92
9a0d9824-0ffd-4348-b8b4-b2f8e2671a47,177d1ee1-90b6-4a66-86cf-611b807a3640,2016-11-20,E11,Type 2 diabetes mellitus,metformin,HbA1c,4.58
ab09d2a6-0256-42cd-b12d-f0f9e760249a,d145a47e-11b2-46da-9b91-811f36ed9799,2021-12-30,E11,Type 2 diabetes mellitus,albuterol,Creatinine,0.72
c972264c-e0eb-4274-8559-c16450dd5a0e,5d343410-c40b-4c04-83f8-384187c30ca3,2023-04-29,J45,Asthma,metformin,Creatinine,1.4
472fe763-58e5-4d99-883b-d3c0007f434b,5d343410-c40b-4c04-83f8-384187c30ca3,2022-03-05,M54,Back pain,sertraline,Cholesterol,167.72
ef7054fa-5a53-4c9d-914b-efeff502bdaf,793ee0dd-4b90-47eb-900e-8d31b03d81b9,2022-06-19,J45,Asthma,metformin,WBC,11.11
a4cee697-7b1e-41ac-958f-ab579f151623,793ee0dd-4b90-47eb-900e-8d31b03d81b9,2024-01-04,I10,Essential (primary) hypertension,sertraline,HbA1c,9.56
4990da53-4c75-455b-a1e8-0df0f2471e86,2f9936a7-bfa6-4c08-8f7e-d9095e5ee281,2021-02-12,I10,Essential (primary) hypertension,ibuprofen,Cholesterol,239.97
99bc9eb9-869f-4fe1-b37e-a0aede22b530,2f9936a7-bfa6-4c08-8f7e-d9095e5ee281,2022-07-24,R51,Headache,lisinopril,HbA1c,10.81
7b19b153-b1e1-48f5-8696-4e9fb3e1c82a,2f9936a7-bfa6-4c08-8f7e-d9095e5ee281,2024-01-26,F32,Major depressive disorder,metformin,HbA1c,5.79
fcc42d4c-71b4-4d81-aab4-15944aff8ff4,2f9936a7-bfa6-4c08-8f7e-d9095e5ee281,2021-06-10,F32,Major depressive disorder,sertraline,Cholesterol,134.09
a2e75db3-7c9e-4514-aeae-e3cdaab69d29,2f9936a7-bfa6-4c08-8f7e-d9095e5ee281,2025-06-28,M54,Back pain,atorvastatin,Creatinine,1.89
d851cebd-4414-434d-8813-7293f40cb916,30d68753-8bdb-4513-83a5-3f3164d70d9b,2019-04-20,I10,Essential (primary) hypertension,sertraline,HbA1c,13.72
6bd7f4e3-7d36-4f49-b1af-0e837d62a8c5,30d68753-8bdb-4513-83a5-3f3164d70d9b,2018-03-07,M54,Back pain,albuterol,Creatinine,1.98
96ac0759-1db9-44f5-9266-595c8b426667,30d68753-8bdb-4513-83a5-3f3164d70d9b,2015-10-09,J45,Asthma,metformin,WBC,4.21
ba6612d3-286a-471b-a1c5-f53e29ee71d8,30d68753-8bdb-4513-83a5-3f3164d70d9b,2022-05-07,R51,Headache,sertraline,WBC,4.0
765b85ac-dd77-4807-8e47-84bfd29edf1a,30d68753-8bdb-4513-83a5-3f3164d70d9b,2016-11-04,R51,Headache,lisinopril,Creatinine,0.87
75e3fc9e-efc2-4f9b-990d-f8e94a4ec2a7,108f1b88-c735-487d-8efc-a9e69c0607f4,2021-09-26,M54,Back pain,sertraline,HbA1c,10.41
7fa2e73d-f650-4047-9821-1d58255cd6a0,e8dd9e79-6431-4e50-a0e8-5a9c99a828b7,2021-01-10,I10,Essential (primary) hypertension,albuterol,Creatinine,0.71
020152cd-4e54-44bf-b2b0-94cde5041793,e8dd9e79-6431-4e50-a0e8-5a9c99a828b7,2022-07-28,M54,Back pain,metformin,Cholesterol,163.71
b77cb4e1-2dcc-4dc4-aa9d-1f7a843c91e6,e8dd9e79-6431-4e50-a0e8-5a9c99a828b7,2023-11-04,E11,Type 2 diabetes mellitus,atorvastatin,WBC,9.3
4dc60244-f627-42d4-b6e6-8259c7b608f3,e8dd9e79-6431-4e50-a0e8-5a9c99a828b7,2022-10-06,F32,Major depressive disorder,sertraline,Creatinine,0.46
090d669a-d038-4d2d-8213-a7841e18eb1d,e8dd9e79-6431-4e50-a0e8-5a9c99a828b7,2017-04-21,R51,Headache,sertraline,HbA1c,7.66
95509e03-e5cd-4342-89ed-d7586d6b8476,ed97be19-aeb4-406b-ad7c-2f29bbae2453,2024-03-31,M54,Back pain,metformin,HbA1c,7.38
4b3f14f2-54e3-4a27-aac3-4cd912b8710b,36bbd656-f6e6-4dfc-b589-1ccfefbf51ad,2020-06-10,F32,Major depressive disorder,sertraline,HbA1c,11.11
408f60e8-3a3e-45e0-980e-d3ccc7e68fdd,36bbd656-f6e6-4dfc-b589-1ccfefbf51ad,2022-09-06,R51,Headache,sertraline,Creatinine,0.99
78d65610-f9c4-4a99-bc50-00340456ce16,0745349a-f017-4976-b19b-c1ba37a0de2c,2016-02-21,F32,Major depressive disorder,sertraline,Creatinine,0.61
0cb6ff80-4583-4501-918f-3c446b3e93f0,0745349a-f017-4976-b19b-c1ba37a0de2c,2021-10-30,R51,Headache,albuterol,WBC,7.4
9140d7fb-f875-4929-97d9-e25968e042e5,0745349a-f017-4976-b19b-c1ba37a0de2c,2022-09-21,E11,Type 2 diabetes mellitus,sertraline,HbA1c,12.15
1f644898-bd50-4d96-b082-f3cd9cf879c1,0745349a-f017-4976-b19b-c1ba37a0de2c,2022-02-20,M54,Back pain,metformin,HbA1c,12.2
b4bf047c-bcbf-4e4b-8edb-1ee024c47cc1,0745349a-f017-4976-b19b-c1ba37a0de2c,2016-09-02,E11,Type 2 diabetes mellitus,lisinopril,HbA1c,6.18
41d35cc7-4b51-41dc-aa7d-26b62308e779,b808825b-e6e7-44f6-aed7-062e19382a25,2023-12-27,M54,Back pain,lisinopril,HbA1c,12.71
7f277e53-8e75-4b58-90fa-a11e5745c861,431892de-8d5e-4757-b92c-2e48aeea45a3,2017-08-09,E11,Type 2 diabetes mellitus,atorvastatin,Creatinine,1.79
5d0a9deb-d8ce-4952-9376-f1ccc70e4e3e,5c3aa2dd-5ad3-4a68-bc3f-f1252a2ad542,2024-12-03,I10,Essential (primary) hypertension,ibuprofen,Cholesterol,226.2
73dc7bad-7824-410e-9684-6d8380201bb9,5c3aa2dd-5ad3-4a68-bc3f-f1252a2ad542,2022-01-01,R51,Headache,metformin,HbA1c,5.03
199f28b0-e6fc-4392-af6a-3da97c5e4d81,5c3aa2dd-5ad3-4a68-bc3f-f1252a2ad542,2024-02-27,I10,Essential (primary) hypertension,atorvastatin,HbA1c,6.26
66963892-fc87-48b9-8b55-9595d6e1c60a,5c3aa2dd-5ad3-4a68-bc3f-f1252a2ad542,2017-08-29,E11,Type 2 diabetes mellitus,metformin,Cholesterol,258.32
a1933f0e-eff3-4a66-b263-c46dd391ccd2,5c3aa2dd-5ad3-4a68-bc3f-f1252a2ad542,2023-02-06,I10,Essential (primary) hypertension,metformin,HbA1c,8.18
92501dfc-77bb-463e-881f-9bd3c07bdbec,056bdccd-7e23-4a67-b3eb-5e0c354c6a74,2023-07-21,F32,Major depressive disorder,lisinopril,Cholesterol,221.09
a362c0fd-771f-4660-a44a-f37b999dd985,056bdccd-7e23-4a67-b3eb-5e0c354c6a74,2023-08-17,F32,Major depressive disorder,albuterol,HbA1c,8.7
b9a7fd7c-3911-4657-8f65-dc3806b715e5,056bdccd-7e23-4a67-b3eb-5e0c354c6a74,2020-01-08,E11,Type 2 diabetes mellitus,metformin,WBC,11.77
6551d497-33e8-4bd2-8a3f-f1d51581e10f,056bdccd-7e23-4a67-b3eb-5e0c354c6a74,2022-10-05,I10,Essential (primary) hypertension,ibuprofen,WBC,9.3
a2b740c6-ecdd-437f-a2ce-329a461c1090,056bdccd-7e23-4a67-b3eb-5e0c354c6a74,2017-10-31,E11,Type 2 diabetes mellitus,lisinopril,WBC,10.64
46f01bca-ef0e-437a-80f8-d9135249a645,8ef5cd7d-823f-48da-b905-143ee361d8a9,2023-11-22,F32,Major depressive disorder,atorvastatin,Creatinine,1.36
bf7d4512-d1de-4f2d-bd8e-7553ea3ac118,8ef5cd7d-823f-48da-b905-143ee361d8a9,2020-01-12,R51,Headache,albuterol,WBC,6.84
faf9e62c-1f62-48ca-997e-f294c7c94c41,b106f4e1-b05e-4e12-af47-57175ae4021c,2017-06-19,I10,Essential (primary) hypertension,ibuprofen,HbA1c,10.72
ed6fe3a1-c084-4fef-9747-e803dbb73754,b106f4e1-b05e-4e12-af47-57175ae4021c,2018-01-18,J45,Asthma,albuterol,WBC,3.58
f220c6c5-3c8c-4998-bed2-f56f728ab089,b106f4e1-b05e-4e12-af47-57175ae4021c,2025-01-03,F32,Major depressive disorder,albuterol,HbA1c,10.39
d205f5ce-65d3-4716-8b58-799e7fc418ba,708de479-13c1-4ae0-af58-aea1ef6478e8,2024-10-25,R51,Headache,atorvastatin,Cholesterol,102.4
7506b6d9-2669-404d-9d72-92e06b64b4c3,708de479-13c1-4ae0-af58-aea1ef6478e8,2017-05-14,R51,Headache,metformin,Creatinine,1.34
c7a45e50-8b0f-4009-b0ae-a53cb0cfd886,708de479-13c1-4ae0-af58-aea1ef6478e8,2021-08-29,R51,Headache,atorvastatin,HbA1c,9.91
2ee4fdb8-029e-4657-8197-493ec7626468,708de479-13c1-4ae0-af58-aea1ef6478e8,2017-07-23,J45,Asthma,sertraline,Creatinine,1.59
d37f8a0f-4297-48ae-b382-69dc8d67695c,5964a8bc-8e1a-4cb1-a0b6-9439d9442e14,2021-07-23,F32,Major depressive disorder,albuterol,Cholesterol,162.69
00ad7c8d-2ff9-4f95-8c7f-78e9f7949b3e,5964a8bc-8e1a-4cb1-a0b6-9439d9442e14,2017-05-11,I10,Essential (primary) hypertension,lisinopril,WBC,3.38
25787a67-4657-47b4-ba75-bfe306114027,5964a8bc-8e1a-4cb1-a0b6-9439d9442e14,2021-10-03,F32,Major depressive disorder,sertraline,Cholesterol,164.87
699be42d-acd8-4ef1-948a-2f87d6633f5e,5964a8bc-8e1a-4cb1-a0b6-9439d9442e14,2016-10-13,F32,Major depressive disorder,sertraline,Cholesterol,190.44
6674cb81-191b-437e-b8f7-6015bebbe5d2,910727f4-4483-48de-8274-98e46932bdcb,2017-06-09,F32,Major depressive disorder,sertraline,HbA1c,12.8
ca1afe20-7511-439a-9f4a-eb13f1f4839f,910727f4-4483-48de-8274-98e46932bdcb,2016-11-15,J45,Asthma,sertraline,WBC,6.59
40e577ad-7a4f-428b-a904-752cce43c1fc,0711e7c1-9596-4424-a4b9-6b27af02ed2e,2020-11-03,R51,Headache,lisinopril,WBC,8.34
de361a82-6fd1-4404-ad7b-80be15c3f7df,c035b259-3b15-40ff-80e4-9756df50ada5,2023-04-13,E11,Type 2 diabetes mellitus,metformin,Cholesterol,194.46
c3d40d92-7a53-449e-b23d-d22c59001c85,c035b259-3b15-40ff-80e4-9756df50ada5,2022-09-04,J45,Asthma,lisinopril,HbA1c,9.22
768c49eb-a0ad-4b9c-aa96-4316b3ac1e56,6f3a1f41-16ee-4125-bede-3527c9fbfc45,2022-04-23,M54,Back pain,albuterol,WBC,4.71
a67f0fcc-ebef-4cdf-b0f3-6c6b7ae4b2c1,6f3a1f41-16ee-4125-bede-3527c9fbfc45,2018-11-28,R51,Headache,sertraline,Cholesterol,187.02
6145faa3-b025-4fc2-9c11-8fd7467cf621,9bae894d-ddc3-48f2-967b-f717a482fc95,2020-03-31,R51,Headache,metformin,Creatinine,1.94
b723ef05-1ed5-424b-a58e-168317675c1f,9bae894d-ddc3-48f2-967b-f717a482fc95,2024-12-17,J45,Asthma,atorvastatin,Cholesterol,221.56
ea954767-f1ef-4a35-8467-a40f069bb51e,21b66935-6c6c-42c5-9f16-661f44f269e8,2023-01-28,M54,Back pain,sertraline,WBC,6.75
b732cda3-ecb3-425d-9662-5b4ce151a3b6,21b66935-6c6c-42c5-9f16-661f44f269e8,2025-07-26,J45,Asthma,atorvastatin,WBC,6.05
d4105349-44ec-4460-9a3b-c978940c7492,7a7e3def-e161-4333-b689-e59389d57f05,2018-01-16,M54,Back pain,sertraline,HbA1c,10.19
255324b6-60ac-4db6-aea5-b18efb5860e4,7a7e3def-e161-4333-b689-e59389d57f05,2019-10-10,J45,Asthma,albuterol,Creatinine,1.69
bb7afc50-dd9f-483c-a811-ad58a799c9e6,7a7e3def-e161-4333-b689-e59389d57f05,2016-01-09,I10,Essential (primary) hypertension,albuterol,Cholesterol,112.62
d06ae48c-af48-4b13-a15c-ab55f96ede1e,e5f7ed08-7597-4ade-a0cd-82a9435e24be,2021-07-25,F32,Major depressive disorder,lisinopril,WBC,11.5
42e6b1b2-e05a-4476-8ad9-fe2982b4fa19,e5f7ed08-7597-4ade-a0cd-82a9435e24be,2017-12-29,I10,Essential (primary) hypertension,albuterol,Cholesterol,257.36
e9f0c1af-707c-4142-91bf-e56820b32c6b,e5f7ed08-7597-4ade-a0cd-82a9435e24be,2019-06-28,J45,Asthma,ibuprofen,Creatinine,1.52
4e569d81-ab3b-4516-b71d-ec44a46e28f7,e5f7ed08-7597-4ade-a0cd-82a9435e24be,2024-04-15,J45,Asthma,atorvastatin,WBC,9.37
b24cfec0-b311-4984-94df-a2f4b88280aa,e1ebfa3e-0930-4334-b274-f5cbf7484381,2023-01-21,I10,Essential (primary) hypertension,sertraline,Cholesterol,278.11
38be04fb-97ea-404a-8ad0-9ffb769eca47,e1ebfa3e-0930-4334-b274-f5cbf7484381,2022-03-14,M54,Back pain,metformin,Cholesterol,250.04
4076a13a-0ee0-4b0b-be17-0944dd134080,e1ebfa3e-0930-4334-b274-f5cbf7484381,2018-09-20,J45,Asthma,metformin,Cholesterol,192.54
bcf7cfd6-c5d6-4d5b-826d-3a05800dee72,e1ebfa3e-0930-4334-b274-f5cbf7484381,2015-09-21,R51,Headache,albuterol,HbA1c,8.77
c7e93cbb-0375-43bf-96d2-7cbbc07ce3c7,e1ebfa3e-0930-4334-b274-f5cbf7484381,2016-12-29,I10,Essential (primary) hypertension,albuterol,WBC,6.27
75e67d8f-278c-47e8-b042-357cea4cf317,55250ca2-019e-4a52-99a4-468303f82836,2020-05-26,I10,Essential (primary) hypertension,lisinopril,HbA1c,7.61
6e6bb86d-24a5-407d-ae2a-5596d39386c5,ca948e82-4654-4e4e-a7a2-8f4833570a1a,2020-04-20,M54,Back pain,lisinopril,Creatinine,1.93
37481613-8132-452f-a221-0242588fb0fe,ca948e82-4654-4e4e-a7a2-8f4833570a1a,2020-04-11,J45,Asthma,ibuprofen,WBC,10.42
03e8bde5-ec54-4cee-8a7b-1a6f7a9e6932,ca948e82-4654-4e4e-a7a2-8f4833570a1a,2018-06-21,I10,Essential (primary) hypertension,ibuprofen,HbA1c,7.31
49eca29b-c5bf-4949-9b49-96b3449f921c,ca948e82-4654-4e4e-a7a2-8f4833570a1a,2025-01-12,R51,Headache,lisinopril,Creatinine,0.8
eec7072b-c1e9-4723-a343-3e470644e375,ca948e82-4654-4e4e-a7a2-8f4833570a1a,2021-06-30,F32,Major depressive disorder,atorvastatin,HbA1c,7.33
0c6d5987-85a4-4828-86ff-c7b1085019ad,d6b78ab5-e371-4c27-8326-f809bd1cf0bb,2024-02-05,J45,Asthma,metformin,HbA1c,10.69
8e240f15-07d7-48fa-9704-f99b8c4a7738,d6b78ab5-e371-4c27-8326-f809bd1cf0bb,2017-03-01,F32,Major depressive disorder,metformin,Creatinine,1.14
a967e714-2bcc-4e64-9890-4927a2820e7e,ca211879-d8ad-4dcc-b084-bf96678eb592,2020-09-14,R51,Headache,sertraline,WBC,8.34
ada56eba-cbdf-43d6-a5cd-bd813dfa18da,ca211879-d8ad-4dcc-b084-bf96678eb592,2017-03-17,J45,Asthma,metformin,Creatinine,1.13
079463d7-11fe-474c-96af-4cbeac63cde2,3f3633a5-9d57-462e-88e2-5a981aed135c,2017-10-17,M54,Back pain,sertraline,Creatinine,0.66
f482c976-e7a0-421a-818e-d3c1b64d0568,3f3633a5-9d57-462e-88e2-5a981aed135c,2024-04-09,J45,Asthma,metformin,HbA1c,5.0
73643297-1c64-4a16-b3b7-36706459328f,642ed67f-cad6-4e43-94b3-b7a644569922,2019-07-08,F32,Major depressive disorder,albuterol,WBC,5.84
b23c37c7-336c-4033-a161-967f83bbb99c,642ed67f-cad6-4e43-94b3-b7a644569922,2017-08-19,F32,Major depressive disorder,ibuprofen,HbA1c,10.47
4dbc7f5b-6ca9-48e9-9274-43cb04b81641,642ed67f-cad6-4e43-94b3-b7a644569922,2018-06-19,J45,Asthma,sertraline,WBC,5.94
7a2e57c6-7038-4215-8062-5bfa5271b66c,76997d4b-0d2f-4ad2-95a9-3694cee5a56c,2018-06-30,J45,Asthma,albuterol,HbA1c,12.89
1eaa97ca-c043-4aaa-99f7-6a90b714b389,5e35082f-1921-42c3-a795-a468af79ff15,2017-08-10,R51,Headache,atorvastatin,WBC,7.47
ee41d1d7-f1d4-4841-a6d0-afb4d227776d,18e03d92-9c33-43ad-b92d-142971128aa6,2024-02-22,I10,Essential (primary) hypertension,metformin,WBC,11.46
ed08db4a-75f4-4550-b861-ae434e55e7d9,cb5f699c-b652-4e0d-8018-7315b4eb8ff1,2024-09-06,J45,Asthma,albuterol,Creatinine,0.53
19e69a93-26ae-460c-9829-4d4453c20c27,cb5f699c-b652-4e0d-8018-7315b4eb8ff1,2021-11-10,E11,Type 2 diabetes mellitus,sertraline,Cholesterol,209.02
359fa6cf-fe36-4713-be4d-245178d9b5cc,b05352f6-8787-4f8f-b2ab-9e063962b674,2021-01-16,R51,Headache,sertraline,WBC,7.93
09a6b647-bbec-4563-bb0e-969ac126fd46,b05352f6-8787-4f8f-b2ab-9e063962b674,2024-09-16,I10,Essential (primary) hypertension,sertraline,WBC,4.04
26e5ca64-c8d7-4243-8a82-05981eacfc68,b05352f6-8787-4f8f-b2ab-9e063962b674,2015-12-21,J45,Asthma,lisinopril,WBC,3.51
0ccf8d49-edb9-4302-a533-d171c142bae4,b05352f6-8787-4f8f-b2ab-9e063962b674,2018-01-18,M54,Back pain,metformin,HbA1c,10.61
9170c2ea-f482-4528-b18d-c8bd57af607e,b05352f6-8787-4f8f-b2ab-9e063962b674,2017-11-22,I10,Essential (primary) hypertension,sertraline,HbA1c,4.9
b93f6a33-8de4-4ae6-90da-5d73a720bd75,125faec0-7a7e-4161-bb56-babe37c3ebe7,2024-01-01,I10,Essential (primary) hypertension,ibuprofen,Creatinine,0.92
0d944846-2cea-49bb-afee-28dd6a307027,125faec0-7a7e-4161-bb56-babe37c3ebe7,2017-03-27,R51,Headache,atorvastatin,Cholesterol,103.85
23719c41-f236-4768-b25e-bf739dbf8ad2,c3937653-5c3a-493a-a476-570b9fbaa52b,2020-03-11,E11,Type 2 diabetes mellitus,atorvastatin,Cholesterol,210.01
4ffdcaaa-e8d7-435c-b6e6-57261d8b10e5,c3937653-5c3a-493a-a476-570b9fbaa52b,2025-04-06,I10,Essential (primary) hypertension,ibuprofen,HbA1c,6.48
b41f0dc1-5f63-4007-b1e9-114954c25115,c3937653-5c3a-493a-a476-570b9fbaa52b,2019-03-07,F32,Major depressive disorder,metformin,Creatinine,1.52
799c9488-c445-4017-af75-f98b0c018c49,5a74f6f8-2781-407f-a2bc-eea96201fde4,2015-10-29,J45,Asthma,ibuprofen,WBC,6.57
10062d95-a2a4-47c5-a623-86a6c4f3d1fd,5a74f6f8-2781-407f-a2bc-eea96201fde4,2024-01-03,M54,Back pain,metformin,Creatinine,0.83
663e8a6f-1d98-4648-bd6e-db41848ada0b,5a74f6f8-2781-407f-a2bc-eea96201fde4,2021-07-07,M54,Back pain,sertraline,WBC,10.51
2cd077b7-fa22-4a22-a151-de814929e307,5a74f6f8-2781-407f-a2bc-eea96201fde4,2017-04-03,M54,Back pain,albuterol,Creatinine,0.71
5e77f678-2256-48c0-af34-be63f1355b67,5a74f6f8-2781-407f-a2bc-eea96201fde4,2022-10-17,F32,Major depressive disorder,metformin,Creatinine,1.12
dc336c14-474a-465e-b559-b4deb33fde80,6f83a129-5b32-4e66-8473-89eae6256533,2018-12-12,R51,Headache,atorvastatin,Cholesterol,140.92
07cb35a8-bf1d-4bca-93bd-822ffbf370b2,6f83a129-5b32-4e66-8473-89eae6256533,2024-06-13,E11,Type 2 diabetes mellitus,sertraline,HbA1c,11.56
2d7aad9c-68b4-42ec-b701-4c80fdfd46df,6f83a129-5b32-4e66-8473-89eae6256533,2015-11-29,I10,Essential (primary) hypertension,lisinopril,Creatinine,1.73
29017777-a99f-4760-aaa3-fd89e6786067,6f83a129-5b32-4e66-8473-89eae6256533,2018-02-25,I10,Essential (primary) hypertension,ibuprofen,Creatinine,0.98
7851ea2c-e7ac-4f29-b0fb-a3b47c862dd7,575f1959-eea2-4763-ad96-df65f237a715,2018-06-13,R51,Headache,lisinopril,Creatinine,0.75
e0466ab2-efdf-418d-8a16-9f534fa694e3,1f7abf50-a77e-4b99-8fe9-cfde976839d0,2022-03-28,E11,Type 2 diabetes mellitus,lisinopril,WBC,10.74
5d3956ea-6bc7-412c-99ea-7624491f61ff,4f2c6234-2f94-42f8-8a55-97e63cf73cc7,2020-02-10,R51,Headache,sertraline,Creatinine,1.13
e3101182-1e5d-4876-a9d3-edef3a6d93b8,4f2c6234-2f94-42f8-8a55-97e63cf73cc7,2021-05-01,M54,Back pain,lisinopril,Cholesterol,196.04
ab72d8d5-c852-4d58-8449-44e2059e258c,d0c59d7e-55b0-4ed7-bf5d-bf8a0717a322,2022-07-07,R51,Headache,lisinopril,HbA1c,10.36
2e7285a1-3307-40ad-9d04-892ff1c66083,d0c59d7e-55b0-4ed7-bf5d-bf8a0717a322,2015-10-18,E11,Type 2 diabetes mellitus,metformin,HbA1c,12.64
1cf43ca6-7d7f-4cf1-b794-f78dd6f362c4,d0c59d7e-55b0-4ed7-bf5d-bf8a0717a322,2022-08-21,E11,Type 2 diabetes mellitus,albuterol,Cholesterol,176.28
eb6e51e5-11c4-4a12-bdde-a12b9432c7b1,d0c59d7e-55b0-4ed7-bf5d-bf8a0717a322,2019-05-06,I10,Essential (primary) hypertension,metformin,HbA1c,8.0
947ea8d4-4f59-4e6d-8806-df53f4cb50f9,d0c59d7e-55b0-4ed7-bf5d-bf8a0717a322,2018-06-21,I10,Essential (primary) hypertension,sertraline,Creatinine,0.52
b14c700b-68ba-4b45-9986-086094145d0f,a6fdff7b-e1da-4daa-ba98-deb2075857ca,2018-05-20,E11,Type 2 diabetes mellitus,albuterol,HbA1c,13.04
45890efa-59f4-4d63-82c9-363e97608f5d,a6fdff7b-e1da-4daa-ba98-deb2075857ca,2022-04-29,I10,Essential (primary) hypertension,albuterol,Cholesterol,286.03
008802c3-e989-4ddf-b2f3-43685fbb2807,a6fdff7b-e1da-4daa-ba98-deb2075857ca,2015-10-06,I10,Essential (primary) hypertension,metformin,HbA1c,12.86
2076e5ee-f26c-4404-a218-be912deda88b,a6fdff7b-e1da-4daa-ba98-deb2075857ca,2020-05-15,I10,Essential (primary) hypertension,metformin,HbA1c,5.32
b7fc0f8b-9796-4132-81e0-b324d08db768,6eb3ad95-5b3e-40bd-86bd-587013f7c2cc,2020-08-10,M54,Back pain,atorvastatin,Creatinine,0.83
1fe2b8b8-6475-4481-b2a8-5bda7caf16eb,6eb3ad95-5b3e-40bd-86bd-587013f7c2cc,2017-10-31,M54,Back pain,sertraline,HbA1c,11.45
fa4c7c40-129f-4326-9c31-7da7090d6846,bb392ac0-fd41-45a5-9be5-77c8b8e11dcd,2023-04-19,E11,Type 2 diabetes mellitus,sertraline,Cholesterol,105.98
10a9c82a-4991-4a0c-b640-a39298755bae,bb392ac0-fd41-45a5-9be5-77c8b8e11dcd,2020-02-19,F32,Major depressive disorder,sertraline,Cholesterol,135.0
7a01c75e-3916-4880-915d-c7ffbd871070,e4e12d3d-43c9-494f-93fe-9590eab12e2c,2019-03-31,E11,Type 2 diabetes mellitus,atorvastatin,HbA1c,13.61
82fc67ba-d57e-410a-bd89-b77918174d17,d4ae8038-80e1-4fe0-a25d-9d5c20f4634a,2017-10-02,J45,Asthma,atorvastatin,Cholesterol,140.54
725b0caf-7260-46b2-b569-454aa1d54a83,d4ae8038-80e1-4fe0-a25d-9d5c20f4634a,2022-09-19,E11,Type 2 diabetes mellitus,atorvastatin,Creatinine,1.94
480398c7-4f2d-4b1c-ad4e-1c05c71920ce,d4ae8038-80e1-4fe0-a25d-9d5c20f4634a,2023-08-09,I10,Essential (primary) hypertension,atorvastatin,Cholesterol,262.07
3701177d-0ec4-4738-92a5-56cfa59d8a64,b25fe5ee-d7de-4039-a65e-d2c023fe64bd,2015-12-02,M54,Back pain,sertraline,Cholesterol,258.39
b3e988b7-046a-4dad-9058-5a2b9138940a,713de691-9753-45ae-91a6-be1556e48670,2022-07-02,J45,Asthma,metformin,Creatinine,1.13
75f3e4d2-bd6a-4388-bf35-cc03f52df6fd,0cbdfb96-ea81-4717-824b-d21864827323,2019-08-10,I10,Essential (primary) hypertension,albuterol,Creatinine,1.56
f9918744-a036-4b53-9e90-5ddd363ec3aa,0cbdfb96-ea81-4717-824b-d21864827323,2019-08-26,I10,Essential (primary) hypertension,albuterol,Creatinine,1.05
64d61349-a1ff-49cb-9b45-c10807a89986,0cbdfb96-ea81-4717-824b-d21864827323,2019-03-17,F32,Major depressive disorder,albuterol,Cholesterol,296.7
ec033655-1f25-45dc-8487-8f2eb8bd2d83,0cbdfb96-ea81-4717-824b-d21864827323,2017-02-09,J45,Asthma,lisinopril,Cholesterol,235.14
16636c56-d234-463f-9d17-3ec2955bf9c2,b277014a-2a2e-4499-97ad-847a53f85680,2021-09-03,F32,Major depressive disorder,metformin,Creatinine,1.82
d15a4b0b-8ceb-4b83-8b5b-758c4836b5ad,b277014a-2a2e-4499-97ad-847a53f85680,2021-12-24,J45,Asthma,atorvastatin,Cholesterol,190.15
a97ec5fa-4dab-484a-9011-f419ffb3f1d2,b277014a-2a2e-4499-97ad-847a53f85680,2019-09-01,R51,Headache,lisinopril,HbA1c,7.76
cc340a68-98ff-48d3-8285-d59b638f55ef,b277014a-2a2e-4499-97ad-847a53f85680,2016-01-27,R51,Headache,lisinopril,Creatinine,1.26
cc0e7567-dc69-4b73-ac66-79502e2da3a8,04d3bff6-07bc-4ced-a4cb-0f711c3ed36d,2016-03-02,M54,Back pain,lisinopril,WBC,10.42
343561d0-459e-481d-9cff-08fb0bd30c54,04d3bff6-07bc-4ced-a4cb-0f711c3ed36d,2021-04-08,E11,Type 2 diabetes mellitus,sertraline,HbA1c,13.91
d0280950-4990-4912-bbc6-2e09e5d0747f,d377f1a1-a1f1-4ec1-95d0-2be087a02b83,2025-03-30,M54,Back pain,metformin,HbA1c,6.92
a87de23b-659c-438d-943f-78d7d3f4e302,d377f1a1-a1f1-4ec1-95d0-2be087a02b83,2019-07-17,R51,Headache,lisinopril,WBC,9.16
c2a075ad-6dae-4eef-99bd-47402af051d1,d377f1a1-a1f1-4ec1-95d0-2be087a02b83,2016-11-17,J45,Asthma,sertraline,HbA1c,7.59
4afb39d7-d014-4b4b-b5e0-b6b9fe23dae3,d377f1a1-a1f1-4ec1-95d0-2be087a02b83,2016-05-01,J45,Asthma,ibuprofen,Cholesterol,204.62
beee72a6-e33f-4475-b97e-5ce5d5a2bcc7,d377f1a1-a1f1-4ec1-95d0-2be087a02b83,2016-07-10,F32,Major depressive disorder,lisinopril,Creatinine,1.6
cd205445-8d1f-4949-abce-f91f4c859567,239e5318-bb5e-4df8-bc3f-e19aca74e106,2023-03-08,R51,Headache,atorvastatin,Cholesterol,131.14
3f20a718-b822-4fe1-9ff1-54db48d400dd,bd075d88-a4ec-4a05-aad8-b36c7944b862,2017-09-06,E11,Type 2 diabetes mellitus,ibuprofen,HbA1c,9.2
1f55bba7-a824-4867-b1da-c788f6880716,bd075d88-a4ec-4a05-aad8-b36c7944b862,2024-11-26,R51,Headache,albuterol,WBC,9.8
4c07e27c-f42a-483c-a1d0-6b19f8d2dbab,0eedd193-329f-49d1-a06c-db8a9101f094,2016-06-16,I10,Essential (primary) hypertension,ibuprofen,HbA1c,13.54
d3c3cdf4-7adf-49af-a651-5ede4b07eaac,0eedd193-329f-49d1-a06c-db8a9101f094,2023-07-28,E11,Type 2 diabetes mellitus,metformin,HbA1c,7.31
ade7388e-841a-4861-9dee-e2c84edde3a3,0eedd193-329f-49d1-a06c-db8a9101f094,2023-05-23,I10,Essential (primary) hypertension,atorvastatin,HbA1c,5.14
e7aee450-0e5f-4c99-b541-26180780c477,fca54723-e809-4e8b-92a6-15216d83ff49,2024-05-18,F32,Major depressive disorder,albuterol,Cholesterol,102.11
f8cdb07b-cda0-46d2-b543-880923b4b75d,fca54723-e809-4e8b-92a6-15216d83ff49,2019-01-05,J45,Asthma,albuterol,Cholesterol,174.98
b083fdb9-9e03-488d-9b8f-6db634b91686,fca54723-e809-4e8b-92a6-15216d83ff49,2022-04-22,F32,Major depressive disorder,ibuprofen,Cholesterol,227.04
5d5b1995-7957-4c6d-9c4e-dd383f3bd563,fca54723-e809-4e8b-92a6-15216d83ff49,2019-01-22,E11,Type 2 diabetes mellitus,atorvastatin,Cholesterol,295.4
0a860e35-4d86-4365-a624-ff4b404346b1,d210a2aa-6c93-47db-8c34-593e97df13e0,2022-02-16,J45,Asthma,metformin,Creatinine,1.52
11e51b1f-2d50-4e0f-ab42-5dee399e8e1f,d210a2aa-6c93-47db-8c34-593e97df13e0,2016-01-21,F32,Major depressive disorder,ibuprofen,HbA1c,8.52
23377291-18a6-47b5-a53e-cc3c30a25128,d210a2aa-6c93-47db-8c34-593e97df13e0,2019-02-17,M54,Back pain,albuterol,Cholesterol,298.93
f82aa918-4f93-4668-9fb3-9a104cd2246e,d210a2aa-6c93-47db-8c34-593e97df13e0,2021-06-14,E11,Type 2 diabetes mellitus,sertraline,HbA1c,9.01
092dcb2b-a07d-443a-81fa-4dc29a9856a4,f176d55f-b5ee-47f9-87a7-41627c993611,2024-09-05,E11,Type 2 diabetes mellitus,lisinopril,HbA1c,8.82
54ca5f86-40e6-4360-986d-307ed76f3773,f176d55f-b5ee-47f9-87a7-41627c993611,2017-04-24,J45,Asthma,lisinopril,Cholesterol,106.87
fc36c760-8843-4500-813a-237899f4faa0,f176d55f-b5ee-47f9-87a7-41627c993611,2022-03-29,M54,Back pain,atorvastatin,Cholesterol,143.31
1a5ab153-e5a1-4fb0-b8e7-263d6d6ed32d,f176d55f-b5ee-47f9-87a7-41627c993611,2021-02-09,E11,Type 2 diabetes mellitus,metformin,WBC,8.34
0b67d601-8c81-488c-96d9-971b85f26a6b,f176d55f-b5ee-47f9-87a7-41627c993611,2018-02-21,E11,Type 2 diabetes mellitus,ibuprofen,Cholesterol,113.82
37aad9dd-a567-4713-970b-53568b5a7d3c,8dec4d84-0d65-4254-9934-eb3c9e6b2758,2020-07-08,J45,Asthma,atorvastatin,Cholesterol,260.26
054f32f0-3353-457c-a0e3-dda02d7963c0,8dec4d84-0d65-4254-9934-eb3c9e6b2758,2019-09-15,R51,Headache,atorvastatin,HbA1c,6.91
29223454-ad8c-4392-8378-bc0950aa5677,01cb7b25-b253-4f31-bc4a-ed182d90dad7,2017-11-19,M54,Back pain,sertraline,WBC,11.12
014d1a3a-ba2a-42fd-8829-94057d9eef6b,4aeba029-ef40-4ce1-81a8-94ce877cb8ae,2016-02-21,I10,Essential (primary) hypertension,metformin,Creatinine,1.36
2cc253be-ede8-4365-a88c-a20c3934da3e,4aeba029-ef40-4ce1-81a8-94ce877cb8ae,2020-12-05,E11,Type 2 diabetes mellitus,atorvastatin,WBC,11.72
158d0f25-0adf-485f-baa8-6b85b9407f23,4aeba029-ef40-4ce1-81a8-94ce877cb8ae,2024-11-07,I10,Essential (primary) hypertension,sertraline,Cholesterol,149.81
b5b9a5bf-4e52-4af0-b223-3118b3896429,7677317e-9ca8-4a49-bd57-863cca58be79,2017-01-05,R51,Headache,atorvastatin,WBC,9.95
6ddbeb64-7799-4ca0-8179-5dab5b2bd557,7677317e-9ca8-4a49-bd57-863cca58be79,2025-03-22,J45,Asthma,lisinopril,WBC,6.06
b622c247-8bd0-4225-ac8d-6dba7bd8ca1b,7677317e-9ca8-4a49-bd57-863cca58be79,2018-01-20,M54,Back pain,sertraline,WBC,9.42
69c8e7dd-b0ef-4777-9758-0d7646663762,7677317e-9ca8-4a49-bd57-863cca58be79,2016-08-24,R51,Headache,metformin,HbA1c,6.06
c45fd2f1-9c24-44e1-a3ad-42fd30c0429c,d98e65da-b291-426c-9561-05c93a39cfd6,2017-05-30,M54,Back pain,ibuprofen,HbA1c,8.66
8a2fdc98-b726-413e-bbcf-a250185f12b5,d98e65da-b291-426c-9561-05c93a39cfd6,2021-08-08,R51,Headache,sertraline,HbA1c,11.23
6767e8d6-6f7d-488c-ae80-b12f8d528331,2043ed8f-e8ee-4ddc-a796-c70f51ab6217,2018-08-05,M54,Back pain,metformin,Cholesterol,194.73
afaca6d3-cfe2-4f97-adc1-9532292b70af,2043ed8f-e8ee-4ddc-a796-c70f51ab6217,2022-08-02,F32,Major depressive disorder,ibuprofen,Cholesterol,113.39
18c2c766-5bf1-4059-9782-064daaac0af1,2043ed8f-e8ee-4ddc-a796-c70f51ab6217,2024-09-25,J45,Asthma,atorvastatin,Creatinine,1.16
1d044983-f397-405d-927d-0e1b410c4fc7,92a3ba78-9165-4c6f-b1dc-f14acff233ad,2022-12-26,I10,Essential (primary) hypertension,metformin,HbA1c,6.04
e466452b-5138-4967-8aa4-f0023627192a,92a3ba78-9165-4c6f-b1dc-f14acff233ad,2019-04-26,I10,Essential (primary) hypertension,atorvastatin,WBC,7.01
30e0e0ef-0e85-4bce-a90e-cdea2e6be0d8,92a3ba78-9165-4c6f-b1dc-f14acff233ad,2019-08-04,J45,Asthma,ibuprofen,Creatinine,1.16
3ae0125a-48ac-41e1-9579-48dfdbd19e28,92a3ba78-9165-4c6f-b1dc-f14acff233ad,2016-11-08,R51,Headache,lisinopril,Cholesterol,123.17
c3505cad-6fcd-4bff-921c-cfd5a73147df,92a3ba78-9165-4c6f-b1dc-f14acff233ad,2025-04-08,I10,Essential (primary) hypertension,lisinopril,WBC,5.7
3ce4538f-a6f8-4148-b0b3-52a40e52d5bb,99db89d0-3a86-41ff-85aa-8f51f4342d89,2025-08-03,J45,Asthma,metformin,HbA1c,5.57
c7f5d2d1-af25-41a2-8feb-9f5877bdd23d,99db89d0-3a86-41ff-85aa-8f51f4342d89,2018-03-31,J45,Asthma,ibuprofen,HbA1c,7.38
4b85314e-7470-4079-964b-551756481ec5,99db89d0-3a86-41ff-85aa-8f51f4342d89,2016-08-12,I10,Essential (primary) hypertension,albuterol,WBC,10.75
c73a7cfc-d049-402e-b547-bd14036c2dac,99db89d0-3a86-41ff-85aa-8f51f4342d89,2016-09-23,I10,Essential (primary) hypertension,lisinopril,Cholesterol,195.66
c131c6d1-025b-4c64-a810-f60cb7cf60f5,64982ec9-825a-42c8-9302-7bfad65e1a63,2024-08-08,I10,Essential (primary) hypertension,sertraline,HbA1c,5.89
bea4d2f2-670a-47e6-9470-f755d4d859cf,64982ec9-825a-42c8-9302-7bfad65e1a63,2024-04-15,M54,Back pain,lisinopril,HbA1c,9.04
57bd635d-b7ed-4fd7-a6fc-89911b72a793,2081447d-3aac-4b1a-9799-b8dec92a395d,2019-05-14,I10,Essential (primary) hypertension,lisinopril,Cholesterol,267.95
4a10c2ae-00fa-4555-a37c-11f451f469cd,965f2b51-91e1-4a5e-8e59-181a4458f567,2023-03-09,J45,Asthma,sertraline,HbA1c,11.65
1ec77f96-507e-491d-acc4-edb36fbb865b,965f2b51-91e1-4a5e-8e59-181a4458f567,2025-03-26,J45,Asthma,sertraline,HbA1c,6.33
ecac8804-09fb-438d-9fdc-acfccbbeff3c,965f2b51-91e1-4a5e-8e59-181a4458f567,2017-07-26,J45,Asthma,sertraline,Cholesterol,221.29
bfc333f7-f3ba-4880-bcac-5dfa948afba9,891611f9-b08d-405e-9643-ec353c8d84dd,2017-04-26,I10,Essential (primary) hypertension,sertraline,Cholesterol,229.21
e4a33f5d-f9f7-43b9-b5e6-bec2e72fe81c,891611f9-b08d-405e-9643-ec353c8d84dd,2017-03-29,R51,Headache,lisinopril,WBC,8.39
e2f5f891-45a8-4294-a2ae-d0b5fae26681,d92b0904-5bf1-4439-98c3-5c2f57f709f1,2020-02-20,E11,Type 2 diabetes mellitus,sertraline,HbA1c,8.46
a3356b02-b3eb-42db-9548-99fa1edd86ad,d92b0904-5bf1-4439-98c3-5c2f57f709f1,2019-06-01,E11,Type 2 diabetes mellitus,atorvastatin,WBC,9.96
3b2602f9-c5f4-4d5c-96dc-b8d8a77d3f76,d92b0904-5bf1-4439-98c3-5c2f57f709f1,2025-04-07,J45,Asthma,albuterol,Cholesterol,156.17
9086c129-aefe-44da-9b56-0ab1d70a99d5,6f5ad456-3b7e-4ccb-b958-5e2318621ae2,2022-04-23,M54,Back pain,ibuprofen,Creatinine,1.87
38d59375-4e29-4d4f-a560-30d120ea2f6e,6f5ad456-3b7e-4ccb-b958-5e2318621ae2,2016-02-14,F32,Major depressive disorder,ibuprofen,Cholesterol,177.22
834429ef-5e66-4267-8fe6-3bf7112d6a72,6f5ad456-3b7e-4ccb-b958-5e2318621ae2,2015-12-11,R51,Headache,ibuprofen,WBC,7.22
cea286d0-c466-4687-91df-c8827f31d784,98b2b616-c1f3-4aee-857c-58178a53b01d,2017-12-16,F32,Major depressive disorder,albuterol,HbA1c,6.89
84fbab02-56e6-45e5-837b-dc9c4fd7bf06,e626c902-9680-4191-878c-be22279f738e,2022-09-02,J45,Asthma,ibuprofen,WBC,5.82
883cdc05-1d02-44fb-bf0e-d07c4e24463f,e626c902-9680-4191-878c-be22279f738e,2022-01-29,I10,Essential (primary) hypertension,ibuprofen,WBC,6.14
5a8c5ff0-86da-4a1d-aa81-85678f640cbe,e626c902-9680-4191-878c-be22279f738e,2022-04-12,I10,Essential (primary) hypertension,albuterol,Cholesterol,155.7
05b1e88a-f61c-4af1-9372-ead123141463,a73b83cb-bb3a-4648-8119-029347b9393b,2020-12-16,R51,Headache,atorvastatin,WBC,9.91
0517c47f-2428-4733-b759-6a1301960bb4,a73b83cb-bb3a-4648-8119-029347b9393b,2015-09-23,I10,Essential (primary) hypertension,atorvastatin,Creatinine,0.7
2670a2b5-6b36-45ac-8de5-2a164cd99a65,a73b83cb-bb3a-4648-8119-029347b9393b,2018-01-08,J45,Asthma,atorvastatin,Creatinine,0.73
0ba9d614-2d96-4501-9e2c-ce700479b5a9,a73b83cb-bb3a-4648-8119-029347b9393b,2020-07-10,M54,Back pain,ibuprofen,WBC,4.05
ff609ded-aeaf-4af6-91c6-892b4fcd87d0,a73b83cb-bb3a-4648-8119-029347b9393b,2017-08-10,J45,Asthma,atorvastatin,WBC,4.85
b1949b76-8473-4d9f-acb9-733dac5947d0,962e30a0-2319-4701-b7b1-2afbbbfafd9e,2023-08-30,R51,Headache,sertraline,Creatinine,0.79
baf7f4a1-702a-4bd7-8044-be0017646ea7,962e30a0-2319-4701-b7b1-2afbbbfafd9e,2020-04-13,R51,Headache,albuterol,Cholesterol,207.48
36a33949-4f8c-4a98-af45-5ea7720f6aa0,962e30a0-2319-4701-b7b1-2afbbbfafd9e,2024-01-27,J45,Asthma,ibuprofen,HbA1c,6.9
2e9948a2-9b22-4c43-873a-dd6b08b65bdf,b3f4357b-1e96-4bac-89c4-65d5dd4f17f2,2016-08-05,M54,Back pain,sertraline,HbA1c,5.13
9c06a537-4972-4b2c-b361-faea6ca4afd0,b3f4357b-1e96-4bac-89c4-65d5dd4f17f2,2016-08-10,J45,Asthma,sertraline,Cholesterol,286.95
ed605ccd-9ed5-4c15-bb45-38b9c044667e,b3f4357b-1e96-4bac-89c4-65d5dd4f17f2,2019-07-16,M54,Back pain,albuterol,Cholesterol,139.84
d02e61f2-e697-46f5-b812-73796195926b,b3f4357b-1e96-4bac-89c4-65d5dd4f17f2,2025-02-21,F32,Major depressive disorder,atorvastatin,Cholesterol,219.05
f188bf8b-a387-4d8f-bcd6-9b79b881533c,c7a5037c-d04f-46ed-bf47-9d3fe9d40c1e,2020-10-23,F32,Major depressive disorder,albuterol,HbA1c,5.83
ab651887-1db9-482e-ba63-bff9f1c0360c,c7a5037c-d04f-46ed-bf47-9d3fe9d40c1e,2024-05-02,J45,Asthma,metformin,HbA1c,12.55
078e23bd-f2dc-4e67-bbb1-0bc973ba6772,c7a5037c-d04f-46ed-bf47-9d3fe9d40c1e,2022-08-08,E11,Type 2 diabetes mellitus,ibuprofen,Creatinine,0.6
0ca2932e-3aae-4230-8721-9e23e63d2ac5,c7a5037c-d04f-46ed-bf47-9d3fe9d40c1e,2024-08-21,R51,Headache,atorvastatin,Cholesterol,140.98
c881a823-f7f1-469e-b06e-3408e4c06e08,a7d97802-9a66-4032-881c-998b7c9713ca,2025-01-15,E11,Type 2 diabetes mellitus,metformin,Creatinine,1.96
221a4408-2231-49fd-9120-820bcee10608,a7d97802-9a66-4032-881c-998b7c9713ca,2017-08-23,J45,Asthma,albuterol,Cholesterol,148.14
0b7f4ed2-c3e0-4db6-9ce2-2b3243dfb509,a7d97802-9a66-4032-881c-998b7c9713ca,2023-03-30,M54,Back pain,ibuprofen,Creatinine,1.88
3bd0f685-cf9d-4a81-80ab-7a6deaf18186,a7d97802-9a66-4032-881c-998b7c9713ca,2021-09-30,I10,Essential (primary) hypertension,lisinopril,HbA1c,9.76
9929b6a4-0764-4db6-bbea-7911f2c98f30,a7d97802-9a66-4032-881c-998b7c9713ca,2022-02-28,I10,Essential (primary) hypertension,lisinopril,Cholesterol,140.63
881e0dd1-92a9-4aac-a37a-bc220613c6f2,96dcbdce-a1c0-4372-859a-f36f0d1c1763,2025-07-08,I10,Essential (primary) hypertension,metformin,Creatinine,1.7
f2023cf9-b8c3-4694-9f72-6977181c7e03,96dcbdce-a1c0-4372-859a-f36f0d1c1763,2024-04-25,E11,Type 2 diabetes mellitus,lisinopril,Cholesterol,144.19
07a20588-2c64-42e3-82c7-182f7a1cf1d6,96dcbdce-a1c0-4372-859a-f36f0d1c1763,2020-07-23,M54,Back pain,lisinopril,WBC,11.26
057736eb-c3a1-4334-863f-65b2cbd8b7fa,96dcbdce-a1c0-4372-859a-f36f0d1c1763,2022-07-31,E11,Type 2 diabetes mellitus,metformin,WBC,9.04
af92b247-1012-4cf1-90e3-1c584ec227e0,96dcbdce-a1c0-4372-859a-f36f0d1c1763,2020-10-31,M54,Back pain,ibuprofen,Cholesterol,189.23
3f13e989-da4b-4587-8612-164303e67727,593d83ed-722b-479d-9904-a123f92361ff,2024-08-02,E11,Type 2 diabetes mellitus,sertraline,Cholesterol,188.51
787ec125-c258-402a-ad03-d70cb3bcfcad,593d83ed-722b-479d-9904-a123f92361ff,2017-06-04,F32,Major depressive disorder,ibuprofen,Cholesterol,104.61
8efd3eb1-cbe4-4487-b226-175415ad93d0,72e9b804-23a7-41e4-b901-4712745b068a,2023-05-31,R51,Headache,sertraline,Cholesterol,257.92
e9c5d8c1-ef9f-4042-a05e-8668eab9213e,72e9b804-23a7-41e4-b901-4712745b068a,2019-11-02,J45,Asthma,albuterol,HbA1c,9.24
1f1d0c29-eb27-48ed-acec-ddfb2c84675e,72e9b804-23a7-41e4-b901-4712745b068a,2018-10-23,F32,Major depressive disorder,sertraline,WBC,6.36
d729e9a8-5eb9-40b0-b549-0a74e259a3e7,595f93ed-223d-48d1-9fc3-70b6e7ab9662,2018-12-22,R51,Headache,atorvastatin,Cholesterol,133.68
0b53d3fa-54bd-4dfc-9745-c13431cb524a,c2142308-d6d2-4a53-978e-e48c11f1b700,2023-05-23,I10,Essential (primary) hypertension,albuterol,Creatinine,1.05
0081dbc1-35fe-42b5-8c18-8eac87bdf6ed,c2142308-d6d2-4a53-978e-e48c11f1b700,2022-12-04,R51,Headache,albuterol,WBC,6.41
f709a316-eba0-474a-9db9-ee1f698f8d7d,c2142308-d6d2-4a53-978e-e48c11f1b700,2015-11-14,F32,Major depressive disorder,metformin,WBC,8.81
b2c5ca91-36f8-45d0-be4e-e0b1a8169f02,c2142308-d6d2-4a53-978e-e48c11f1b700,2024-12-27,F32,Major depressive disorder,atorvastatin,HbA1c,8.19
8fded1ac-7003-4ded-8b05-0dea46ba4a70,0b140e53-9ab4-48a0-9400-5bb55a3647b0,2021-09-06,F32,Major depressive disorder,metformin,Cholesterol,187.26
941f1746-67ce-4827-bcb1-d58fe3a36bc5,0b140e53-9ab4-48a0-9400-5bb55a3647b0,2020-09-19,F32,Major depressive disorder,metformin,Cholesterol,150.99
a7ad0224-7888-40e4-9e9b-0e06e4c0d8bd,0b140e53-9ab4-48a0-9400-5bb55a3647b0,2023-02-24,J45,Asthma,albuterol,Creatinine,1.17
324a6d3e-46f2-4636-84e5-f02f3b698e4f,46e6d73f-36f0-4ce0-96ff-a39fe7c6688d,2023-04-04,M54,Back pain,atorvastatin,WBC,10.61
649969b4-2b74-41a9-abce-239a55f131fc,46e6d73f-36f0-4ce0-96ff-a39fe7c6688d,2021-06-08,J45,Asthma,metformin,WBC,3.81
62e9179e-bd67-491f-bad5-2bf9b5a72c6b,7bb38d52-7460-4f65-89f3-4b2540d471da,2024-09-04,M54,Back pain,atorvastatin,HbA1c,6.88
24ff5503-b551-4a50-addb-3bdbcaa6ce4c,7bb38d52-7460-4f65-89f3-4b2540d471da,2019-10-28,J45,Asthma,sertraline,WBC,5.64
c6364aee-a44d-465d-879d-c11a158605e0,1a2dd56a-68cf-49f4-9cd2-d90446b03728,2022-08-04,I10,Essential (primary) hypertension,lisinopril,Cholesterol,162.32
f89f5101-2270-4695-8bc0-26c60ea8dd71,1a2dd56a-68cf-49f4-9cd2-d90446b03728,2019-11-16,E11,Type 2 diabetes mellitus,lisinopril,HbA1c,10.4
d0619e35-807a-4348-9608-59d2ea0bea58,1a2dd56a-68cf-49f4-9cd2-d90446b03728,2019-04-17,R51,Headache,atorvastatin,WBC,5.59
81a9672c-b4b1-4a20-9c08-84055b1bf948,1a2dd56a-68cf-49f4-9cd2-d90446b03728,2020-06-09,F32,Major depressive disorder,lisinopril,WBC,3.15
dae322dd-3299-4061-82e2-4705306f712a,08b1f72d-530d-456e-8c15-a16db733de85,2018-12-15,R51,Headache,metformin,HbA1c,11.84
9316faf7-d4e7-4c9b-96db-a3972e0d3a3c,08b1f72d-530d-456e-8c15-a16db733de85,2022-09-11,I10,Essential (primary) hypertension,ibuprofen,HbA1c,11.9
687063a2-1a95-41a4-aeb5-060646e51311,b9857b9c-9f9b-4ecd-ada6-dce32afac365,2017-03-07,J45,Asthma,atorvastatin,WBC,4.37
abbc2913-3114-499c-b6fa-69b5d24454a4,b9857b9c-9f9b-4ecd-ada6-dce32afac365,2023-08-14,I10,Essential (primary) hypertension,metformin,Creatinine,1.77
8fcc9583-aaca-4465-8582-b7130eadcff2,b9857b9c-9f9b-4ecd-ada6-dce32afac365,2017-02-13,J45,Asthma,ibuprofen,HbA1c,9.26
30574bcb-59d3-4b10-a3bf-92074ffb765b,b9857b9c-9f9b-4ecd-ada6-dce32afac365,2025-01-28,F32,Major depressive disorder,lisinopril,WBC,3.44
8e130ff2-0c53-4b59-861e-04db8fc36acb,b9857b9c-9f9b-4ecd-ada6-dce32afac365,2023-12-19,I10,Essential (primary) hypertension,lisinopril,Creatinine,1.32
b81a015a-352c-4054-abcf-dadbce20f968,293df0ef-c95a-42d1-9715-2e699d1cb548,2020-07-11,I10,Essential (primary) hypertension,sertraline,WBC,9.39
d4cb44b4-6aa1-4e95-9a86-b33ccf1f06f8,293df0ef-c95a-42d1-9715-2e699d1cb548,2017-09-17,I10,Essential (primary) hypertension,lisinopril,HbA1c,5.14
e54a73a9-f3a5-410a-baf2-3fdceff818da,293df0ef-c95a-42d1-9715-2e699d1cb548,2021-06-25,I10,Essential (primary) hypertension,metformin,Creatinine,1.14
b5698e8b-01b6-42cc-b22f-99d05422704b,9cbfc79e-bab2-44df-b12a-b8e403fa5575,2018-02-11,F32,Major depressive disorder,ibuprofen,Cholesterol,277.76
4b08d916-ce0f-4e45-a301-3a591d8a07b3,9cbfc79e-bab2-44df-b12a-b8e403fa5575,2020-06-24,R51,Headache,ibuprofen,Creatinine,1.66
85519bda-4121-410d-a96c-46669281d08f,9cbfc79e-bab2-44df-b12a-b8e403fa5575,2019-03-28,R51,Headache,atorvastatin,Cholesterol,250.33
6903dd21-bb04-4515-9ccd-7e25c7f7796f,9cbfc79e-bab2-44df-b12a-b8e403fa5575,2019-11-04,F32,Major depressive disorder,lisinopril,Cholesterol,125.25
9392478a-10c8-4e4f-9f5a-f568103cbed8,b0e70109-439b-4ada-b2b3-3dff9144ba45,2023-05-24,E11,Type 2 diabetes mellitus,ibuprofen,Creatinine,1.75
933df92b-26fe-4002-a57e-b77dc54b545e,5df31d74-6da6-498c-abff-7b6f6f9d9830,2018-12-08,F32,Major depressive disorder,sertraline,Cholesterol,159.9
6c8a26b5-41c0-4bd6-8e20-0c40acb1992a,ee04312e-e0fd-48de-9eca-16159e85da44,2022-03-09,F32,Major depressive disorder,lisinopril,HbA1c,6.55
42e02feb-a440-4f4b-8983-610a6497957e,9c3c74a1-c998-44df-b4d9-002affa603dc,2020-09-01,M54,Back pain,atorvastatin,WBC,8.84
2ddda939-c29d-4327-9c73-8cdd5e54a2b2,9c3c74a1-c998-44df-b4d9-002affa603dc,2022-04-30,F32,Major depressive disorder,lisinopril,WBC,3.15
6753e429-1057-44d4-a492-cfb641b1df9a,a005d892-d80b-472f-b0f1-23e4e32fe3d8,2020-10-15,J45,Asthma,sertraline,Cholesterol,193.27
48c25f68-a734-49f0-aa9d-475a04588318,a005d892-d80b-472f-b0f1-23e4e32fe3d8,2020-06-30,J45,Asthma,lisinopril,Cholesterol,126.08
d02aea86-fa1d-4276-b472-6b459626b3b5,df00cc05-4efa-4de2-9f13-3df05dbafe73,2022-12-17,I10,Essential (primary) hypertension,atorvastatin,HbA1c,7.31
1b41ad06-b750-4b43-8114-6444b4397780,57c6270c-fc67-4d0b-a0a1-38dbe8bdf622,2021-10-13,F32,Major depressive disorder,sertraline,Cholesterol,115.62
93c37fed-3404-4412-8578-cad9f8fe248b,69d043a6-a7d7-432e-9036-e8c900bb44fc,2021-09-25,M54,Back pain,ibuprofen,Cholesterol,108.1
a1775657-8b0f-4a4f-85fa-4b829111f3b0,69d043a6-a7d7-432e-9036-e8c900bb44fc,2015-12-22,F32,Major depressive disorder,metformin,Creatinine,0.93
746fde12-71d7-46b7-861f-fdd35b006621,69d043a6-a7d7-432e-9036-e8c900bb44fc,2022-03-26,M54,Back pain,lisinopril,HbA1c,13.92
913035fa-642b-4d31-a451-03870d343220,708976e8-e9f9-4343-a4ff-3812ef75d26c,2017-05-14,R51,Headache,ibuprofen,Creatinine,0.5
2cefee1a-9040-4340-8de2-cd193da703b7,708976e8-e9f9-4343-a4ff-3812ef75d26c,2020-01-01,I10,Essential (primary) hypertension,atorvastatin,Creatinine,0.44
0ba3b034-b827-4017-b610-e83ca31fbe2a,f225719d-f575-4e5c-b798-ff4e3611ce58,2021-12-19,M54,Back pain,sertraline,Creatinine,1.39
d88c8ef1-5a4d-4f9c-8c9c-9e60d8500f0e,f225719d-f575-4e5c-b798-ff4e3611ce58,2022-07-08,J45,Asthma,metformin,HbA1c,12.89
71adc923-ad41-4e0d-acf9-0f1fd4356daa,f225719d-f575-4e5c-b798-ff4e3611ce58,2017-03-17,F32,Major depressive disorder,sertraline,HbA1c,10.83
ebdc3a99-faf2-4af9-afa2-1e777eddf479,f225719d-f575-4e5c-b798-ff4e3611ce58,2019-07-27,R51,Headache,atorvastatin,HbA1c,13.99
25fa2f8e-bed6-4d5d-aa23-ed73bb80f034,b657f87e-0f47-4355-8071-957052f50570,2016-06-18,F32,Major depressive disorder,albuterol,Cholesterol,246.29
533854ed-532d-417c-8d04-7af216995a52,b657f87e-0f47-4355-8071-957052f50570,2018-08-04,J45,Asthma,lisinopril,WBC,9.86
39371548-5dab-457e-adfc-56f4108f2b3f,0d602dee-3527-4ebe-83f8-5574a30550c9,2024-09-01,M54,Back pain,sertraline,Creatinine,1.03
be139fe5-3077-4c06-add6-ed5cd2597c8b,0d602dee-3527-4ebe-83f8-5574a30550c9,2025-03-30,E11,Type 2 diabetes mellitus,albuterol,HbA1c,13.56
4bc63c6c-f01f-4599-89d1-56ae4588a500,9331ae3d-75c4-453b-9945-2954b0f113b5,2021-01-08,M54,Back pain,lisinopril,Cholesterol,259.89
a259d5cd-6d9e-4911-ac7a-d22dce5e2c93,9331ae3d-75c4-453b-9945-2954b0f113b5,2015-10-23,I10,Essential (primary) hypertension,sertraline,Creatinine,1.98
b6097d92-e59d-4e5c-b16d-cb71667b4e99,0210e79a-3dfd-4c46-8c7d-503e52fd48c5,2025-09-15,E11,Type 2 diabetes mellitus,lisinopril,HbA1c,7.02
73e03184-09ce-4f2f-9f8c-af8c822c0f7d,0210e79a-3dfd-4c46-8c7d-503e52fd48c5,2020-04-20,E11,Type 2 diabetes mellitus,lisinopril,Cholesterol,283.03
84e3f2d9-0dbe-4cc5-808c-728c53e678f6,4fc840db-6dff-4264-9c53-fbec19bdd660,2018-03-03,F32,Major depressive disorder,metformin,HbA1c,10.86
ff7d4af1-40da-493d-a67e-6b3e19e71dcf,4fc840db-6dff-4264-9c53-fbec19bdd660,2016-08-11,J45,Asthma,ibuprofen,Creatinine,1.76
2e223ca4-c352-4b02-aada-7e1ff938f160,f8e34ce1-fc3e-4059-9d2f-a92224620894,2019-03-30,M54,Back pain,ibuprofen,Creatinine,1.41
b10e6403-4146-4d2e-9e77-0fe7ecc7461b,f8e34ce1-fc3e-4059-9d2f-a92224620894,2022-01-19,M54,Back pain,lisinopril,Creatinine,1.69
b1c5250b-373f-44b6-ad39-4fe963a543f2,f8e34ce1-fc3e-4059-9d2f-a92224620894,2016-12-26,I10,Essential (primary) hypertension,lisinopril,HbA1c,8.62
0c5b9bff-b250-47a1-9e6e-55f63815362d,c9d9f773-e582-4f76-9214-9c4bf79fb5f9,2022-01-12,M54,Back pain,albuterol,Cholesterol,294.55
a535d44c-bfd3-445f-952f-c270542cb39b,c9d9f773-e582-4f76-9214-9c4bf79fb5f9,2021-03-05,E11,Type 2 diabetes mellitus,ibuprofen,Creatinine,1.68
4da1a6c0-ddc0-433f-a2f5-04bb32126cb5,c9d9f773-e582-4f76-9214-9c4bf79fb5f9,2022-10-28,E11,Type 2 diabetes mellitus,lisinopril,WBC,10.6
e4326fdf-29a5-4db6-9112-965d11635435,b00c9d13-d30a-4666-aac0-938db3585362,2015-11-02,I10,Essential (primary) hypertension,sertraline,WBC,11.33
bbecacc6-2910-42d9-b5cd-539cbf6fe297,b00c9d13-d30a-4666-aac0-938db3585362,2017-11-22,M54,Back pain,ibuprofen,Creatinine,1.06
9c7facb4-e0cb-4cf9-83b2-6b889a1c6416,c3b21ce1-5064-47bc-b3b5-91b773143251,2021-01-04,M54,Back pain,albuterol,Creatinine,0.53
7d45b0a9-c7ad-4ce9-b8b8-84761592c0b4,c3b21ce1-5064-47bc-b3b5-91b773143251,2023-11-22,M54,Back pain,sertraline,HbA1c,11.86
0909f88b-a35b-4594-949d-332f3fb7274d,c3b21ce1-5064-47bc-b3b5-91b773143251,2015-09-28,E11,Type 2 diabetes mellitus,sertraline,Cholesterol,263.01
85b8d924-44a5-4e8d-826b-bdcf3fd87c8a,c3b21ce1-5064-47bc-b3b5-91b773143251,2023-12-27,F32,Major depressive disorder,sertraline,HbA1c,7.67
a20cc45f-9094-474e-b2e4-fdf913c20ce4,5ed149e6-8d50-4d30-9335-f02270b44697,2024-05-21,J45,Asthma,lisinopril,Cholesterol,275.82
4b735414-99a9-4efb-8f7a-3f2ad878fad1,5ed149e6-8d50-4d30-9335-f02270b44697,2020-03-13,F32,Major depressive disorder,ibuprofen,WBC,6.65
2affdb04-1004-4060-b04d-fce4b93b1f37,5ed149e6-8d50-4d30-9335-f02270b44697,2016-03-09,I10,Essential (primary) hypertension,albuterol,WBC,8.5
dc056822-581b-4087-8db0-7c9bc9c7d942,be156fad-e424-49fc-854e-e70edebc9934,2021-12-11,I10,Essential (primary) hypertension,ibuprofen,Creatinine,1.35
8d6c5737-294f-4456-8430-75ed2ae69b1a,be156fad-e424-49fc-854e-e70edebc9934,2016-02-23,E11,Type 2 diabetes mellitus,metformin,HbA1c,5.28
47b63cef-9590-4f38-b7ac-a3c4dafd9977,f658c184-a57b-44fc-b4ca-d2491a1d9e11,2024-01-12,M54,Back pain,sertraline,Cholesterol,279.32
082f4f6f-ab31-4525-a558-9a4dafd95bcd,e09b1eff-42be-45b0-a3ad-dd1574533bf3,2025-02-19,E11,Type 2 diabetes mellitus,sertraline,WBC,3.29
81f8767b-c6ab-45ec-99a4-74991b8e9f5e,e09b1eff-42be-45b0-a3ad-dd1574533bf3,2022-06-12,J45,Asthma,atorvastatin,Creatinine,1.47
8a623435-4ddd-48dc-a776-b3a73c3b4c8e,56838c25-be61-45a3-b646-6f467a8932da,2025-04-05,I10,Essential (primary) hypertension,albuterol,Creatinine,0.56
4350d3f1-903b-46d2-bd2c-26626b6cdfb7,88a4efbc-41ea-4c02-a195-abdf34966d1f,2024-10-15,E11,Type 2 diabetes mellitus,ibuprofen,HbA1c,12.3
0965379a-62d1-456e-bb56-3ad2982b4049,88a4efbc-41ea-4c02-a195-abdf34966d1f,2023-07-23,I10,Essential (primary) hypertension,sertraline,Cholesterol,121.51
37e3d104-34ec-4a4c-8b48-3d65177bd889,88a4efbc-41ea-4c02-a195-abdf34966d1f,2019-01-22,J45,Asthma,ibuprofen,HbA1c,12.4
8cccbeb0-c199-4cc4-a99f-67dd03bd132e,88a4efbc-41ea-4c02-a195-abdf34966d1f,2022-07-10,I10,Essential (primary) hypertension,metformin,Cholesterol,221.23
ef82ef76-a3ff-4b5b-ab2b-bdf70a1b359b,88a4efbc-41ea-4c02-a195-abdf34966d1f,2022-10-19,I10,Essential (primary) hypertension,atorvastatin,HbA1c,9.22
ad140511-e19c-4599-a334-86ab4ac1b5ac,d0069c6c-9258-420f-a28c-1b7ad7a54021,2017-12-26,J45,Asthma,metformin,Cholesterol,270.43
194afc07-ba4d-4204-a68b-edf20e64ff3f,d0069c6c-9258-420f-a28c-1b7ad7a54021,2018-04-04,I10,Essential (primary) hypertension,atorvastatin,Cholesterol,262.05
9c3a6dfe-91c1-4286-ba38-8f93058fb792,f536b2c2-d7c8-41c6-9a8c-c3ee20b73ec1,2020-01-03,J45,Asthma,albuterol,Cholesterol,183.59
5bee250a-f3ae-42ff-af2d-8a691040dcca,f536b2c2-d7c8-41c6-9a8c-c3ee20b73ec1,2023-01-28,J45,Asthma,atorvastatin,Creatinine,0.74
874b3821-b496-4c0f-8207-9e1415582503,f536b2c2-d7c8-41c6-9a8c-c3ee20b73ec1,2020-07-16,I10,Essential (primary) hypertension,atorvastatin,WBC,3.33
296cab5a-58ba-45a1-9f6d-4189e80525cb,9473fc5d-b002-4bbf-b66e-b328fd8d4932,2019-02-14,E11,Type 2 diabetes mellitus,lisinopril,HbA1c,13.98
45d86c69-7491-4d8c-a0b9-db60af52a088,0d5deed4-86e1-4077-881a-bcf5d6b94aa2,2024-01-15,R51,Headache,metformin,Creatinine,1.63
c6cf290f-4090-4068-b799-b8b39f581909,0d5deed4-86e1-4077-881a-bcf5d6b94aa2,2018-01-01,J45,Asthma,ibuprofen,WBC,9.47
03372e4c-21ae-47bd-a4a2-0de88952b90d,19864c9f-ca8c-4594-b36a-80384e375861,2021-02-12,E11,Type 2 diabetes mellitus,atorvastatin,Creatinine,1.9
3cd079da-e57a-4e9a-b422-0d0b7fa73bda,19864c9f-ca8c-4594-b36a-80384e375861,2023-05-12,F32,Major depressive disorder,atorvastatin,HbA1c,7.96
0d00f278-4eb7-41b3-8d4b-6129366cf9a6,19864c9f-ca8c-4594-b36a-80384e375861,2021-05-01,I10,Essential (primary) hypertension,albuterol,HbA1c,4.96
ce5ee35a-a336-411c-9374-d280946b0edb,19864c9f-ca8c-4594-b36a-80384e375861,2016-04-12,J45,Asthma,sertraline,WBC,10.31
f472ebf2-6e61-41a0-9d48-60330f226b41,87f4992e-1900-486d-9514-508605e692ba,2018-05-01,F32,Major depressive disorder,atorvastatin,Creatinine,1.12
f331c752-2197-4775-9696-0daa7c8de89c,87f4992e-1900-486d-9514-508605e692ba,2016-07-25,J45,Asthma,atorvastatin,Cholesterol,231.68
f8ba31de-74cd-470f-a87c-9cdee131d321,87f4992e-1900-486d-9514-508605e692ba,2017-04-14,M54,Back pain,atorvastatin,WBC,3.07
61abf223-9040-45da-bcc5-358689ee8f1b,87f4992e-1900-486d-9514-508605e692ba,2016-12-05,I10,Essential (primary) hypertension,albuterol,Cholesterol,118.64
2cc1c617-8dba-405f-9773-632a1c94e3d9,371267fb-ab86-4d83-97f5-39532f730421,2024-01-20,E11,Type 2 diabetes mellitus,lisinopril,WBC,7.62
7d01ddc3-3c1e-4297-b3b1-0d0a903db575,371267fb-ab86-4d83-97f5-39532f730421,2020-02-28,J45,Asthma,lisinopril,WBC,6.76
82972e5d-6521-4df2-a472-f7964032d386,371267fb-ab86-4d83-97f5-39532f730421,2017-01-25,E11,Type 2 diabetes mellitus,atorvastatin,Creatinine,1.54
03c8a711-eef4-497a-93af-78078bfe0dc5,35084ce4-46c7-4ae0-b41b-14586e57ce50,2021-07-13,J45,Asthma,metformin,HbA1c,9.09
80bdda3c-7bff-446a-a67d-ad78ea69a618,35084ce4-46c7-4ae0-b41b-14586e57ce50,2016-06-20,M54,Back pain,lisinopril,WBC,4.33
3caa4e06-9d73-44d8-86b6-f3a4e77b6e82,35084ce4-46c7-4ae0-b41b-14586e57ce50,2018-01-31,R51,Headache,atorvastatin,Creatinine,1.25
3e34df11-87e8-4d46-98f4-e3ab3be82c31,35084ce4-46c7-4ae0-b41b-14586e57ce50,2015-09-27,M54,Back pain,ibuprofen,WBC,6.91
2c27ea17-7241-4d1d-ac91-d346f28f18d6,35084ce4-46c7-4ae0-b41b-14586e57ce50,2017-07-06,E11,Type 2 diabetes mellitus,sertraline,Creatinine,1.26
47d5bb8e-7c67-48e4-a9fa-1035bbde0cbf,597698aa-4a3f-477d-b2de-9fe34866d61f,2025-03-19,J45,Asthma,albuterol,HbA1c,8.37
c7443033-65f7-43db-9cd4-3eb3c7329e5e,597698aa-4a3f-477d-b2de-9fe34866d61f,2018-09-06,E11,Type 2 diabetes mellitus,sertraline,Cholesterol,285.81
d73c5121-445c-48d4-9564-2cad1f39f505,597698aa-4a3f-477d-b2de-9fe34866d61f,2015-10-18,M54,Back pain,ibuprofen,WBC,11.31
8bff1846-bcbe-43b8-a706-756ec85205b3,597698aa-4a3f-477d-b2de-9fe34866d61f,2016-05-08,M54,Back pain,lisinopril,Cholesterol,152.94
0a3f6e98-84fb-4dfd-bcbd-840001224ddb,677eaab0-494d-442d-8d96-1055c7e8ab52,2016-07-21,I10,Essential (primary) hypertension,atorvastatin,Creatinine,1.03
64cb8c16-c4e7-4f3a-a22e-e6f846527d9e,a0898447-7376-4bf2-9b1f-7480bfd0faa1,2019-10-06,I10,Essential (primary) hypertension,metformin,WBC,11.57
6e20050b-7ae9-4367-832b-1b667078ced4,dcd761bc-4cc6-4d0c-9114-70bb88479715,2023-01-13,F32,Major depressive disorder,metformin,Cholesterol,109.55
b457644d-6633-40e7-99c5-a1b403d5cb31,dcd761bc-4cc6-4d0c-9114-70bb88479715,2024-11-10,J45,Asthma,ibuprofen,Cholesterol,103.27
29039f61-7b52-4d76-96d5-902456e86b62,dcd761bc-4cc6-4d0c-9114-70bb88479715,2015-12-22,R51,Headache,atorvastatin,Creatinine,1.63
904c41ad-2b2f-4977-8ca8-e56c918a8d85,dcd761bc-4cc6-4d0c-9114-70bb88479715,2018-04-11,E11,Type 2 diabetes mellitus,sertraline,WBC,7.81
9908caf1-d13c-420d-a538-09cc2226ed5b,09f5c827-884a-445a-ac08-70a106b7240f,2022-06-28,E11,Type 2 diabetes mellitus,lisinopril,Cholesterol,212.15
be49689f-8ad9-4ef9-9b8c-cd08722da23f,09f5c827-884a-445a-ac08-70a106b7240f,2022-01-11,I10,Essential (primary) hypertension,ibuprofen,WBC,3.13
4b5ef05b-3340-41c8-8eb4-09bcafa4ef99,09f5c827-884a-445a-ac08-70a106b7240f,2020-11-23,E11,Type 2 diabetes mellitus,albuterol,WBC,11.52
8947b991-7e83-4944-8989-e758337110da,09f5c827-884a-445a-ac08-70a106b7240f,2025-06-25,E11,Type 2 diabetes mellitus,lisinopril,Creatinine,0.67
411f0250-3b74-4108-a1c9-4d4b4c7d0413,09f5c827-884a-445a-ac08-70a106b7240f,2022-06-08,R51,Headache,albuterol,Cholesterol,132.37
d5b9b966-ccd7-4b38-8182-92f55e7e7ede,822e88f2-73e4-4fbf-8875-451d59fce83a,2023-06-05,R51,Headache,lisinopril,Creatinine,0.56
b756aec1-9e6b-49e4-8485-c8dc7d4754df,822e88f2-73e4-4fbf-8875-451d59fce83a,2022-06-23,J45,Asthma,ibuprofen,HbA1c,5.22
ce1d8e11-cea4-4653-bdf3-b4400939f6bc,822e88f2-73e4-4fbf-8875-451d59fce83a,2023-12-20,E11,Type 2 diabetes mellitus,metformin,WBC,3.59
72bc451f-089c-46d9-8151-b96d2f2e736d,822e88f2-73e4-4fbf-8875-451d59fce83a,2017-01-27,J45,Asthma,lisinopril,HbA1c,11.77
50d29a96-a6f2-42f2-99d6-e3209ff76868,c5a36ff9-3f7f-499f-8e13-cbb34f018f8e,2024-05-08,M54,Back pain,ibuprofen,Cholesterol,202.16
105bf31e-5201-49bd-926d-2549972d278e,c5a36ff9-3f7f-499f-8e13-cbb34f018f8e,2020-04-25,R51,Headache,ibuprofen,Creatinine,1.66
9ec6a3e4-f12f-42e9-b9dd-47e7c02bd943,c5a36ff9-3f7f-499f-8e13-cbb34f018f8e,2021-09-19,E11,Type 2 diabetes mellitus,albuterol,WBC,6.49
bc6f0d98-2f53-43a9-8a25-0e98434943d2,dc419e04-bd6a-4468-a0ca-0f4ab3273747,2019-08-07,J45,Asthma,atorvastatin,HbA1c,13.15
37c6bc60-cc89-4811-b669-6da96a89cc74,dc419e04-bd6a-4468-a0ca-0f4ab3273747,2018-10-04,E11,Type 2 diabetes mellitus,metformin,WBC,4.31
d786fa15-5133-4773-a54e-efccb8a57537,dd328bb3-546a-4efd-b48c-f9e1e568a305,2019-11-10,R51,Headache,ibuprofen,WBC,7.31
f53d9c88-c039-4f0b-9dc2-1f17dc7e6bf0,dd328bb3-546a-4efd-b48c-f9e1e568a305,2017-03-22,R51,Headache,albuterol,HbA1c,7.73
284fdab2-d0c5-4044-84c6-2bd269862ec1,9d97f381-7023-404c-86f8-1550460f087a,2016-10-28,F32,Major depressive disorder,metformin,Cholesterol,142.47
a9d64674-98f4-42a5-bd40-49967749c066,9d97f381-7023-404c-86f8-1550460f087a,2023-08-01,M54,Back pain,atorvastatin,Cholesterol,254.69
df2df08d-1294-4e58-b1ff-4699a6f2c3fb,9d97f381-7023-404c-86f8-1550460f087a,2017-04-30,R51,Headache,metformin,WBC,10.51
8c5b1627-f368-49ec-8fcb-22760852f913,9d97f381-7023-404c-86f8-1550460f087a,2016-12-15,F32,Major depressive disorder,ibuprofen,Cholesterol,177.46
5531648a-cda3-4f8a-889e-e252f6c7e9b0,b4f7d698-44b6-4db3-9477-c7044282f0cc,2023-06-25,E11,Type 2 diabetes mellitus,metformin,Cholesterol,137.62
36f2a768-a73d-4d04-af0c-e1596b9d9db6,b4f7d698-44b6-4db3-9477-c7044282f0cc,2019-04-24,J45,Asthma,metformin,Creatinine,1.44
36f2e5ad-0b1a-44ce-b1c0-6fef9824169b,b4f7d698-44b6-4db3-9477-c7044282f0cc,2021-01-19,R51,Headache,metformin,Creatinine,1.78
e6c0fdf8-dafe-4190-9301-1b9e6710a7d9,bb6693b2-6a59-4991-8158-71d88cf561ee,2024-03-17,E11,Type 2 diabetes mellitus,ibuprofen,HbA1c,10.13
0d31bef6-a26f-4700-8e59-8d5533180516,4aea7881-6ef0-4f51-ab12-5197fb8c9623,2020-03-03,M54,Back pain,ibuprofen,Creatinine,0.59
1e05dfb4-e7cc-44c4-9d9a-59acde717d05,4aea7881-6ef0-4f51-ab12-5197fb8c9623,2016-08-14,E11,Type 2 diabetes mellitus,atorvastatin,Creatinine,0.79
85ce8b7d-267c-4bcf-b069-500e7530a602,4aea7881-6ef0-4f51-ab12-5197fb8c9623,2019-09-10,F32,Major depressive disorder,albuterol,HbA1c,12.66
8fa69417-efe7-4209-9abb-984a89a44555,4aea7881-6ef0-4f51-ab12-5197fb8c9623,2025-02-05,J45,Asthma,atorvastatin,WBC,9.26
bf74fc17-f9c0-4f54-a9c1-e0d5720d316a,86800f93-41aa-4ef0-8763-eec37564ba3c,2023-12-31,J45,Asthma,albuterol,Cholesterol,296.26
456dbace-6e75-4831-8ccc-0ec803b32bb9,86800f93-41aa-4ef0-8763-eec37564ba3c,2019-10-05,J45,Asthma,metformin,Cholesterol,161.68
138890c1-0763-45b4-a727-bb964c695d9f,86800f93-41aa-4ef0-8763-eec37564ba3c,2022-05-08,F32,Major depressive disorder,metformin,HbA1c,13.82
f8ecf798-f9ca-4c2b-8bc3-31e67bf2f5ca,86800f93-41aa-4ef0-8763-eec37564ba3c,2022-01-14,I10,Essential (primary) hypertension,atorvastatin,HbA1c,12.76
80474cf1-4e06-41e8-abe4-903e4dc72ca2,c48398d5-3a44-4b1b-95d0-064a63b932da,2018-12-14,M54,Back pain,metformin,Creatinine,0.58
dccab6c4-41fc-4f73-98dc-fc13eb8de324,c48398d5-3a44-4b1b-95d0-064a63b932da,2022-10-01,J45,Asthma,albuterol,HbA1c,6.23
5e34d41d-f283-4b01-9d88-18a634183ab0,c48398d5-3a44-4b1b-95d0-064a63b932da,2023-05-02,M54,Back pain,metformin,WBC,3.44
d2e5b6f6-ecc9-4894-8187-6e47604c1e93,c48398d5-3a44-4b1b-95d0-064a63b932da,2022-03-22,M54,Back pain,ibuprofen,HbA1c,12.21
f4c9556d-d886-482d-8f86-e6ebaa6801f4,c48398d5-3a44-4b1b-95d0-064a63b932da,2019-07-23,M54,Back pain,atorvastatin,Creatinine,1.85
72478060-0bd1-47ee-b547-63ac6df55ea1,9c13b352-f9a8-452b-9778-15ea2acc353b,2024-08-02,F32,Major depressive disorder,metformin,Creatinine,1.87
87fd0e38-c145-429e-a91e-29eb352db599,9c13b352-f9a8-452b-9778-15ea2acc353b,2020-12-31,E11,Type 2 diabetes mellitus,atorvastatin,Creatinine,0.83
f06b7a14-0d28-4ccb-b31f-9e1cab2cfec3,9c13b352-f9a8-452b-9778-15ea2acc353b,2025-02-16,I10,Essential (primary) hypertension,metformin,HbA1c,13.52
9d49de26-122b-41e5-a5d6-6546afef647f,60642b17-ba1b-4d61-b9dc-c56107db69d1,2025-09-01,E11,Type 2 diabetes mellitus,sertraline,HbA1c,8.96
d762e566-86a0-481c-aab5-00bf3d02d828,60642b17-ba1b-4d61-b9dc-c56107db69d1,2021-08-30,F32,Major depressive disorder,ibuprofen,HbA1c,7.01
f5c6e06b-c8d2-4c6a-9f43-e5238c8c206e,60642b17-ba1b-4d61-b9dc-c56107db69d1,2019-02-01,M54,Back pain,lisinopril,HbA1c,7.67
4f4ce048-9307-4901-be19-d5729a3d87df,60642b17-ba1b-4d61-b9dc-c56107db69d1,2023-08-21,R51,Headache,ibuprofen,HbA1c,10.49
007e312e-336f-478b-943c-ce2686ccb3cd,60642b17-ba1b-4d61-b9dc-c56107db69d1,2025-07-11,F32,Major depressive disorder,lisinopril,WBC,4.52
e52ab00c-3cd2-4499-a8d3-27c015dccdd6,e588c3fc-5cf3-48e3-a921-068bcace99b3,2023-01-14,F32,Major depressive disorder,metformin,Creatinine,1.32
952daf9c-de9f-435a-b849-9b671ce2935a,e588c3fc-5cf3-48e3-a921-068bcace99b3,2017-07-12,I10,Essential (primary) hypertension,sertraline,WBC,3.53
6e6ebdd6-3b02-4735-9815-f00905ba707c,e588c3fc-5cf3-48e3-a921-068bcace99b3,2023-05-07,M54,Back pain,atorvastatin,Cholesterol,138.49
5d510d02-9c77-4bb9-9746-f18439155839,e588c3fc-5cf3-48e3-a921-068bcace99b3,2019-10-18,J45,Asthma,albuterol,WBC,6.64
0db67e26-9c7b-4d0e-b612-655be78b2073,e588c3fc-5cf3-48e3-a921-068bcace99b3,2019-02-02,F32,Major depressive disorder,ibuprofen,Creatinine,0.83
53e5bb96-3cdb-408c-a53d-bd7f16659bf8,a98b0d67-2d81-4d18-a429-2a10712afcbf,2016-02-11,E11,Type 2 diabetes mellitus,atorvastatin,Cholesterol,151.0
affc10f0-4ef4-44a1-8e5a-4b6d69ab43be,a98b0d67-2d81-4d18-a429-2a10712afcbf,2018-12-04,F32,Major depressive disorder,metformin,HbA1c,8.35
c75c223f-4c10-4c7e-9583-df09318669d2,a98b0d67-2d81-4d18-a429-2a10712afcbf,2023-07-27,R51,Headache,albuterol,WBC,8.19
12cdd112-076c-4a45-8ff4-aaeb25be9580,a98b0d67-2d81-4d18-a429-2a10712afcbf,2016-07-31,R51,Headache,ibuprofen,HbA1c,13.69
463a0e2c-36c8-4353-b3cf-43f33f4dc011,a98b0d67-2d81-4d18-a429-2a10712afcbf,2022-12-03,I10,Essential (primary) hypertension,atorvastatin,HbA1c,6.69
71f116d7-aa26-454b-bac1-efc398c8c152,5c70ed35-3715-43bb-a707-e83d99fe7e09,2017-05-11,E11,Type 2 diabetes mellitus,atorvastatin,HbA1c,11.0
f52568b4-e96a-433a-aab5-247a19db0e93,5c70ed35-3715-43bb-a707-e83d99fe7e09,2024-03-22,I10,Essential (primary) hypertension,albuterol,HbA1c,9.96
11b3b145-8e8d-48c5-8879-3f65c9869782,d1afa2e3-c18d-482b-a912-1fc9e2dd85d3,2017-09-02,E11,Type 2 diabetes mellitus,atorvastatin,HbA1c,8.43
3d2223fd-dc3f-4e82-bed1-06529e45c071,d1afa2e3-c18d-482b-a912-1fc9e2dd85d3,2021-11-19,I10,Essential (primary) hypertension,sertraline,WBC,4.32
1963b8bb-42b4-480d-8539-b77214e54db5,bdf050e8-2c7e-46b9-92ba-b520fe2ea466,2015-12-21,J45,Asthma,albuterol,Cholesterol,175.74
c9ed33c0-ec47-4f33-aecb-311835a50e6f,bf2e7e26-9790-458f-8e4f-3b791fff7f76,2018-01-31,J45,Asthma,sertraline,WBC,10.72
7de556c9-4697-4a10-b3f1-6a4296e5f2c8,bf2e7e26-9790-458f-8e4f-3b791fff7f76,2024-01-29,I10,Essential (primary) hypertension,sertraline,Creatinine,0.7
48a69180-8c74-4f31-96d8-3212a0299d46,bf2e7e26-9790-458f-8e4f-3b791fff7f76,2018-03-31,R51,Headache,lisinopril,Cholesterol,197.78
b244e93f-a824-48da-a116-3ba8743b16f8,bf2e7e26-9790-458f-8e4f-3b791fff7f76,2022-08-23,F32,Major depressive disorder,metformin,Creatinine,0.4
03c391e3-4b11-4fbf-8959-7d5f7f927939,bf2e7e26-9790-458f-8e4f-3b791fff7f76,2020-07-07,I10,Essential (primary) hypertension,metformin,HbA1c,11.61
47a52452-def3-4080-bf0c-4cc96174e796,6a25af05-7447-4b34-8559-5e42889af33b,2022-06-21,I10,Essential (primary) hypertension,sertraline,HbA1c,12.87
3137ace9-2c3a-4ca4-a3d2-fbf0883f41b2,6a25af05-7447-4b34-8559-5e42889af33b,2024-02-19,J45,Asthma,albuterol,WBC,6.84
f8912c92-12b1-4d58-840c-df08ecfdc984,6a25af05-7447-4b34-8559-5e42889af33b,2025-07-23,F32,Major depressive disorder,ibuprofen,HbA1c,10.07
faa32b63-a2ca-490a-a934-c153ad3e8168,6a25af05-7447-4b34-8559-5e42889af33b,2021-10-24,J45,Asthma,atorvastatin,WBC,7.04
71d3f525-62be-407c-b739-0634252a7c2d,6a25af05-7447-4b34-8559-5e42889af33b,2017-12-29,J45,Asthma,sertraline,Cholesterol,153.93
f4180e8d-83e8-4c1b-bb10-04cf6f367a4d,2b36042d-3173-478e-a9e0-ddc204d43a06,2023-03-29,F32,Major depressive disorder,lisinopril,HbA1c,11.92
4c95ce08-e1cf-4254-a9b8-2942fb938be9,2b36042d-3173-478e-a9e0-ddc204d43a06,2018-06-24,F32,Major depressive disorder,sertraline,WBC,11.88
e91c9453-169e-4a64-8117-16c360fd96e9,2b36042d-3173-478e-a9e0-ddc204d43a06,2019-07-12,M54,Back pain,atorvastatin,WBC,3.99
8793af06-3555-4754-b4d0-d86e0d3ac3bf,2b36042d-3173-478e-a9e0-ddc204d43a06,2017-08-16,J45,Asthma,ibuprofen,Creatinine,1.5
f0a8086a-dcdb-48bb-9be0-b6e8a052dd24,3c1bb8db-79b5-49c3-8cdf-2644a3026cf6,2016-01-18,R51,Headache,ibuprofen,Creatinine,1.59
f4ef787f-1579-40ee-9009-4fddffd28b59,3c1bb8db-79b5-49c3-8cdf-2644a3026cf6,2025-06-26,E11,Type 2 diabetes mellitus,ibuprofen,HbA1c,6.79
a6858fee-755d-40c2-ae71-5326488e6d92,3c1bb8db-79b5-49c3-8cdf-2644a3026cf6,2022-07-17,J45,Asthma,lisinopril,WBC,8.65
b1077d32-da8a-4fe9-85ee-67355ef49ef0,f68a749d-3d1a-49ed-a725-4435e3809030,2025-09-04,I10,Essential (primary) hypertension,metformin,Creatinine,1.63
8a719837-2876-4a91-aff5-28a7bb426a86,f68a749d-3d1a-49ed-a725-4435e3809030,2017-01-30,M54,Back pain,sertraline,Creatinine,0.4
7b9ebe9b-e7bb-4c56-8b54-f7ffde556e57,f68a749d-3d1a-49ed-a725-4435e3809030,2023-07-18,I10,Essential (primary) hypertension,metformin,Creatinine,1.55
d8aad825-f072-4e66-96ff-3015c24ab9fd,f68a749d-3d1a-49ed-a725-4435e3809030,2020-12-12,J45,Asthma,atorvastatin,Creatinine,1.34
4643ebc8-f5cc-490e-8e59-6e71e7274d80,f68a749d-3d1a-49ed-a725-4435e3809030,2018-08-30,F32,Major depressive disorder,atorvastatin,Creatinine,0.55
28644a37-3e29-4fc6-8a02-c1df815aefdd,81a4ecab-d7e9-4c0d-8c5f-ce8edc7bc56f,2018-09-16,I10,Essential (primary) hypertension,lisinopril,Creatinine,0.47
55d28357-32ee-4944-9aff-efba77e733a6,81a4ecab-d7e9-4c0d-8c5f-ce8edc7bc56f,2021-12-11,J45,Asthma,sertraline,WBC,7.79
053e62ff-9b92-4ab0-afbf-b1232af396fe,81a4ecab-d7e9-4c0d-8c5f-ce8edc7bc56f,2020-03-08,I10,Essential (primary) hypertension,sertraline,HbA1c,11.05
3ef7bf2a-cf9b-4141-a622-53bfbf700c5e,81a4ecab-d7e9-4c0d-8c5f-ce8edc7bc56f,2024-07-22,M54,Back pain,lisinopril,WBC,6.7
c7ac22a5-d670-4be9-bf4e-b859488db9ca,71e3bdc8-8bd6-4c5f-a5fe-1f1857200fce,2023-06-01,F32,Major depressive disorder,sertraline,HbA1c,5.47
96d33dcb-e8b7-4f02-a341-437390938586,0a57917b-6c05-4215-a5e6-0e22ec9d8f18,2020-10-06,R51,Headache,lisinopril,WBC,9.64
cf3825b5-ed9e-4018-a990-b7a5b3e62257,0a57917b-6c05-4215-a5e6-0e22ec9d8f18,2023-04-07,J45,Asthma,metformin,HbA1c,6.94
648df6c3-56b4-47ad-99be-531da42e1120,0a57917b-6c05-4215-a5e6-0e22ec9d8f18,2019-02-15,F32,Major depressive disorder,metformin,Creatinine,1.43
9bf3ca44-3b61-4d0d-b6d6-33b769164f1f,0a57917b-6c05-4215-a5e6-0e22ec9d8f18,2015-09-26,F32,Major depressive disorder,lisinopril,HbA1c,7.74
49ad7c27-58e0-4d2d-a5ef-9278c73f66b0,0a57917b-6c05-4215-a5e6-0e22ec9d8f18,2023-01-22,M54,Back pain,metformin,HbA1c,12.15
5ead2e27-0afe-4b4d-86e9-ec606cae3825,13079d9d-a215-41f7-beef-28f3f4b52f85,2019-09-10,R51,Headache,atorvastatin,WBC,3.4
f053c7b1-7f7f-4a18-8809-420eed26d9d5,13079d9d-a215-41f7-beef-28f3f4b52f85,2017-12-26,J45,Asthma,ibuprofen,WBC,8.92
9a7e2fc8-d88c-4b45-bab9-068079455e98,13079d9d-a215-41f7-beef-28f3f4b52f85,2017-11-28,R51,Headache,metformin,Cholesterol,263.41
3d424769-6ac0-4a9d-9117-dced4cea0659,13079d9d-a215-41f7-beef-28f3f4b52f85,2023-04-15,F32,Major depressive disorder,albuterol,HbA1c,5.34
3bc7562c-b81b-4d56-a426-335dd2b3801c,13079d9d-a215-41f7-beef-28f3f4b52f85,2019-03-06,I10,Essential (primary) hypertension,ibuprofen,Creatinine,0.4
0f29c35a-30b6-426c-8740-10bea0d44a64,48554486-be31-4e29-807e-22c8f06c07e0,2021-09-17,F32,Major depressive disorder,ibuprofen,WBC,3.24
bfa01801-2306-44e8-b468-866f98a80549,48554486-be31-4e29-807e-22c8f06c07e0,2024-08-14,R51,Headache,ibuprofen,HbA1c,10.84
7994cd44-4f69-4e6a-8c9c-037b4c1c855d,48554486-be31-4e29-807e-22c8f06c07e0,2023-07-22,I10,Essential (primary) hypertension,lisinopril,WBC,9.64
8e055e6f-c368-43bf-8ea8-6707d001ca18,2cd09539-7bb2-44ff-a3e6-ce0fee57e82f,2023-07-08,I10,Essential (primary) hypertension,lisinopril,WBC,5.65
4932c85c-6617-4291-b8f8-b1cec4f24ccd,2cd09539-7bb2-44ff-a3e6-ce0fee57e82f,2025-01-10,R51,Headache,sertraline,WBC,8.57
04582a97-80c9-45d5-9958-f9c4cb20d309,c2791f85-dcd1-40ed-a427-dd0c87e44cb9,2024-05-23,R51,Headache,atorvastatin,WBC,6.3
47c4405e-7fc3-46b8-beff-8e971fbfeaa2,d8bd06af-c352-495f-87af-0101d79124dc,2016-05-08,R51,Headache,sertraline,WBC,9.19
dabd880d-302b-4b1d-8a79-acb2b60f5062,d8bd06af-c352-495f-87af-0101d79124dc,2016-05-13,I10,Essential (primary) hypertension,sertraline,Cholesterol,101.52
88ef9b69-0d6c-42ef-9dd8-19b7b516ddc6,d8bd06af-c352-495f-87af-0101d79124dc,2021-07-06,E11,Type 2 diabetes mellitus,ibuprofen,WBC,9.16
43a84cb3-c337-422b-904c-3db0c1021750,50b6b604-46ba-42d1-8662-7445b61b7358,2024-06-30,E11,Type 2 diabetes mellitus,lisinopril,WBC,3.66
5b9880d1-60ce-45da-b01e-58d68f412409,50b6b604-46ba-42d1-8662-7445b61b7358,2021-01-21,E11,Type 2 diabetes mellitus,sertraline,WBC,9.3
af409d17-44ab-4764-9682-a0ea79e1dfff,50b6b604-46ba-42d1-8662-7445b61b7358,2023-11-07,J45,Asthma,atorvastatin,Creatinine,1.82
3ecc60cb-4bb1-406f-b44d-43dfac04d759,50b6b604-46ba-42d1-8662-7445b61b7358,2023-12-13,M54,Back pain,ibuprofen,WBC,11.58
f30214d4-4694-4a3d-b4ec-1d3359be183d,e5fbc7e7-c057-4bda-bef8-dd65a3b3f870,2023-10-13,M54,Back pain,sertraline,Creatinine,0.91
5c021339-c11b-4f6e-8c47-4bef1d59c636,e5fbc7e7-c057-4bda-bef8-dd65a3b3f870,2018-11-30,I10,Essential (primary) hypertension,atorvastatin,HbA1c,6.36
2a8ee292-ed9c-4976-9a60-639502e60e21,e5fbc7e7-c057-4bda-bef8-dd65a3b3f870,2022-05-26,F32,Major depressive disorder,ibuprofen,Cholesterol,285.45
6c5952b1-94e4-4d7f-8977-88cb7215ef33,e5fbc7e7-c057-4bda-bef8-dd65a3b3f870,2015-11-27,M54,Back pain,metformin,WBC,11.11
0c7724c9-33c5-4d2d-8731-d80ea712eb78,20b9a767-ee7a-43e7-85f2-e93a06d7c7ea,2017-06-13,R51,Headache,ibuprofen,HbA1c,9.82
0f86451a-021c-4c1c-a213-377d55d7f2a2,20b9a767-ee7a-43e7-85f2-e93a06d7c7ea,2021-04-15,R51,Headache,ibuprofen,WBC,3.48
77714805-5492-4558-98be-916292d6e396,66300836-202e-43ef-94f3-65db1c1d6f3f,2019-09-02,I10,Essential (primary) hypertension,lisinopril,WBC,11.17
36be1538-39a4-4b83-a297-2335b0cd9f1e,66300836-202e-43ef-94f3-65db1c1d6f3f,2020-01-05,M54,Back pain,ibuprofen,HbA1c,6.79
93548c0a-82e9-42b8-b511-b708a4106a3d,607808d5-dceb-45d6-b65b-d64e40796764,2024-10-10,J45,Asthma,ibuprofen,HbA1c,6.97
3244e073-d809-422e-bc3f-f4666f7354aa,607808d5-dceb-45d6-b65b-d64e40796764,2021-12-27,M54,Back pain,lisinopril,WBC,3.4
c4ea022f-606f-4f9c-a7d6-cbdba6d0c06e,607808d5-dceb-45d6-b65b-d64e40796764,2020-03-18,I10,Essential (primary) hypertension,lisinopril,WBC,9.29
ad3684d9-1988-4813-bd18-f9461d536bf7,607808d5-dceb-45d6-b65b-d64e40796764,2024-09-16,M54,Back pain,lisinopril,Cholesterol,114.29
98cc5cfb-ee5f-46d5-b140-feff342e524a,607808d5-dceb-45d6-b65b-d64e40796764,2017-08-18,R51,Headache,ibuprofen,HbA1c,11.51
aa6a433c-a024-4eff-803e-3cab5e6180d0,7e4da141-7de6-4531-bdb2-861ef6b7997e,2020-07-18,I10,Essential (primary) hypertension,atorvastatin,Creatinine,1.99
0d84773d-e936-40ff-98e6-86102e9e89e5,7e4da141-7de6-4531-bdb2-861ef6b7997e,2021-12-04,E11,Type 2 diabetes mellitus,metformin,HbA1c,11.91
957e6021-b3ca-4cfb-b3cb-210d86594650,7e4da141-7de6-4531-bdb2-861ef6b7997e,2017-01-07,R51,Headache,atorvastatin,HbA1c,12.7
4001619d-967d-4a88-a9f0-32e84c10f363,6ccbb2a4-231b-42da-8a74-38ff8cb7c132,2024-10-10,J45,Asthma,lisinopril,HbA1c,5.29
235f6d4b-06aa-47af-a7dd-f1e733cfae1a,3fef16e0-900b-4a0d-a1a4-cf9368ad00fe,2020-04-27,E11,Type 2 diabetes mellitus,sertraline,Creatinine,0.49
21b66ae4-9d45-4398-809c-494dd64c128a,3fef16e0-900b-4a0d-a1a4-cf9368ad00fe,2018-08-22,R51,Headache,ibuprofen,HbA1c,11.33
376e1633-ebcf-4b3b-b6cc-99692ddf375e,918c2423-7adb-43a1-807d-e67d8b02965d,2022-03-16,F32,Major depressive disorder,atorvastatin,HbA1c,12.05
b969c925-2da2-41fc-a3b6-a5356007ad3d,918c2423-7adb-43a1-807d-e67d8b02965d,2020-01-23,R51,Headache,albuterol,Creatinine,0.82
52aa469b-42c2-4f29-8cf9-6b6771743952,918c2423-7adb-43a1-807d-e67d8b02965d,2024-10-04,M54,Back pain,lisinopril,Cholesterol,157.44
3fc1c7ab-d955-4157-a64f-f2996325aaec,cf1f777f-0558-4184-9032-747104753a2b,2017-02-06,E11,Type 2 diabetes mellitus,lisinopril,WBC,10.42
a613c8d7-76ff-4ada-b034-e2ecbaf569b2,cf1f777f-0558-4184-9032-747104753a2b,2022-06-22,M54,Back pain,ibuprofen,HbA1c,7.48
c9f87dcb-9f08-4eae-bd4b-885a57123f89,cf1f777f-0558-4184-9032-747104753a2b,2020-06-15,E11,Type 2 diabetes mellitus,ibuprofen,Cholesterol,193.46
8665604b-91aa-4f6f-a3a7-2d30713dbc4f,cf1f777f-0558-4184-9032-747104753a2b,2025-03-21,M54,Back pain,metformin,HbA1c,10.79
723689f6-27c6-4596-8004-e9be369850cf,cf1f777f-0558-4184-9032-747104753a2b,2015-10-12,I10,Essential (primary) hypertension,sertraline,Creatinine,1.42
a4e78457-6a2e-46eb-9e58-e05d783a2441,913ac8a9-638c-4864-93ab-7e860186a369,2021-08-29,R51,Headache,ibuprofen,Creatinine,1.25
03a41a3a-9a62-4494-a3c8-d4fda4eb1f21,b100d1f6-39eb-4c6b-9fe3-b206044f80b9,2021-06-23,M54,Back pain,metformin,WBC,6.72
4478bd66-0544-4840-8078-b78c55ff0ae7,b100d1f6-39eb-4c6b-9fe3-b206044f80b9,2016-10-07,J45,Asthma,ibuprofen,WBC,11.92
8ed193b1-787f-4301-a03e-e2b98ff9d6a9,b100d1f6-39eb-4c6b-9fe3-b206044f80b9,2021-07-27,R51,Headache,metformin,Creatinine,0.9
98e1414f-935e-4bb3-9bef-c18da3c48dec,b100d1f6-39eb-4c6b-9fe3-b206044f80b9,2023-10-21,M54,Back pain,sertraline,HbA1c,9.75
3e2f8050-4ecd-46d8-8071-0b93ef37b4e4,798d969a-4bd6-4337-b6df-a1e2b7f4428b,2018-09-14,F32,Major depressive disorder,metformin,Cholesterol,141.58
fb1045d4-1449-459a-9d0d-42382db97092,086a159e-b3dd-4a82-8b6b-0c71fcb02c37,2018-12-17,M54,Back pain,ibuprofen,Cholesterol,223.62
45021d33-5ce1-4604-9524-811e2365e1dd,086a159e-b3dd-4a82-8b6b-0c71fcb02c37,2016-11-22,E11,Type 2 diabetes mellitus,ibuprofen,WBC,4.13
5320f24f-2c52-496b-ac09-41c7488c8dbf,086a159e-b3dd-4a82-8b6b-0c71fcb02c37,2025-01-12,J45,Asthma,metformin,HbA1c,12.72
974a399f-96e1-44ce-9868-8046ba632758,086a159e-b3dd-4a82-8b6b-0c71fcb02c37,2022-11-17,M54,Back pain,metformin,HbA1c,6.99
fc92c5b3-5876-4add-9be6-cf7be90b81a0,c78ca217-f343-4d3a-b227-42c6cc01b13e,2016-02-07,R51,Headache,lisinopril,Cholesterol,199.69
663867bb-c4ce-456b-99b9-5a4f10368c99,c78ca217-f343-4d3a-b227-42c6cc01b13e,2022-12-03,M54,Back pain,lisinopril,Cholesterol,243.64
3494417f-fe63-4cb9-ac47-74dda5b09328,c78ca217-f343-4d3a-b227-42c6cc01b13e,2023-08-11,M54,Back pain,atorvastatin,HbA1c,8.3
bb232b72-3871-4cf0-afab-86b2d3bbf6d7,f9a92d5f-45f6-45b2-9599-d8e7d666f861,2023-12-23,R51,Headache,metformin,WBC,9.27
c14c7951-302b-4edf-b1b9-1e3fd45389b4,f9a92d5f-45f6-45b2-9599-d8e7d666f861,2018-10-09,R51,Headache,albuterol,WBC,7.7
b35ab74e-2626-47e3-b193-f28dad58fcf4,f6afb5b6-e323-4dd6-bd25-93b9c754d58b,2021-02-21,J45,Asthma,lisinopril,HbA1c,6.81
fc14fa52-9f75-44f8-9dbd-1a0fc3ee5492,f6afb5b6-e323-4dd6-bd25-93b9c754d58b,2021-01-02,R51,Headache,lisinopril,Creatinine,1.56
97cbf812-1e08-4c87-a2a5-e1b6a411a6bd,f6afb5b6-e323-4dd6-bd25-93b9c754d58b,2016-03-27,M54,Back pain,sertraline,WBC,3.94
b907c207-f8b7-4d07-b52b-93c3c53da7b3,f438e2af-74df-4b88-a7a6-bb2e4834eef7,2024-10-16,F32,Major depressive disorder,metformin,Cholesterol,158.33
9e41125e-383e-496c-9e46-e294ff196e86,f438e2af-74df-4b88-a7a6-bb2e4834eef7,2018-08-18,F32,Major depressive disorder,lisinopril,Creatinine,1.91
6f14c627-e060-4703-9041-8aab260ced1b,f438e2af-74df-4b88-a7a6-bb2e4834eef7,2021-07-10,J45,Asthma,metformin,WBC,6.63
1c577e84-139b-46e5-8f76-45dbb373a4f9,277abddf-25f8-48b9-ade7-6aea8ef9c8dd,2017-08-17,R51,Headache,albuterol,Creatinine,1.27
06095ace-5640-41db-b77e-b5590ad108e1,277abddf-25f8-48b9-ade7-6aea8ef9c8dd,2023-08-14,J45,Asthma,lisinopril,HbA1c,10.85
448ab895-f0be-4541-8bd0-c0c3bd685ff3,26eed879-2adc-4cb5-8529-9e947568aa27,2021-06-25,J45,Asthma,sertraline,Creatinine,1.78
e4c5c5a0-cb19-4563-9021-cec73a848e0e,26eed879-2adc-4cb5-8529-9e947568aa27,2019-12-17,M54,Back pain,ibuprofen,HbA1c,11.83
b5a6f48d-de0b-4fc4-93b1-520adf145300,26eed879-2adc-4cb5-8529-9e947568aa27,2017-07-08,E11,Type 2 diabetes mellitus,albuterol,WBC,8.0
8a5e2b2c-231e-4953-a44b-d50cd9f74391,26eed879-2adc-4cb5-8529-9e947568aa27,2020-02-05,M54,Back pain,lisinopril,Creatinine,0.93
a91d8925-0ad6-4fcf-bebf-89b2c8e1cbb8,d695c9c3-9ad4-49d6-a1a1-7c7cae14dca8,2020-06-28,M54,Back pain,atorvastatin,HbA1c,10.9
52cabff0-2d92-437c-ad0e-fcada633ad40,d695c9c3-9ad4-49d6-a1a1-7c7cae14dca8,2021-11-25,E11,Type 2 diabetes mellitus,albuterol,HbA1c,13.93
2cac70f6-902d-4371-b9da-4443b21814ce,e8afa64b-89ed-4ee3-baac-57868baa5219,2023-01-13,I10,Essential (primary) hypertension,lisinopril,WBC,11.73
f97f981c-7fa0-4032-9923-99e38d535e6b,e8afa64b-89ed-4ee3-baac-57868baa5219,2016-06-22,J45,Asthma,lisinopril,Creatinine,1.34
e8d5212f-73af-41b9-a921-b83a8ede28fe,e8afa64b-89ed-4ee3-baac-57868baa5219,2015-10-22,R51,Headache,metformin,Cholesterol,245.69
e6275014-4e1e-4072-b89a-7e1d08bb69a8,0f05d406-dfd9-4e33-bc54-8f377305f99c,2016-09-03,E11,Type 2 diabetes mellitus,metformin,HbA1c,11.26
0972d9e3-d3bb-4e2d-b27d-d7200c7e839d,0f05d406-dfd9-4e33-bc54-8f377305f99c,2020-08-12,M54,Back pain,sertraline,HbA1c,9.67
dc44eb99-7ef4-44fc-b66e-6c17815057ed,1d79accd-9892-46a3-84f2-114548403441,2023-06-27,I10,Essential (primary) hypertension,ibuprofen,HbA1c,10.49
f774ca48-d495-4997-b50a-046dd3217ced,1d79accd-9892-46a3-84f2-114548403441,2023-06-30,F32,Major depressive disorder,lisinopril,WBC,6.64
d61d7fb6-abf2-4a05-b97b-abd985cf6903,1d79accd-9892-46a3-84f2-114548403441,2022-02-02,I10,Essential (primary) hypertension,metformin,Cholesterol,270.96
39d0621f-b351-4213-9790-c8e1ab395586,1d79accd-9892-46a3-84f2-114548403441,2017-08-08,E11,Type 2 diabetes mellitus,metformin,Cholesterol,251.68
19997afe-9759-4471-ad45-d3d25273310c,1d79accd-9892-46a3-84f2-114548403441,2022-01-15,F32,Major depressive disorder,metformin,Cholesterol,292.15
70c44cb7-cab0-468a-bb6a-32e35c2395d7,11329377-e732-490c-a898-3a97f8b07d31,2016-12-23,M54,Back pain,atorvastatin,HbA1c,4.6
b4ee4ab5-5f58-4597-8e3f-bd3c87cfb0a5,11329377-e732-490c-a898-3a97f8b07d31,2023-08-22,I10,Essential (primary) hypertension,metformin,HbA1c,10.07
076c9a75-a57f-4c88-bcb5-4ebe4f63ec65,11329377-e732-490c-a898-3a97f8b07d31,2021-12-17,F32,Major depressive disorder,metformin,WBC,10.54
336b7280-6768-4bb2-9b34-cebf28a8fc41,11329377-e732-490c-a898-3a97f8b07d31,2019-11-03,E11,Type 2 diabetes mellitus,lisinopril,Cholesterol,166.77
